ISO-10303-21;
HEADER;
FILE_DESCRIPTION(('Open CASCADE Model'),'2;1');
FILE_NAME('Open CASCADE Shape Model','2026-08-26T00:47:57',('Author'),(
    'Open CASCADE'),'Open CASCADE STEP processor 7.9','Open CASCADE 7.9'
  ,'Unknown');
FILE_SCHEMA(('AUTOMOTIVE_DESIGN { 1 0 10303 214 1 1 1 1 }'));
ENDSEC;
DATA;
#1 = APPLICATION_PROTOCOL_DEFINITION('international standard',
  'automotive_design',2000,#2);
#2 = APPLICATION_CONTEXT(
  'core data for automotive mechanical design processes');
#3 = SHAPE_DEFINITION_REPRESENTATION(#4,#10);
#4 = PRODUCT_DEFINITION_SHAPE('','',#5);
#5 = PRODUCT_DEFINITION('design','',#6,#9);
#6 = PRODUCT_DEFINITION_FORMATION('','',#7);
#7 = PRODUCT('Open CASCADE STEP translator 7.9 2',
  'Open CASCADE STEP translator 7.9 2','',(#8));
#8 = PRODUCT_CONTEXT('',#2,'mechanical');
#9 = PRODUCT_DEFINITION_CONTEXT('part definition',#2,'design');
#10 = ADVANCED_BREP_SHAPE_REPRESENTATION('',(#11,#15),#6870);
#11 = AXIS2_PLACEMENT_3D('',#12,#13,#14);
#12 = CARTESIAN_POINT('',(0.,0.,0.));
#13 = DIRECTION('',(0.,0.,1.));
#14 = DIRECTION('',(1.,0.,-0.));
#15 = MANIFOLD_SOLID_BREP('',#16);
#16 = CLOSED_SHELL('',(#17,#2701,#2756,#2783,#2815,#3472,#3500,#3505,
    #3533,#3538,#3566,#3571,#3599,#3604,#3632,#3637,#3665,#3670,#3698,
    #3703,#3731,#3736,#3764,#3769,#3797,#3802,#3830,#3835,#3863,#3868,
    #3896,#3901,#3929,#3934,#3962,#3967,#3995,#4000,#4028,#4033,#4061,
    #4066,#4094,#4099,#4127,#4132,#4160,#4165,#4193,#4198,#4226,#4231,
    #4235,#4290,#4889,#5341,#6007,#6133,#6562,#6701,#6728,#6755,#6858,
    #6866));
#17 = ADVANCED_FACE('',(#18),#32,.T.);
#18 = FACE_BOUND('',#19,.F.);
#19 = EDGE_LOOP('',(#20,#50,#83,#111,#140,#168,#201,#224,#248,#276,#309,
    #332,#356,#384,#417,#440,#464,#492,#525,#548,#572,#600,#633,#656,
    #680,#708,#741,#764,#788,#816,#849,#872,#896,#924,#957,#980,#1004,
    #1032,#1065,#1088,#1112,#1140,#1173,#1196,#1220,#1248,#1281,#1304,
    #1328,#1356,#1389,#1412,#1436,#1464,#1497,#1520,#1544,#1572,#1605,
    #1628,#1652,#1680,#1713,#1736,#1760,#1788,#1821,#1844,#1868,#1896,
    #1929,#1952,#1976,#2004,#2037,#2060,#2084,#2112,#2145,#2168,#2192,
    #2220,#2253,#2276,#2300,#2328,#2361,#2384,#2408,#2436,#2469,#2492,
    #2516,#2544,#2577,#2600,#2624,#2647,#2673,#2674));
#20 = ORIENTED_EDGE('',*,*,#21,.F.);
#21 = EDGE_CURVE('',#22,#24,#26,.T.);
#22 = VERTEX_POINT('',#23);
#23 = CARTESIAN_POINT('',(12.,-1.567547902909E-15,2.2));
#24 = VERTEX_POINT('',#25);
#25 = CARTESIAN_POINT('',(12.,-1.738998454789E-15,0.8));
#26 = SEAM_CURVE('',#27,(#31,#43),.PCURVE_S1.);
#27 = LINE('',#28,#29);
#28 = CARTESIAN_POINT('',(12.,0.,15.));
#29 = VECTOR('',#30,1.);
#30 = DIRECTION('',(0.,-1.224646799147E-16,-1.));
#31 = PCURVE('',#32,#37);
#32 = CYLINDRICAL_SURFACE('',#33,12.);
#33 = AXIS2_PLACEMENT_3D('',#34,#35,#36);
#34 = CARTESIAN_POINT('',(0.,0.,15.));
#35 = DIRECTION('',(-0.,1.224646799147E-16,1.));
#36 = DIRECTION('',(1.,0.,0.));
#37 = DEFINITIONAL_REPRESENTATION('',(#38),#42);
#38 = LINE('',#39,#40);
#39 = CARTESIAN_POINT('',(-6.28318530718,0.));
#40 = VECTOR('',#41,1.);
#41 = DIRECTION('',(-0.,-1.));
#42 = ( GEOMETRIC_REPRESENTATION_CONTEXT(2) 
PARAMETRIC_REPRESENTATION_CONTEXT() REPRESENTATION_CONTEXT('2D SPACE',''
  ) );
#43 = PCURVE('',#32,#44);
#44 = DEFINITIONAL_REPRESENTATION('',(#45),#49);
#45 = LINE('',#46,#47);
#46 = CARTESIAN_POINT('',(-0.,0.));
#47 = VECTOR('',#48,1.);
#48 = DIRECTION('',(-0.,-1.));
#49 = ( GEOMETRIC_REPRESENTATION_CONTEXT(2) 
PARAMETRIC_REPRESENTATION_CONTEXT() REPRESENTATION_CONTEXT('2D SPACE',''
  ) );
#50 = ORIENTED_EDGE('',*,*,#51,.T.);
#51 = EDGE_CURVE('',#22,#52,#54,.T.);
#52 = VERTEX_POINT('',#53);
#53 = CARTESIAN_POINT('',(11.970731707317,0.837605152464,2.2));
#54 = SURFACE_CURVE('',#55,(#60,#67),.PCURVE_S1.);
#55 = CIRCLE('',#56,12.);
#56 = AXIS2_PLACEMENT_3D('',#57,#58,#59);
#57 = CARTESIAN_POINT('',(0.,-1.567547902909E-15,2.2));
#58 = DIRECTION('',(-0.,1.224646799147E-16,1.));
#59 = DIRECTION('',(1.,0.,0.));
#60 = PCURVE('',#32,#61);
#61 = DEFINITIONAL_REPRESENTATION('',(#62),#66);
#62 = LINE('',#63,#64);
#63 = CARTESIAN_POINT('',(-6.28318530718,-12.8));
#64 = VECTOR('',#65,1.);
#65 = DIRECTION('',(1.,-0.));
#66 = ( GEOMETRIC_REPRESENTATION_CONTEXT(2) 
PARAMETRIC_REPRESENTATION_CONTEXT() REPRESENTATION_CONTEXT('2D SPACE',''
  ) );
#67 = PCURVE('',#68,#73);
#68 = PLANE('',#69);
#69 = AXIS2_PLACEMENT_3D('',#70,#71,#72);
#70 = CARTESIAN_POINT('',(12.3,-1.578289059092E-15,2.2));
#71 = DIRECTION('',(0.,-1.224646799147E-16,-1.));
#72 = DIRECTION('',(1.,0.,0.));
#73 = DEFINITIONAL_REPRESENTATION('',(#74),#82);
#74 = ( BOUNDED_CURVE() B_SPLINE_CURVE(2,(#75,#76,#77,#78,#79,#80,#81),
.UNSPECIFIED.,.T.,.F.) B_SPLINE_CURVE_WITH_KNOTS((1,2,2,2,2,1),(
    -2.094395102393,0.,2.094395102393,4.188790204786,6.28318530718,
8.377580409573),.UNSPECIFIED.) CURVE() GEOMETRIC_REPRESENTATION_ITEM() 
RATIONAL_B_SPLINE_CURVE((1.,0.5,1.,0.5,1.,0.5,1.)) REPRESENTATION_ITEM(
  '') );
#75 = CARTESIAN_POINT('',(-0.3,-1.07411561832E-17));
#76 = CARTESIAN_POINT('',(-0.3,-20.78460969082));
#77 = CARTESIAN_POINT('',(-18.3,-10.39230484541));
#78 = CARTESIAN_POINT('',(-36.3,-2.949893474137E-15));
#79 = CARTESIAN_POINT('',(-18.3,10.392304845413));
#80 = CARTESIAN_POINT('',(-0.3,20.784609690827));
#81 = CARTESIAN_POINT('',(-0.3,-1.07411561832E-17));
#82 = ( GEOMETRIC_REPRESENTATION_CONTEXT(2) 
PARAMETRIC_REPRESENTATION_CONTEXT() REPRESENTATION_CONTEXT('2D SPACE',''
  ) );
#83 = ORIENTED_EDGE('',*,*,#84,.T.);
#84 = EDGE_CURVE('',#52,#85,#87,.T.);
#85 = VERTEX_POINT('',#86);
#86 = CARTESIAN_POINT('',(11.970731707317,0.837605152464,15.));
#87 = SURFACE_CURVE('',#88,(#92,#99),.PCURVE_S1.);
#88 = LINE('',#89,#90);
#89 = CARTESIAN_POINT('',(11.970731707317,0.837605152464,15.));
#90 = VECTOR('',#91,1.);
#91 = DIRECTION('',(-0.,1.224646799147E-16,1.));
#92 = PCURVE('',#32,#93);
#93 = DEFINITIONAL_REPRESENTATION('',(#94),#98);
#94 = LINE('',#95,#96);
#95 = CARTESIAN_POINT('',(-6.213328074069,0.));
#96 = VECTOR('',#97,1.);
#97 = DIRECTION('',(-0.,1.));
#98 = ( GEOMETRIC_REPRESENTATION_CONTEXT(2) 
PARAMETRIC_REPRESENTATION_CONTEXT() REPRESENTATION_CONTEXT('2D SPACE',''
  ) );
#99 = PCURVE('',#100,#105);
#100 = CYLINDRICAL_SURFACE('',#101,0.9);
#101 = AXIS2_PLACEMENT_3D('',#102,#103,#104);
#102 = CARTESIAN_POINT('',(12.3,1.224646799147E-16,16.));
#103 = DIRECTION('',(-0.,1.224646799147E-16,1.));
#104 = DIRECTION('',(1.,0.,0.));
#105 = DEFINITIONAL_REPRESENTATION('',(#106),#110);
#106 = LINE('',#107,#108);
#107 = CARTESIAN_POINT('',(-4.337839093259,-1.));
#108 = VECTOR('',#109,1.);
#109 = DIRECTION('',(-0.,1.));
#110 = ( GEOMETRIC_REPRESENTATION_CONTEXT(2) 
PARAMETRIC_REPRESENTATION_CONTEXT() REPRESENTATION_CONTEXT('2D SPACE',''
  ) );
#111 = ORIENTED_EDGE('',*,*,#112,.F.);
#112 = EDGE_CURVE('',#113,#85,#115,.T.);
#113 = VERTEX_POINT('',#114);
#114 = CARTESIAN_POINT('',(11.779627081409,2.289188900669,15.));
#115 = SURFACE_CURVE('',#116,(#121,#128),.PCURVE_S1.);
#116 = CIRCLE('',#117,12.);
#117 = AXIS2_PLACEMENT_3D('',#118,#119,#120);
#118 = CARTESIAN_POINT('',(0.,0.,15.));
#119 = DIRECTION('',(0.,-1.224646799147E-16,-1.));
#120 = DIRECTION('',(1.,0.,0.));
#121 = PCURVE('',#32,#122);
#122 = DEFINITIONAL_REPRESENTATION('',(#123),#127);
#123 = LINE('',#124,#125);
#124 = CARTESIAN_POINT('',(-0.,0.));
#125 = VECTOR('',#126,1.);
#126 = DIRECTION('',(-1.,0.));
#127 = ( GEOMETRIC_REPRESENTATION_CONTEXT(2) 
PARAMETRIC_REPRESENTATION_CONTEXT() REPRESENTATION_CONTEXT('2D SPACE',''
  ) );
#128 = PCURVE('',#129,#134);
#129 = PLANE('',#130);
#130 = AXIS2_PLACEMENT_3D('',#131,#132,#133);
#131 = CARTESIAN_POINT('',(-6.837200662697E-16,3.40453421458E-17,15.));
#132 = DIRECTION('',(0.,-1.224646799147E-16,-1.));
#133 = DIRECTION('',(1.,0.,0.));
#134 = DEFINITIONAL_REPRESENTATION('',(#135),#139);
#135 = CIRCLE('',#136,12.);
#136 = AXIS2_PLACEMENT_2D('',#137,#138);
#137 = CARTESIAN_POINT('',(6.837200662697E-16,3.40453421458E-17));
#138 = DIRECTION('',(1.,0.));
#139 = ( GEOMETRIC_REPRESENTATION_CONTEXT(2) 
PARAMETRIC_REPRESENTATION_CONTEXT() REPRESENTATION_CONTEXT('2D SPACE',''
  ) );
#140 = ORIENTED_EDGE('',*,*,#141,.F.);
#141 = EDGE_CURVE('',#142,#113,#144,.T.);
#142 = VERTEX_POINT('',#143);
#143 = CARTESIAN_POINT('',(11.779627081409,2.289188900669,2.2));
#144 = SURFACE_CURVE('',#145,(#149,#156),.PCURVE_S1.);
#145 = LINE('',#146,#147);
#146 = CARTESIAN_POINT('',(11.779627081409,2.289188900669,15.));
#147 = VECTOR('',#148,1.);
#148 = DIRECTION('',(-0.,1.224646799147E-16,1.));
#149 = PCURVE('',#32,#150);
#150 = DEFINITIONAL_REPRESENTATION('',(#151),#155);
#151 = LINE('',#152,#153);
#152 = CARTESIAN_POINT('',(-6.091243152491,0.));
#153 = VECTOR('',#154,1.);
#154 = DIRECTION('',(-0.,1.));
#155 = ( GEOMETRIC_REPRESENTATION_CONTEXT(2) 
PARAMETRIC_REPRESENTATION_CONTEXT() REPRESENTATION_CONTEXT('2D SPACE',''
  ) );
#156 = PCURVE('',#157,#162);
#157 = CYLINDRICAL_SURFACE('',#158,0.9);
#158 = AXIS2_PLACEMENT_3D('',#159,#160,#161);
#159 = CARTESIAN_POINT('',(11.880887663356,3.183474254761,16.));
#160 = DIRECTION('',(0.,1.224646799147E-16,1.));
#161 = DIRECTION('',(0.965925826289,0.258819045103,-3.169619151432E-17)
  );
#162 = DEFINITIONAL_REPRESENTATION('',(#163),#167);
#163 = LINE('',#164,#165);
#164 = CARTESIAN_POINT('',(-1.945346213921,-1.));
#165 = VECTOR('',#166,1.);
#166 = DIRECTION('',(-0.,1.));
#167 = ( GEOMETRIC_REPRESENTATION_CONTEXT(2) 
PARAMETRIC_REPRESENTATION_CONTEXT() REPRESENTATION_CONTEXT('2D SPACE',''
  ) );
#168 = ORIENTED_EDGE('',*,*,#169,.T.);
#169 = EDGE_CURVE('',#142,#170,#172,.T.);
#170 = VERTEX_POINT('',#171);
#171 = CARTESIAN_POINT('',(11.346050749941,3.907317798664,2.2));
#172 = SURFACE_CURVE('',#173,(#178,#185),.PCURVE_S1.);
#173 = CIRCLE('',#174,12.);
#174 = AXIS2_PLACEMENT_3D('',#175,#176,#177);
#175 = CARTESIAN_POINT('',(0.,-1.567547902909E-15,2.2));
#176 = DIRECTION('',(-0.,1.224646799147E-16,1.));
#177 = DIRECTION('',(1.,0.,0.));
#178 = PCURVE('',#32,#179);
#179 = DEFINITIONAL_REPRESENTATION('',(#180),#184);
#180 = LINE('',#181,#182);
#181 = CARTESIAN_POINT('',(-6.28318530718,-12.8));
#182 = VECTOR('',#183,1.);
#183 = DIRECTION('',(1.,-0.));
#184 = ( GEOMETRIC_REPRESENTATION_CONTEXT(2) 
PARAMETRIC_REPRESENTATION_CONTEXT() REPRESENTATION_CONTEXT('2D SPACE',''
  ) );
#185 = PCURVE('',#186,#191);
#186 = PLANE('',#187);
#187 = AXIS2_PLACEMENT_3D('',#188,#189,#190);
#188 = CARTESIAN_POINT('',(12.3,-1.578289059092E-15,2.2));
#189 = DIRECTION('',(0.,-1.224646799147E-16,-1.));
#190 = DIRECTION('',(1.,0.,0.));
#191 = DEFINITIONAL_REPRESENTATION('',(#192),#200);
#192 = ( BOUNDED_CURVE() B_SPLINE_CURVE(2,(#193,#194,#195,#196,#197,#198
,#199),.UNSPECIFIED.,.T.,.F.) B_SPLINE_CURVE_WITH_KNOTS((1,2,2,2,2,1),(
    -2.094395102393,0.,2.094395102393,4.188790204786,6.28318530718,
8.377580409573),.UNSPECIFIED.) CURVE() GEOMETRIC_REPRESENTATION_ITEM() 
RATIONAL_B_SPLINE_CURVE((1.,0.5,1.,0.5,1.,0.5,1.)) REPRESENTATION_ITEM(
  '') );
#193 = CARTESIAN_POINT('',(-0.3,-1.07411561832E-17));
#194 = CARTESIAN_POINT('',(-0.3,-20.78460969082));
#195 = CARTESIAN_POINT('',(-18.3,-10.39230484541));
#196 = CARTESIAN_POINT('',(-36.3,-2.949893474137E-15));
#197 = CARTESIAN_POINT('',(-18.3,10.392304845413));
#198 = CARTESIAN_POINT('',(-0.3,20.784609690827));
#199 = CARTESIAN_POINT('',(-0.3,-1.07411561832E-17));
#200 = ( GEOMETRIC_REPRESENTATION_CONTEXT(2) 
PARAMETRIC_REPRESENTATION_CONTEXT() REPRESENTATION_CONTEXT('2D SPACE',''
  ) );
#201 = ORIENTED_EDGE('',*,*,#202,.T.);
#202 = EDGE_CURVE('',#170,#203,#205,.T.);
#203 = VERTEX_POINT('',#204);
#204 = CARTESIAN_POINT('',(11.346050749941,3.907317798664,15.));
#205 = SURFACE_CURVE('',#206,(#210,#217),.PCURVE_S1.);
#206 = LINE('',#207,#208);
#207 = CARTESIAN_POINT('',(11.346050749941,3.907317798664,15.));
#208 = VECTOR('',#209,1.);
#209 = DIRECTION('',(-0.,1.224646799147E-16,1.));
#210 = PCURVE('',#32,#211);
#211 = DEFINITIONAL_REPRESENTATION('',(#212),#216);
#212 = LINE('',#213,#214);
#213 = CARTESIAN_POINT('',(-5.95152868627,0.));
#214 = VECTOR('',#215,1.);
#215 = DIRECTION('',(-0.,1.));
#216 = ( GEOMETRIC_REPRESENTATION_CONTEXT(2) 
PARAMETRIC_REPRESENTATION_CONTEXT() REPRESENTATION_CONTEXT('2D SPACE',''
  ) );
#217 = PCURVE('',#157,#218);
#218 = DEFINITIONAL_REPRESENTATION('',(#219),#223);
#219 = LINE('',#220,#221);
#220 = CARTESIAN_POINT('',(-4.337839093259,-1.));
#221 = VECTOR('',#222,1.);
#222 = DIRECTION('',(-0.,1.));
#223 = ( GEOMETRIC_REPRESENTATION_CONTEXT(2) 
PARAMETRIC_REPRESENTATION_CONTEXT() REPRESENTATION_CONTEXT('2D SPACE',''
  ) );
#224 = ORIENTED_EDGE('',*,*,#225,.F.);
#225 = EDGE_CURVE('',#226,#203,#228,.T.);
#226 = VERTEX_POINT('',#227);
#227 = CARTESIAN_POINT('',(10.785760336656,5.259978513284,15.));
#228 = SURFACE_CURVE('',#229,(#234,#241),.PCURVE_S1.);
#229 = CIRCLE('',#230,12.);
#230 = AXIS2_PLACEMENT_3D('',#231,#232,#233);
#231 = CARTESIAN_POINT('',(0.,0.,15.));
#232 = DIRECTION('',(0.,-1.224646799147E-16,-1.));
#233 = DIRECTION('',(1.,0.,0.));
#234 = PCURVE('',#32,#235);
#235 = DEFINITIONAL_REPRESENTATION('',(#236),#240);
#236 = LINE('',#237,#238);
#237 = CARTESIAN_POINT('',(-0.,0.));
#238 = VECTOR('',#239,1.);
#239 = DIRECTION('',(-1.,0.));
#240 = ( GEOMETRIC_REPRESENTATION_CONTEXT(2) 
PARAMETRIC_REPRESENTATION_CONTEXT() REPRESENTATION_CONTEXT('2D SPACE',''
  ) );
#241 = PCURVE('',#129,#242);
#242 = DEFINITIONAL_REPRESENTATION('',(#243),#247);
#243 = CIRCLE('',#244,12.);
#244 = AXIS2_PLACEMENT_2D('',#245,#246);
#245 = CARTESIAN_POINT('',(6.837200662697E-16,3.40453421458E-17));
#246 = DIRECTION('',(1.,0.));
#247 = ( GEOMETRIC_REPRESENTATION_CONTEXT(2) 
PARAMETRIC_REPRESENTATION_CONTEXT() REPRESENTATION_CONTEXT('2D SPACE',''
  ) );
#248 = ORIENTED_EDGE('',*,*,#249,.F.);
#249 = EDGE_CURVE('',#250,#226,#252,.T.);
#250 = VERTEX_POINT('',#251);
#251 = CARTESIAN_POINT('',(10.785760336656,5.259978513284,2.2));
#252 = SURFACE_CURVE('',#253,(#257,#264),.PCURVE_S1.);
#253 = LINE('',#254,#255);
#254 = CARTESIAN_POINT('',(10.785760336656,5.259978513284,15.));
#255 = VECTOR('',#256,1.);
#256 = DIRECTION('',(-0.,1.224646799147E-16,1.));
#257 = PCURVE('',#32,#258);
#258 = DEFINITIONAL_REPRESENTATION('',(#259),#263);
#259 = LINE('',#260,#261);
#260 = CARTESIAN_POINT('',(-5.829443764692,0.));
#261 = VECTOR('',#262,1.);
#262 = DIRECTION('',(-0.,1.));
#263 = ( GEOMETRIC_REPRESENTATION_CONTEXT(2) 
PARAMETRIC_REPRESENTATION_CONTEXT() REPRESENTATION_CONTEXT('2D SPACE',''
  ) );
#264 = PCURVE('',#265,#270);
#265 = CYLINDRICAL_SURFACE('',#266,0.9);
#266 = AXIS2_PLACEMENT_3D('',#267,#268,#269);
#267 = CARTESIAN_POINT('',(10.652112466549,6.15,16.));
#268 = DIRECTION('',(0.,1.224646799147E-16,1.));
#269 = DIRECTION('',(0.866025403784,0.5,-6.123233995737E-17));
#270 = DEFINITIONAL_REPRESENTATION('',(#271),#275);
#271 = LINE('',#272,#273);
#272 = CARTESIAN_POINT('',(-1.945346213921,-1.));
#273 = VECTOR('',#274,1.);
#274 = DIRECTION('',(-0.,1.));
#275 = ( GEOMETRIC_REPRESENTATION_CONTEXT(2) 
PARAMETRIC_REPRESENTATION_CONTEXT() REPRESENTATION_CONTEXT('2D SPACE',''
  ) );
#276 = ORIENTED_EDGE('',*,*,#277,.T.);
#277 = EDGE_CURVE('',#250,#278,#280,.T.);
#278 = VERTEX_POINT('',#279);
#279 = CARTESIAN_POINT('',(9.948155184193,6.710753194033,2.2));
#280 = SURFACE_CURVE('',#281,(#286,#293),.PCURVE_S1.);
#281 = CIRCLE('',#282,12.);
#282 = AXIS2_PLACEMENT_3D('',#283,#284,#285);
#283 = CARTESIAN_POINT('',(0.,-1.567547902909E-15,2.2));
#284 = DIRECTION('',(-0.,1.224646799147E-16,1.));
#285 = DIRECTION('',(1.,0.,0.));
#286 = PCURVE('',#32,#287);
#287 = DEFINITIONAL_REPRESENTATION('',(#288),#292);
#288 = LINE('',#289,#290);
#289 = CARTESIAN_POINT('',(-6.28318530718,-12.8));
#290 = VECTOR('',#291,1.);
#291 = DIRECTION('',(1.,-0.));
#292 = ( GEOMETRIC_REPRESENTATION_CONTEXT(2) 
PARAMETRIC_REPRESENTATION_CONTEXT() REPRESENTATION_CONTEXT('2D SPACE',''
  ) );
#293 = PCURVE('',#294,#299);
#294 = PLANE('',#295);
#295 = AXIS2_PLACEMENT_3D('',#296,#297,#298);
#296 = CARTESIAN_POINT('',(12.3,-1.578289059092E-15,2.2));
#297 = DIRECTION('',(0.,-1.224646799147E-16,-1.));
#298 = DIRECTION('',(1.,0.,0.));
#299 = DEFINITIONAL_REPRESENTATION('',(#300),#308);
#300 = ( BOUNDED_CURVE() B_SPLINE_CURVE(2,(#301,#302,#303,#304,#305,#306
,#307),.UNSPECIFIED.,.T.,.F.) B_SPLINE_CURVE_WITH_KNOTS((1,2,2,2,2,1),(
    -2.094395102393,0.,2.094395102393,4.188790204786,6.28318530718,
8.377580409573),.UNSPECIFIED.) CURVE() GEOMETRIC_REPRESENTATION_ITEM() 
RATIONAL_B_SPLINE_CURVE((1.,0.5,1.,0.5,1.,0.5,1.)) REPRESENTATION_ITEM(
  '') );
#301 = CARTESIAN_POINT('',(-0.3,-1.07411561832E-17));
#302 = CARTESIAN_POINT('',(-0.3,-20.78460969082));
#303 = CARTESIAN_POINT('',(-18.3,-10.39230484541));
#304 = CARTESIAN_POINT('',(-36.3,-2.949893474137E-15));
#305 = CARTESIAN_POINT('',(-18.3,10.392304845413));
#306 = CARTESIAN_POINT('',(-0.3,20.784609690827));
#307 = CARTESIAN_POINT('',(-0.3,-1.07411561832E-17));
#308 = ( GEOMETRIC_REPRESENTATION_CONTEXT(2) 
PARAMETRIC_REPRESENTATION_CONTEXT() REPRESENTATION_CONTEXT('2D SPACE',''
  ) );
#309 = ORIENTED_EDGE('',*,*,#310,.T.);
#310 = EDGE_CURVE('',#278,#311,#313,.T.);
#311 = VERTEX_POINT('',#312);
#312 = CARTESIAN_POINT('',(9.948155184193,6.710753194033,15.));
#313 = SURFACE_CURVE('',#314,(#318,#325),.PCURVE_S1.);
#314 = LINE('',#315,#316);
#315 = CARTESIAN_POINT('',(9.948155184193,6.710753194033,15.));
#316 = VECTOR('',#317,1.);
#317 = DIRECTION('',(-0.,1.224646799147E-16,1.));
#318 = PCURVE('',#32,#319);
#319 = DEFINITIONAL_REPRESENTATION('',(#320),#324);
#320 = LINE('',#321,#322);
#321 = CARTESIAN_POINT('',(-5.689729298471,0.));
#322 = VECTOR('',#323,1.);
#323 = DIRECTION('',(-0.,1.));
#324 = ( GEOMETRIC_REPRESENTATION_CONTEXT(2) 
PARAMETRIC_REPRESENTATION_CONTEXT() REPRESENTATION_CONTEXT('2D SPACE',''
  ) );
#325 = PCURVE('',#265,#326);
#326 = DEFINITIONAL_REPRESENTATION('',(#327),#331);
#327 = LINE('',#328,#329);
#328 = CARTESIAN_POINT('',(-4.337839093259,-1.));
#329 = VECTOR('',#330,1.);
#330 = DIRECTION('',(-0.,1.));
#331 = ( GEOMETRIC_REPRESENTATION_CONTEXT(2) 
PARAMETRIC_REPRESENTATION_CONTEXT() REPRESENTATION_CONTEXT('2D SPACE',''
  ) );
#332 = ORIENTED_EDGE('',*,*,#333,.F.);
#333 = EDGE_CURVE('',#334,#311,#336,.T.);
#334 = VERTEX_POINT('',#335);
#335 = CARTESIAN_POINT('',(9.056861849273,7.872309282745,15.));
#336 = SURFACE_CURVE('',#337,(#342,#349),.PCURVE_S1.);
#337 = CIRCLE('',#338,12.);
#338 = AXIS2_PLACEMENT_3D('',#339,#340,#341);
#339 = CARTESIAN_POINT('',(0.,0.,15.));
#340 = DIRECTION('',(0.,-1.224646799147E-16,-1.));
#341 = DIRECTION('',(1.,0.,0.));
#342 = PCURVE('',#32,#343);
#343 = DEFINITIONAL_REPRESENTATION('',(#344),#348);
#344 = LINE('',#345,#346);
#345 = CARTESIAN_POINT('',(-0.,0.));
#346 = VECTOR('',#347,1.);
#347 = DIRECTION('',(-1.,0.));
#348 = ( GEOMETRIC_REPRESENTATION_CONTEXT(2) 
PARAMETRIC_REPRESENTATION_CONTEXT() REPRESENTATION_CONTEXT('2D SPACE',''
  ) );
#349 = PCURVE('',#129,#350);
#350 = DEFINITIONAL_REPRESENTATION('',(#351),#355);
#351 = CIRCLE('',#352,12.);
#352 = AXIS2_PLACEMENT_2D('',#353,#354);
#353 = CARTESIAN_POINT('',(6.837200662697E-16,3.40453421458E-17));
#354 = DIRECTION('',(1.,0.));
#355 = ( GEOMETRIC_REPRESENTATION_CONTEXT(2) 
PARAMETRIC_REPRESENTATION_CONTEXT() REPRESENTATION_CONTEXT('2D SPACE',''
  ) );
#356 = ORIENTED_EDGE('',*,*,#357,.F.);
#357 = EDGE_CURVE('',#358,#334,#360,.T.);
#358 = VERTEX_POINT('',#359);
#359 = CARTESIAN_POINT('',(9.056861849273,7.872309282745,2.2));
#360 = SURFACE_CURVE('',#361,(#365,#372),.PCURVE_S1.);
#361 = LINE('',#362,#363);
#362 = CARTESIAN_POINT('',(9.056861849273,7.872309282745,15.));
#363 = VECTOR('',#364,1.);
#364 = DIRECTION('',(-0.,1.224646799147E-16,1.));
#365 = PCURVE('',#32,#366);
#366 = DEFINITIONAL_REPRESENTATION('',(#367),#371);
#367 = LINE('',#368,#369);
#368 = CARTESIAN_POINT('',(-5.567644376893,0.));
#369 = VECTOR('',#370,1.);
#370 = DIRECTION('',(-0.,1.));
#371 = ( GEOMETRIC_REPRESENTATION_CONTEXT(2) 
PARAMETRIC_REPRESENTATION_CONTEXT() REPRESENTATION_CONTEXT('2D SPACE',''
  ) );
#372 = PCURVE('',#373,#378);
#373 = CYLINDRICAL_SURFACE('',#374,0.9);
#374 = AXIS2_PLACEMENT_3D('',#375,#376,#377);
#375 = CARTESIAN_POINT('',(8.697413408595,8.697413408595,16.));
#376 = DIRECTION('',(0.,1.224646799147E-16,1.));
#377 = DIRECTION('',(0.707106781187,0.707106781187,-8.659560562355E-17)
  );
#378 = DEFINITIONAL_REPRESENTATION('',(#379),#383);
#379 = LINE('',#380,#381);
#380 = CARTESIAN_POINT('',(-1.945346213921,-1.));
#381 = VECTOR('',#382,1.);
#382 = DIRECTION('',(-0.,1.));
#383 = ( GEOMETRIC_REPRESENTATION_CONTEXT(2) 
PARAMETRIC_REPRESENTATION_CONTEXT() REPRESENTATION_CONTEXT('2D SPACE',''
  ) );
#384 = ORIENTED_EDGE('',*,*,#385,.T.);
#385 = EDGE_CURVE('',#358,#386,#388,.T.);
#386 = VERTEX_POINT('',#387);
#387 = CARTESIAN_POINT('',(7.872309282745,9.056861849273,2.2));
#388 = SURFACE_CURVE('',#389,(#394,#401),.PCURVE_S1.);
#389 = CIRCLE('',#390,12.);
#390 = AXIS2_PLACEMENT_3D('',#391,#392,#393);
#391 = CARTESIAN_POINT('',(0.,-1.567547902909E-15,2.2));
#392 = DIRECTION('',(-0.,1.224646799147E-16,1.));
#393 = DIRECTION('',(1.,0.,0.));
#394 = PCURVE('',#32,#395);
#395 = DEFINITIONAL_REPRESENTATION('',(#396),#400);
#396 = LINE('',#397,#398);
#397 = CARTESIAN_POINT('',(-6.28318530718,-12.8));
#398 = VECTOR('',#399,1.);
#399 = DIRECTION('',(1.,-0.));
#400 = ( GEOMETRIC_REPRESENTATION_CONTEXT(2) 
PARAMETRIC_REPRESENTATION_CONTEXT() REPRESENTATION_CONTEXT('2D SPACE',''
  ) );
#401 = PCURVE('',#402,#407);
#402 = PLANE('',#403);
#403 = AXIS2_PLACEMENT_3D('',#404,#405,#406);
#404 = CARTESIAN_POINT('',(12.3,-1.578289059092E-15,2.2));
#405 = DIRECTION('',(0.,-1.224646799147E-16,-1.));
#406 = DIRECTION('',(1.,0.,0.));
#407 = DEFINITIONAL_REPRESENTATION('',(#408),#416);
#408 = ( BOUNDED_CURVE() B_SPLINE_CURVE(2,(#409,#410,#411,#412,#413,#414
,#415),.UNSPECIFIED.,.T.,.F.) B_SPLINE_CURVE_WITH_KNOTS((1,2,2,2,2,1),(
    -2.094395102393,0.,2.094395102393,4.188790204786,6.28318530718,
8.377580409573),.UNSPECIFIED.) CURVE() GEOMETRIC_REPRESENTATION_ITEM() 
RATIONAL_B_SPLINE_CURVE((1.,0.5,1.,0.5,1.,0.5,1.)) REPRESENTATION_ITEM(
  '') );
#409 = CARTESIAN_POINT('',(-0.3,-1.07411561832E-17));
#410 = CARTESIAN_POINT('',(-0.3,-20.78460969082));
#411 = CARTESIAN_POINT('',(-18.3,-10.39230484541));
#412 = CARTESIAN_POINT('',(-36.3,-2.949893474137E-15));
#413 = CARTESIAN_POINT('',(-18.3,10.392304845413));
#414 = CARTESIAN_POINT('',(-0.3,20.784609690827));
#415 = CARTESIAN_POINT('',(-0.3,-1.07411561832E-17));
#416 = ( GEOMETRIC_REPRESENTATION_CONTEXT(2) 
PARAMETRIC_REPRESENTATION_CONTEXT() REPRESENTATION_CONTEXT('2D SPACE',''
  ) );
#417 = ORIENTED_EDGE('',*,*,#418,.T.);
#418 = EDGE_CURVE('',#386,#419,#421,.T.);
#419 = VERTEX_POINT('',#420);
#420 = CARTESIAN_POINT('',(7.872309282745,9.056861849273,15.));
#421 = SURFACE_CURVE('',#422,(#426,#433),.PCURVE_S1.);
#422 = LINE('',#423,#424);
#423 = CARTESIAN_POINT('',(7.872309282745,9.056861849273,15.));
#424 = VECTOR('',#425,1.);
#425 = DIRECTION('',(-0.,1.224646799147E-16,1.));
#426 = PCURVE('',#32,#427);
#427 = DEFINITIONAL_REPRESENTATION('',(#428),#432);
#428 = LINE('',#429,#430);
#429 = CARTESIAN_POINT('',(-5.427929910671,0.));
#430 = VECTOR('',#431,1.);
#431 = DIRECTION('',(-0.,1.));
#432 = ( GEOMETRIC_REPRESENTATION_CONTEXT(2) 
PARAMETRIC_REPRESENTATION_CONTEXT() REPRESENTATION_CONTEXT('2D SPACE',''
  ) );
#433 = PCURVE('',#373,#434);
#434 = DEFINITIONAL_REPRESENTATION('',(#435),#439);
#435 = LINE('',#436,#437);
#436 = CARTESIAN_POINT('',(-4.337839093259,-1.));
#437 = VECTOR('',#438,1.);
#438 = DIRECTION('',(-0.,1.));
#439 = ( GEOMETRIC_REPRESENTATION_CONTEXT(2) 
PARAMETRIC_REPRESENTATION_CONTEXT() REPRESENTATION_CONTEXT('2D SPACE',''
  ) );
#440 = ORIENTED_EDGE('',*,*,#441,.F.);
#441 = EDGE_CURVE('',#442,#419,#444,.T.);
#442 = VERTEX_POINT('',#443);
#443 = CARTESIAN_POINT('',(6.710753194033,9.948155184193,15.));
#444 = SURFACE_CURVE('',#445,(#450,#457),.PCURVE_S1.);
#445 = CIRCLE('',#446,12.);
#446 = AXIS2_PLACEMENT_3D('',#447,#448,#449);
#447 = CARTESIAN_POINT('',(0.,0.,15.));
#448 = DIRECTION('',(0.,-1.224646799147E-16,-1.));
#449 = DIRECTION('',(1.,0.,0.));
#450 = PCURVE('',#32,#451);
#451 = DEFINITIONAL_REPRESENTATION('',(#452),#456);
#452 = LINE('',#453,#454);
#453 = CARTESIAN_POINT('',(-0.,0.));
#454 = VECTOR('',#455,1.);
#455 = DIRECTION('',(-1.,0.));
#456 = ( GEOMETRIC_REPRESENTATION_CONTEXT(2) 
PARAMETRIC_REPRESENTATION_CONTEXT() REPRESENTATION_CONTEXT('2D SPACE',''
  ) );
#457 = PCURVE('',#129,#458);
#458 = DEFINITIONAL_REPRESENTATION('',(#459),#463);
#459 = CIRCLE('',#460,12.);
#460 = AXIS2_PLACEMENT_2D('',#461,#462);
#461 = CARTESIAN_POINT('',(6.837200662697E-16,3.40453421458E-17));
#462 = DIRECTION('',(1.,0.));
#463 = ( GEOMETRIC_REPRESENTATION_CONTEXT(2) 
PARAMETRIC_REPRESENTATION_CONTEXT() REPRESENTATION_CONTEXT('2D SPACE',''
  ) );
#464 = ORIENTED_EDGE('',*,*,#465,.F.);
#465 = EDGE_CURVE('',#466,#442,#468,.T.);
#466 = VERTEX_POINT('',#467);
#467 = CARTESIAN_POINT('',(6.710753194033,9.948155184193,2.2));
#468 = SURFACE_CURVE('',#469,(#473,#480),.PCURVE_S1.);
#469 = LINE('',#470,#471);
#470 = CARTESIAN_POINT('',(6.710753194033,9.948155184193,15.));
#471 = VECTOR('',#472,1.);
#472 = DIRECTION('',(-0.,1.224646799147E-16,1.));
#473 = PCURVE('',#32,#474);
#474 = DEFINITIONAL_REPRESENTATION('',(#475),#479);
#475 = LINE('',#476,#477);
#476 = CARTESIAN_POINT('',(-5.305844989094,0.));
#477 = VECTOR('',#478,1.);
#478 = DIRECTION('',(-0.,1.));
#479 = ( GEOMETRIC_REPRESENTATION_CONTEXT(2) 
PARAMETRIC_REPRESENTATION_CONTEXT() REPRESENTATION_CONTEXT('2D SPACE',''
  ) );
#480 = PCURVE('',#481,#486);
#481 = CYLINDRICAL_SURFACE('',#482,0.9);
#482 = AXIS2_PLACEMENT_3D('',#483,#484,#485);
#483 = CARTESIAN_POINT('',(6.15,10.652112466549,16.));
#484 = DIRECTION('',(0.,1.224646799147E-16,1.));
#485 = DIRECTION('',(0.5,0.866025403784,-1.060575238725E-16));
#486 = DEFINITIONAL_REPRESENTATION('',(#487),#491);
#487 = LINE('',#488,#489);
#488 = CARTESIAN_POINT('',(-1.945346213921,-1.));
#489 = VECTOR('',#490,1.);
#490 = DIRECTION('',(-0.,1.));
#491 = ( GEOMETRIC_REPRESENTATION_CONTEXT(2) 
PARAMETRIC_REPRESENTATION_CONTEXT() REPRESENTATION_CONTEXT('2D SPACE',''
  ) );
#492 = ORIENTED_EDGE('',*,*,#493,.T.);
#493 = EDGE_CURVE('',#466,#494,#496,.T.);
#494 = VERTEX_POINT('',#495);
#495 = CARTESIAN_POINT('',(5.259978513284,10.785760336656,2.2));
#496 = SURFACE_CURVE('',#497,(#502,#509),.PCURVE_S1.);
#497 = CIRCLE('',#498,12.);
#498 = AXIS2_PLACEMENT_3D('',#499,#500,#501);
#499 = CARTESIAN_POINT('',(0.,-1.567547902909E-15,2.2));
#500 = DIRECTION('',(-0.,1.224646799147E-16,1.));
#501 = DIRECTION('',(1.,0.,0.));
#502 = PCURVE('',#32,#503);
#503 = DEFINITIONAL_REPRESENTATION('',(#504),#508);
#504 = LINE('',#505,#506);
#505 = CARTESIAN_POINT('',(-6.28318530718,-12.8));
#506 = VECTOR('',#507,1.);
#507 = DIRECTION('',(1.,-0.));
#508 = ( GEOMETRIC_REPRESENTATION_CONTEXT(2) 
PARAMETRIC_REPRESENTATION_CONTEXT() REPRESENTATION_CONTEXT('2D SPACE',''
  ) );
#509 = PCURVE('',#510,#515);
#510 = PLANE('',#511);
#511 = AXIS2_PLACEMENT_3D('',#512,#513,#514);
#512 = CARTESIAN_POINT('',(12.3,-1.578289059092E-15,2.2));
#513 = DIRECTION('',(0.,-1.224646799147E-16,-1.));
#514 = DIRECTION('',(1.,0.,0.));
#515 = DEFINITIONAL_REPRESENTATION('',(#516),#524);
#516 = ( BOUNDED_CURVE() B_SPLINE_CURVE(2,(#517,#518,#519,#520,#521,#522
,#523),.UNSPECIFIED.,.T.,.F.) B_SPLINE_CURVE_WITH_KNOTS((1,2,2,2,2,1),(
    -2.094395102393,0.,2.094395102393,4.188790204786,6.28318530718,
8.377580409573),.UNSPECIFIED.) CURVE() GEOMETRIC_REPRESENTATION_ITEM() 
RATIONAL_B_SPLINE_CURVE((1.,0.5,1.,0.5,1.,0.5,1.)) REPRESENTATION_ITEM(
  '') );
#517 = CARTESIAN_POINT('',(-0.3,-1.07411561832E-17));
#518 = CARTESIAN_POINT('',(-0.3,-20.78460969082));
#519 = CARTESIAN_POINT('',(-18.3,-10.39230484541));
#520 = CARTESIAN_POINT('',(-36.3,-2.949893474137E-15));
#521 = CARTESIAN_POINT('',(-18.3,10.392304845413));
#522 = CARTESIAN_POINT('',(-0.3,20.784609690827));
#523 = CARTESIAN_POINT('',(-0.3,-1.07411561832E-17));
#524 = ( GEOMETRIC_REPRESENTATION_CONTEXT(2) 
PARAMETRIC_REPRESENTATION_CONTEXT() REPRESENTATION_CONTEXT('2D SPACE',''
  ) );
#525 = ORIENTED_EDGE('',*,*,#526,.T.);
#526 = EDGE_CURVE('',#494,#527,#529,.T.);
#527 = VERTEX_POINT('',#528);
#528 = CARTESIAN_POINT('',(5.259978513284,10.785760336656,15.));
#529 = SURFACE_CURVE('',#530,(#534,#541),.PCURVE_S1.);
#530 = LINE('',#531,#532);
#531 = CARTESIAN_POINT('',(5.259978513284,10.785760336656,15.));
#532 = VECTOR('',#533,1.);
#533 = DIRECTION('',(-0.,1.224646799147E-16,1.));
#534 = PCURVE('',#32,#535);
#535 = DEFINITIONAL_REPRESENTATION('',(#536),#540);
#536 = LINE('',#537,#538);
#537 = CARTESIAN_POINT('',(-5.166130522872,0.));
#538 = VECTOR('',#539,1.);
#539 = DIRECTION('',(-0.,1.));
#540 = ( GEOMETRIC_REPRESENTATION_CONTEXT(2) 
PARAMETRIC_REPRESENTATION_CONTEXT() REPRESENTATION_CONTEXT('2D SPACE',''
  ) );
#541 = PCURVE('',#481,#542);
#542 = DEFINITIONAL_REPRESENTATION('',(#543),#547);
#543 = LINE('',#544,#545);
#544 = CARTESIAN_POINT('',(-4.337839093259,-1.));
#545 = VECTOR('',#546,1.);
#546 = DIRECTION('',(-0.,1.));
#547 = ( GEOMETRIC_REPRESENTATION_CONTEXT(2) 
PARAMETRIC_REPRESENTATION_CONTEXT() REPRESENTATION_CONTEXT('2D SPACE',''
  ) );
#548 = ORIENTED_EDGE('',*,*,#549,.F.);
#549 = EDGE_CURVE('',#550,#527,#552,.T.);
#550 = VERTEX_POINT('',#551);
#551 = CARTESIAN_POINT('',(3.907317798664,11.346050749941,15.));
#552 = SURFACE_CURVE('',#553,(#558,#565),.PCURVE_S1.);
#553 = CIRCLE('',#554,12.);
#554 = AXIS2_PLACEMENT_3D('',#555,#556,#557);
#555 = CARTESIAN_POINT('',(0.,0.,15.));
#556 = DIRECTION('',(0.,-1.224646799147E-16,-1.));
#557 = DIRECTION('',(1.,0.,0.));
#558 = PCURVE('',#32,#559);
#559 = DEFINITIONAL_REPRESENTATION('',(#560),#564);
#560 = LINE('',#561,#562);
#561 = CARTESIAN_POINT('',(-0.,0.));
#562 = VECTOR('',#563,1.);
#563 = DIRECTION('',(-1.,0.));
#564 = ( GEOMETRIC_REPRESENTATION_CONTEXT(2) 
PARAMETRIC_REPRESENTATION_CONTEXT() REPRESENTATION_CONTEXT('2D SPACE',''
  ) );
#565 = PCURVE('',#129,#566);
#566 = DEFINITIONAL_REPRESENTATION('',(#567),#571);
#567 = CIRCLE('',#568,12.);
#568 = AXIS2_PLACEMENT_2D('',#569,#570);
#569 = CARTESIAN_POINT('',(6.837200662697E-16,3.40453421458E-17));
#570 = DIRECTION('',(1.,0.));
#571 = ( GEOMETRIC_REPRESENTATION_CONTEXT(2) 
PARAMETRIC_REPRESENTATION_CONTEXT() REPRESENTATION_CONTEXT('2D SPACE',''
  ) );
#572 = ORIENTED_EDGE('',*,*,#573,.F.);
#573 = EDGE_CURVE('',#574,#550,#576,.T.);
#574 = VERTEX_POINT('',#575);
#575 = CARTESIAN_POINT('',(3.907317798664,11.346050749941,2.2));
#576 = SURFACE_CURVE('',#577,(#581,#588),.PCURVE_S1.);
#577 = LINE('',#578,#579);
#578 = CARTESIAN_POINT('',(3.907317798664,11.346050749941,15.));
#579 = VECTOR('',#580,1.);
#580 = DIRECTION('',(-0.,1.224646799147E-16,1.));
#581 = PCURVE('',#32,#582);
#582 = DEFINITIONAL_REPRESENTATION('',(#583),#587);
#583 = LINE('',#584,#585);
#584 = CARTESIAN_POINT('',(-5.044045601295,0.));
#585 = VECTOR('',#586,1.);
#586 = DIRECTION('',(-0.,1.));
#587 = ( GEOMETRIC_REPRESENTATION_CONTEXT(2) 
PARAMETRIC_REPRESENTATION_CONTEXT() REPRESENTATION_CONTEXT('2D SPACE',''
  ) );
#588 = PCURVE('',#589,#594);
#589 = CYLINDRICAL_SURFACE('',#590,0.9);
#590 = AXIS2_PLACEMENT_3D('',#591,#592,#593);
#591 = CARTESIAN_POINT('',(3.183474254761,11.880887663356,16.));
#592 = DIRECTION('',(0.,1.224646799147E-16,1.));
#593 = DIRECTION('',(0.258819045103,0.965925826289,-1.182917971379E-16)
  );
#594 = DEFINITIONAL_REPRESENTATION('',(#595),#599);
#595 = LINE('',#596,#597);
#596 = CARTESIAN_POINT('',(-1.945346213921,-1.));
#597 = VECTOR('',#598,1.);
#598 = DIRECTION('',(-0.,1.));
#599 = ( GEOMETRIC_REPRESENTATION_CONTEXT(2) 
PARAMETRIC_REPRESENTATION_CONTEXT() REPRESENTATION_CONTEXT('2D SPACE',''
  ) );
#600 = ORIENTED_EDGE('',*,*,#601,.T.);
#601 = EDGE_CURVE('',#574,#602,#604,.T.);
#602 = VERTEX_POINT('',#603);
#603 = CARTESIAN_POINT('',(2.289188900669,11.779627081409,2.2));
#604 = SURFACE_CURVE('',#605,(#610,#617),.PCURVE_S1.);
#605 = CIRCLE('',#606,12.);
#606 = AXIS2_PLACEMENT_3D('',#607,#608,#609);
#607 = CARTESIAN_POINT('',(0.,-1.567547902909E-15,2.2));
#608 = DIRECTION('',(-0.,1.224646799147E-16,1.));
#609 = DIRECTION('',(1.,0.,0.));
#610 = PCURVE('',#32,#611);
#611 = DEFINITIONAL_REPRESENTATION('',(#612),#616);
#612 = LINE('',#613,#614);
#613 = CARTESIAN_POINT('',(-6.28318530718,-12.8));
#614 = VECTOR('',#615,1.);
#615 = DIRECTION('',(1.,-0.));
#616 = ( GEOMETRIC_REPRESENTATION_CONTEXT(2) 
PARAMETRIC_REPRESENTATION_CONTEXT() REPRESENTATION_CONTEXT('2D SPACE',''
  ) );
#617 = PCURVE('',#618,#623);
#618 = PLANE('',#619);
#619 = AXIS2_PLACEMENT_3D('',#620,#621,#622);
#620 = CARTESIAN_POINT('',(12.3,-1.578289059092E-15,2.2));
#621 = DIRECTION('',(0.,-1.224646799147E-16,-1.));
#622 = DIRECTION('',(1.,0.,0.));
#623 = DEFINITIONAL_REPRESENTATION('',(#624),#632);
#624 = ( BOUNDED_CURVE() B_SPLINE_CURVE(2,(#625,#626,#627,#628,#629,#630
,#631),.UNSPECIFIED.,.T.,.F.) B_SPLINE_CURVE_WITH_KNOTS((1,2,2,2,2,1),(
    -2.094395102393,0.,2.094395102393,4.188790204786,6.28318530718,
8.377580409573),.UNSPECIFIED.) CURVE() GEOMETRIC_REPRESENTATION_ITEM() 
RATIONAL_B_SPLINE_CURVE((1.,0.5,1.,0.5,1.,0.5,1.)) REPRESENTATION_ITEM(
  '') );
#625 = CARTESIAN_POINT('',(-0.3,-1.07411561832E-17));
#626 = CARTESIAN_POINT('',(-0.3,-20.78460969082));
#627 = CARTESIAN_POINT('',(-18.3,-10.39230484541));
#628 = CARTESIAN_POINT('',(-36.3,-2.949893474137E-15));
#629 = CARTESIAN_POINT('',(-18.3,10.392304845413));
#630 = CARTESIAN_POINT('',(-0.3,20.784609690827));
#631 = CARTESIAN_POINT('',(-0.3,-1.07411561832E-17));
#632 = ( GEOMETRIC_REPRESENTATION_CONTEXT(2) 
PARAMETRIC_REPRESENTATION_CONTEXT() REPRESENTATION_CONTEXT('2D SPACE',''
  ) );
#633 = ORIENTED_EDGE('',*,*,#634,.T.);
#634 = EDGE_CURVE('',#602,#635,#637,.T.);
#635 = VERTEX_POINT('',#636);
#636 = CARTESIAN_POINT('',(2.289188900669,11.779627081409,15.));
#637 = SURFACE_CURVE('',#638,(#642,#649),.PCURVE_S1.);
#638 = LINE('',#639,#640);
#639 = CARTESIAN_POINT('',(2.289188900669,11.779627081409,15.));
#640 = VECTOR('',#641,1.);
#641 = DIRECTION('',(-0.,1.224646799147E-16,1.));
#642 = PCURVE('',#32,#643);
#643 = DEFINITIONAL_REPRESENTATION('',(#644),#648);
#644 = LINE('',#645,#646);
#645 = CARTESIAN_POINT('',(-4.904331135073,0.));
#646 = VECTOR('',#647,1.);
#647 = DIRECTION('',(-0.,1.));
#648 = ( GEOMETRIC_REPRESENTATION_CONTEXT(2) 
PARAMETRIC_REPRESENTATION_CONTEXT() REPRESENTATION_CONTEXT('2D SPACE',''
  ) );
#649 = PCURVE('',#589,#650);
#650 = DEFINITIONAL_REPRESENTATION('',(#651),#655);
#651 = LINE('',#652,#653);
#652 = CARTESIAN_POINT('',(-4.337839093259,-1.));
#653 = VECTOR('',#654,1.);
#654 = DIRECTION('',(-0.,1.));
#655 = ( GEOMETRIC_REPRESENTATION_CONTEXT(2) 
PARAMETRIC_REPRESENTATION_CONTEXT() REPRESENTATION_CONTEXT('2D SPACE',''
  ) );
#656 = ORIENTED_EDGE('',*,*,#657,.F.);
#657 = EDGE_CURVE('',#658,#635,#660,.T.);
#658 = VERTEX_POINT('',#659);
#659 = CARTESIAN_POINT('',(0.837605152464,11.970731707317,15.));
#660 = SURFACE_CURVE('',#661,(#666,#673),.PCURVE_S1.);
#661 = CIRCLE('',#662,12.);
#662 = AXIS2_PLACEMENT_3D('',#663,#664,#665);
#663 = CARTESIAN_POINT('',(0.,0.,15.));
#664 = DIRECTION('',(0.,-1.224646799147E-16,-1.));
#665 = DIRECTION('',(1.,0.,0.));
#666 = PCURVE('',#32,#667);
#667 = DEFINITIONAL_REPRESENTATION('',(#668),#672);
#668 = LINE('',#669,#670);
#669 = CARTESIAN_POINT('',(-0.,0.));
#670 = VECTOR('',#671,1.);
#671 = DIRECTION('',(-1.,0.));
#672 = ( GEOMETRIC_REPRESENTATION_CONTEXT(2) 
PARAMETRIC_REPRESENTATION_CONTEXT() REPRESENTATION_CONTEXT('2D SPACE',''
  ) );
#673 = PCURVE('',#129,#674);
#674 = DEFINITIONAL_REPRESENTATION('',(#675),#679);
#675 = CIRCLE('',#676,12.);
#676 = AXIS2_PLACEMENT_2D('',#677,#678);
#677 = CARTESIAN_POINT('',(6.837200662697E-16,3.40453421458E-17));
#678 = DIRECTION('',(1.,0.));
#679 = ( GEOMETRIC_REPRESENTATION_CONTEXT(2) 
PARAMETRIC_REPRESENTATION_CONTEXT() REPRESENTATION_CONTEXT('2D SPACE',''
  ) );
#680 = ORIENTED_EDGE('',*,*,#681,.F.);
#681 = EDGE_CURVE('',#682,#658,#684,.T.);
#682 = VERTEX_POINT('',#683);
#683 = CARTESIAN_POINT('',(0.837605152464,11.970731707317,2.2));
#684 = SURFACE_CURVE('',#685,(#689,#696),.PCURVE_S1.);
#685 = LINE('',#686,#687);
#686 = CARTESIAN_POINT('',(0.837605152464,11.970731707317,15.));
#687 = VECTOR('',#688,1.);
#688 = DIRECTION('',(-0.,1.224646799147E-16,1.));
#689 = PCURVE('',#32,#690);
#690 = DEFINITIONAL_REPRESENTATION('',(#691),#695);
#691 = LINE('',#692,#693);
#692 = CARTESIAN_POINT('',(-4.782246213495,0.));
#693 = VECTOR('',#694,1.);
#694 = DIRECTION('',(-0.,1.));
#695 = ( GEOMETRIC_REPRESENTATION_CONTEXT(2) 
PARAMETRIC_REPRESENTATION_CONTEXT() REPRESENTATION_CONTEXT('2D SPACE',''
  ) );
#696 = PCURVE('',#697,#702);
#697 = CYLINDRICAL_SURFACE('',#698,0.9);
#698 = AXIS2_PLACEMENT_3D('',#699,#700,#701);
#699 = CARTESIAN_POINT('',(-2.259473344427E-15,12.3,16.));
#700 = DIRECTION('',(-0.,1.224646799147E-16,1.));
#701 = DIRECTION('',(-2.22044604925E-16,1.,-1.224646799147E-16));
#702 = DEFINITIONAL_REPRESENTATION('',(#703),#707);
#703 = LINE('',#704,#705);
#704 = CARTESIAN_POINT('',(-1.945346213921,-1.));
#705 = VECTOR('',#706,1.);
#706 = DIRECTION('',(-0.,1.));
#707 = ( GEOMETRIC_REPRESENTATION_CONTEXT(2) 
PARAMETRIC_REPRESENTATION_CONTEXT() REPRESENTATION_CONTEXT('2D SPACE',''
  ) );
#708 = ORIENTED_EDGE('',*,*,#709,.T.);
#709 = EDGE_CURVE('',#682,#710,#712,.T.);
#710 = VERTEX_POINT('',#711);
#711 = CARTESIAN_POINT('',(-0.837605152464,11.970731707317,2.2));
#712 = SURFACE_CURVE('',#713,(#718,#725),.PCURVE_S1.);
#713 = CIRCLE('',#714,12.);
#714 = AXIS2_PLACEMENT_3D('',#715,#716,#717);
#715 = CARTESIAN_POINT('',(0.,-1.567547902909E-15,2.2));
#716 = DIRECTION('',(-0.,1.224646799147E-16,1.));
#717 = DIRECTION('',(1.,0.,0.));
#718 = PCURVE('',#32,#719);
#719 = DEFINITIONAL_REPRESENTATION('',(#720),#724);
#720 = LINE('',#721,#722);
#721 = CARTESIAN_POINT('',(-6.28318530718,-12.8));
#722 = VECTOR('',#723,1.);
#723 = DIRECTION('',(1.,-0.));
#724 = ( GEOMETRIC_REPRESENTATION_CONTEXT(2) 
PARAMETRIC_REPRESENTATION_CONTEXT() REPRESENTATION_CONTEXT('2D SPACE',''
  ) );
#725 = PCURVE('',#726,#731);
#726 = PLANE('',#727);
#727 = AXIS2_PLACEMENT_3D('',#728,#729,#730);
#728 = CARTESIAN_POINT('',(12.3,-1.578289059092E-15,2.2));
#729 = DIRECTION('',(0.,-1.224646799147E-16,-1.));
#730 = DIRECTION('',(1.,0.,0.));
#731 = DEFINITIONAL_REPRESENTATION('',(#732),#740);
#732 = ( BOUNDED_CURVE() B_SPLINE_CURVE(2,(#733,#734,#735,#736,#737,#738
,#739),.UNSPECIFIED.,.T.,.F.) B_SPLINE_CURVE_WITH_KNOTS((1,2,2,2,2,1),(
    -2.094395102393,0.,2.094395102393,4.188790204786,6.28318530718,
8.377580409573),.UNSPECIFIED.) CURVE() GEOMETRIC_REPRESENTATION_ITEM() 
RATIONAL_B_SPLINE_CURVE((1.,0.5,1.,0.5,1.,0.5,1.)) REPRESENTATION_ITEM(
  '') );
#733 = CARTESIAN_POINT('',(-0.3,-1.07411561832E-17));
#734 = CARTESIAN_POINT('',(-0.3,-20.78460969082));
#735 = CARTESIAN_POINT('',(-18.3,-10.39230484541));
#736 = CARTESIAN_POINT('',(-36.3,-2.949893474137E-15));
#737 = CARTESIAN_POINT('',(-18.3,10.392304845413));
#738 = CARTESIAN_POINT('',(-0.3,20.784609690827));
#739 = CARTESIAN_POINT('',(-0.3,-1.07411561832E-17));
#740 = ( GEOMETRIC_REPRESENTATION_CONTEXT(2) 
PARAMETRIC_REPRESENTATION_CONTEXT() REPRESENTATION_CONTEXT('2D SPACE',''
  ) );
#741 = ORIENTED_EDGE('',*,*,#742,.T.);
#742 = EDGE_CURVE('',#710,#743,#745,.T.);
#743 = VERTEX_POINT('',#744);
#744 = CARTESIAN_POINT('',(-0.837605152464,11.970731707317,15.));
#745 = SURFACE_CURVE('',#746,(#750,#757),.PCURVE_S1.);
#746 = LINE('',#747,#748);
#747 = CARTESIAN_POINT('',(-0.837605152464,11.970731707317,15.));
#748 = VECTOR('',#749,1.);
#749 = DIRECTION('',(-0.,1.224646799147E-16,1.));
#750 = PCURVE('',#32,#751);
#751 = DEFINITIONAL_REPRESENTATION('',(#752),#756);
#752 = LINE('',#753,#754);
#753 = CARTESIAN_POINT('',(-4.642531747274,0.));
#754 = VECTOR('',#755,1.);
#755 = DIRECTION('',(-0.,1.));
#756 = ( GEOMETRIC_REPRESENTATION_CONTEXT(2) 
PARAMETRIC_REPRESENTATION_CONTEXT() REPRESENTATION_CONTEXT('2D SPACE',''
  ) );
#757 = PCURVE('',#697,#758);
#758 = DEFINITIONAL_REPRESENTATION('',(#759),#763);
#759 = LINE('',#760,#761);
#760 = CARTESIAN_POINT('',(-4.337839093259,-1.));
#761 = VECTOR('',#762,1.);
#762 = DIRECTION('',(-0.,1.));
#763 = ( GEOMETRIC_REPRESENTATION_CONTEXT(2) 
PARAMETRIC_REPRESENTATION_CONTEXT() REPRESENTATION_CONTEXT('2D SPACE',''
  ) );
#764 = ORIENTED_EDGE('',*,*,#765,.F.);
#765 = EDGE_CURVE('',#766,#743,#768,.T.);
#766 = VERTEX_POINT('',#767);
#767 = CARTESIAN_POINT('',(-2.289188900669,11.779627081409,15.));
#768 = SURFACE_CURVE('',#769,(#774,#781),.PCURVE_S1.);
#769 = CIRCLE('',#770,12.);
#770 = AXIS2_PLACEMENT_3D('',#771,#772,#773);
#771 = CARTESIAN_POINT('',(0.,0.,15.));
#772 = DIRECTION('',(0.,-1.224646799147E-16,-1.));
#773 = DIRECTION('',(1.,0.,0.));
#774 = PCURVE('',#32,#775);
#775 = DEFINITIONAL_REPRESENTATION('',(#776),#780);
#776 = LINE('',#777,#778);
#777 = CARTESIAN_POINT('',(-0.,0.));
#778 = VECTOR('',#779,1.);
#779 = DIRECTION('',(-1.,0.));
#780 = ( GEOMETRIC_REPRESENTATION_CONTEXT(2) 
PARAMETRIC_REPRESENTATION_CONTEXT() REPRESENTATION_CONTEXT('2D SPACE',''
  ) );
#781 = PCURVE('',#129,#782);
#782 = DEFINITIONAL_REPRESENTATION('',(#783),#787);
#783 = CIRCLE('',#784,12.);
#784 = AXIS2_PLACEMENT_2D('',#785,#786);
#785 = CARTESIAN_POINT('',(6.837200662697E-16,3.40453421458E-17));
#786 = DIRECTION('',(1.,0.));
#787 = ( GEOMETRIC_REPRESENTATION_CONTEXT(2) 
PARAMETRIC_REPRESENTATION_CONTEXT() REPRESENTATION_CONTEXT('2D SPACE',''
  ) );
#788 = ORIENTED_EDGE('',*,*,#789,.F.);
#789 = EDGE_CURVE('',#790,#766,#792,.T.);
#790 = VERTEX_POINT('',#791);
#791 = CARTESIAN_POINT('',(-2.289188900669,11.779627081409,2.2));
#792 = SURFACE_CURVE('',#793,(#797,#804),.PCURVE_S1.);
#793 = LINE('',#794,#795);
#794 = CARTESIAN_POINT('',(-2.289188900669,11.779627081409,15.));
#795 = VECTOR('',#796,1.);
#796 = DIRECTION('',(-0.,1.224646799147E-16,1.));
#797 = PCURVE('',#32,#798);
#798 = DEFINITIONAL_REPRESENTATION('',(#799),#803);
#799 = LINE('',#800,#801);
#800 = CARTESIAN_POINT('',(-4.520446825696,0.));
#801 = VECTOR('',#802,1.);
#802 = DIRECTION('',(-0.,1.));
#803 = ( GEOMETRIC_REPRESENTATION_CONTEXT(2) 
PARAMETRIC_REPRESENTATION_CONTEXT() REPRESENTATION_CONTEXT('2D SPACE',''
  ) );
#804 = PCURVE('',#805,#810);
#805 = CYLINDRICAL_SURFACE('',#806,0.9);
#806 = AXIS2_PLACEMENT_3D('',#807,#808,#809);
#807 = CARTESIAN_POINT('',(-3.183474254761,11.880887663356,16.));
#808 = DIRECTION('',(-0.,1.224646799147E-16,1.));
#809 = DIRECTION('',(-0.258819045103,0.965925826289,-1.182917971379E-16)
  );
#810 = DEFINITIONAL_REPRESENTATION('',(#811),#815);
#811 = LINE('',#812,#813);
#812 = CARTESIAN_POINT('',(-1.945346213921,-1.));
#813 = VECTOR('',#814,1.);
#814 = DIRECTION('',(-0.,1.));
#815 = ( GEOMETRIC_REPRESENTATION_CONTEXT(2) 
PARAMETRIC_REPRESENTATION_CONTEXT() REPRESENTATION_CONTEXT('2D SPACE',''
  ) );
#816 = ORIENTED_EDGE('',*,*,#817,.T.);
#817 = EDGE_CURVE('',#790,#818,#820,.T.);
#818 = VERTEX_POINT('',#819);
#819 = CARTESIAN_POINT('',(-3.907317798664,11.346050749941,2.2));
#820 = SURFACE_CURVE('',#821,(#826,#833),.PCURVE_S1.);
#821 = CIRCLE('',#822,12.);
#822 = AXIS2_PLACEMENT_3D('',#823,#824,#825);
#823 = CARTESIAN_POINT('',(0.,-1.567547902909E-15,2.2));
#824 = DIRECTION('',(-0.,1.224646799147E-16,1.));
#825 = DIRECTION('',(1.,0.,0.));
#826 = PCURVE('',#32,#827);
#827 = DEFINITIONAL_REPRESENTATION('',(#828),#832);
#828 = LINE('',#829,#830);
#829 = CARTESIAN_POINT('',(-6.28318530718,-12.8));
#830 = VECTOR('',#831,1.);
#831 = DIRECTION('',(1.,-0.));
#832 = ( GEOMETRIC_REPRESENTATION_CONTEXT(2) 
PARAMETRIC_REPRESENTATION_CONTEXT() REPRESENTATION_CONTEXT('2D SPACE',''
  ) );
#833 = PCURVE('',#834,#839);
#834 = PLANE('',#835);
#835 = AXIS2_PLACEMENT_3D('',#836,#837,#838);
#836 = CARTESIAN_POINT('',(12.3,-1.578289059092E-15,2.2));
#837 = DIRECTION('',(0.,-1.224646799147E-16,-1.));
#838 = DIRECTION('',(1.,0.,0.));
#839 = DEFINITIONAL_REPRESENTATION('',(#840),#848);
#840 = ( BOUNDED_CURVE() B_SPLINE_CURVE(2,(#841,#842,#843,#844,#845,#846
,#847),.UNSPECIFIED.,.T.,.F.) B_SPLINE_CURVE_WITH_KNOTS((1,2,2,2,2,1),(
    -2.094395102393,0.,2.094395102393,4.188790204786,6.28318530718,
8.377580409573),.UNSPECIFIED.) CURVE() GEOMETRIC_REPRESENTATION_ITEM() 
RATIONAL_B_SPLINE_CURVE((1.,0.5,1.,0.5,1.,0.5,1.)) REPRESENTATION_ITEM(
  '') );
#841 = CARTESIAN_POINT('',(-0.3,-1.07411561832E-17));
#842 = CARTESIAN_POINT('',(-0.3,-20.78460969082));
#843 = CARTESIAN_POINT('',(-18.3,-10.39230484541));
#844 = CARTESIAN_POINT('',(-36.3,-2.949893474137E-15));
#845 = CARTESIAN_POINT('',(-18.3,10.392304845413));
#846 = CARTESIAN_POINT('',(-0.3,20.784609690827));
#847 = CARTESIAN_POINT('',(-0.3,-1.07411561832E-17));
#848 = ( GEOMETRIC_REPRESENTATION_CONTEXT(2) 
PARAMETRIC_REPRESENTATION_CONTEXT() REPRESENTATION_CONTEXT('2D SPACE',''
  ) );
#849 = ORIENTED_EDGE('',*,*,#850,.T.);
#850 = EDGE_CURVE('',#818,#851,#853,.T.);
#851 = VERTEX_POINT('',#852);
#852 = CARTESIAN_POINT('',(-3.907317798664,11.346050749941,15.));
#853 = SURFACE_CURVE('',#854,(#858,#865),.PCURVE_S1.);
#854 = LINE('',#855,#856);
#855 = CARTESIAN_POINT('',(-3.907317798664,11.346050749941,15.));
#856 = VECTOR('',#857,1.);
#857 = DIRECTION('',(-0.,1.224646799147E-16,1.));
#858 = PCURVE('',#32,#859);
#859 = DEFINITIONAL_REPRESENTATION('',(#860),#864);
#860 = LINE('',#861,#862);
#861 = CARTESIAN_POINT('',(-4.380732359475,0.));
#862 = VECTOR('',#863,1.);
#863 = DIRECTION('',(-0.,1.));
#864 = ( GEOMETRIC_REPRESENTATION_CONTEXT(2) 
PARAMETRIC_REPRESENTATION_CONTEXT() REPRESENTATION_CONTEXT('2D SPACE',''
  ) );
#865 = PCURVE('',#805,#866);
#866 = DEFINITIONAL_REPRESENTATION('',(#867),#871);
#867 = LINE('',#868,#869);
#868 = CARTESIAN_POINT('',(-4.337839093259,-1.));
#869 = VECTOR('',#870,1.);
#870 = DIRECTION('',(-0.,1.));
#871 = ( GEOMETRIC_REPRESENTATION_CONTEXT(2) 
PARAMETRIC_REPRESENTATION_CONTEXT() REPRESENTATION_CONTEXT('2D SPACE',''
  ) );
#872 = ORIENTED_EDGE('',*,*,#873,.F.);
#873 = EDGE_CURVE('',#874,#851,#876,.T.);
#874 = VERTEX_POINT('',#875);
#875 = CARTESIAN_POINT('',(-5.259978513284,10.785760336656,15.));
#876 = SURFACE_CURVE('',#877,(#882,#889),.PCURVE_S1.);
#877 = CIRCLE('',#878,12.);
#878 = AXIS2_PLACEMENT_3D('',#879,#880,#881);
#879 = CARTESIAN_POINT('',(0.,0.,15.));
#880 = DIRECTION('',(0.,-1.224646799147E-16,-1.));
#881 = DIRECTION('',(1.,0.,0.));
#882 = PCURVE('',#32,#883);
#883 = DEFINITIONAL_REPRESENTATION('',(#884),#888);
#884 = LINE('',#885,#886);
#885 = CARTESIAN_POINT('',(-0.,0.));
#886 = VECTOR('',#887,1.);
#887 = DIRECTION('',(-1.,0.));
#888 = ( GEOMETRIC_REPRESENTATION_CONTEXT(2) 
PARAMETRIC_REPRESENTATION_CONTEXT() REPRESENTATION_CONTEXT('2D SPACE',''
  ) );
#889 = PCURVE('',#129,#890);
#890 = DEFINITIONAL_REPRESENTATION('',(#891),#895);
#891 = CIRCLE('',#892,12.);
#892 = AXIS2_PLACEMENT_2D('',#893,#894);
#893 = CARTESIAN_POINT('',(6.837200662697E-16,3.40453421458E-17));
#894 = DIRECTION('',(1.,0.));
#895 = ( GEOMETRIC_REPRESENTATION_CONTEXT(2) 
PARAMETRIC_REPRESENTATION_CONTEXT() REPRESENTATION_CONTEXT('2D SPACE',''
  ) );
#896 = ORIENTED_EDGE('',*,*,#897,.F.);
#897 = EDGE_CURVE('',#898,#874,#900,.T.);
#898 = VERTEX_POINT('',#899);
#899 = CARTESIAN_POINT('',(-5.259978513284,10.785760336656,2.2));
#900 = SURFACE_CURVE('',#901,(#905,#912),.PCURVE_S1.);
#901 = LINE('',#902,#903);
#902 = CARTESIAN_POINT('',(-5.259978513284,10.785760336656,15.));
#903 = VECTOR('',#904,1.);
#904 = DIRECTION('',(-0.,1.224646799147E-16,1.));
#905 = PCURVE('',#32,#906);
#906 = DEFINITIONAL_REPRESENTATION('',(#907),#911);
#907 = LINE('',#908,#909);
#908 = CARTESIAN_POINT('',(-4.258647437897,0.));
#909 = VECTOR('',#910,1.);
#910 = DIRECTION('',(-0.,1.));
#911 = ( GEOMETRIC_REPRESENTATION_CONTEXT(2) 
PARAMETRIC_REPRESENTATION_CONTEXT() REPRESENTATION_CONTEXT('2D SPACE',''
  ) );
#912 = PCURVE('',#913,#918);
#913 = CYLINDRICAL_SURFACE('',#914,0.9);
#914 = AXIS2_PLACEMENT_3D('',#915,#916,#917);
#915 = CARTESIAN_POINT('',(-6.15,10.652112466549,16.));
#916 = DIRECTION('',(-0.,1.224646799147E-16,1.));
#917 = DIRECTION('',(-0.5,0.866025403784,-1.060575238725E-16));
#918 = DEFINITIONAL_REPRESENTATION('',(#919),#923);
#919 = LINE('',#920,#921);
#920 = CARTESIAN_POINT('',(-1.945346213921,-1.));
#921 = VECTOR('',#922,1.);
#922 = DIRECTION('',(-0.,1.));
#923 = ( GEOMETRIC_REPRESENTATION_CONTEXT(2) 
PARAMETRIC_REPRESENTATION_CONTEXT() REPRESENTATION_CONTEXT('2D SPACE',''
  ) );
#924 = ORIENTED_EDGE('',*,*,#925,.T.);
#925 = EDGE_CURVE('',#898,#926,#928,.T.);
#926 = VERTEX_POINT('',#927);
#927 = CARTESIAN_POINT('',(-6.710753194033,9.948155184193,2.2));
#928 = SURFACE_CURVE('',#929,(#934,#941),.PCURVE_S1.);
#929 = CIRCLE('',#930,12.);
#930 = AXIS2_PLACEMENT_3D('',#931,#932,#933);
#931 = CARTESIAN_POINT('',(0.,-1.567547902909E-15,2.2));
#932 = DIRECTION('',(-0.,1.224646799147E-16,1.));
#933 = DIRECTION('',(1.,0.,0.));
#934 = PCURVE('',#32,#935);
#935 = DEFINITIONAL_REPRESENTATION('',(#936),#940);
#936 = LINE('',#937,#938);
#937 = CARTESIAN_POINT('',(-6.28318530718,-12.8));
#938 = VECTOR('',#939,1.);
#939 = DIRECTION('',(1.,-0.));
#940 = ( GEOMETRIC_REPRESENTATION_CONTEXT(2) 
PARAMETRIC_REPRESENTATION_CONTEXT() REPRESENTATION_CONTEXT('2D SPACE',''
  ) );
#941 = PCURVE('',#942,#947);
#942 = PLANE('',#943);
#943 = AXIS2_PLACEMENT_3D('',#944,#945,#946);
#944 = CARTESIAN_POINT('',(12.3,-1.578289059092E-15,2.2));
#945 = DIRECTION('',(0.,-1.224646799147E-16,-1.));
#946 = DIRECTION('',(1.,0.,0.));
#947 = DEFINITIONAL_REPRESENTATION('',(#948),#956);
#948 = ( BOUNDED_CURVE() B_SPLINE_CURVE(2,(#949,#950,#951,#952,#953,#954
,#955),.UNSPECIFIED.,.T.,.F.) B_SPLINE_CURVE_WITH_KNOTS((1,2,2,2,2,1),(
    -2.094395102393,0.,2.094395102393,4.188790204786,6.28318530718,
8.377580409573),.UNSPECIFIED.) CURVE() GEOMETRIC_REPRESENTATION_ITEM() 
RATIONAL_B_SPLINE_CURVE((1.,0.5,1.,0.5,1.,0.5,1.)) REPRESENTATION_ITEM(
  '') );
#949 = CARTESIAN_POINT('',(-0.3,-1.07411561832E-17));
#950 = CARTESIAN_POINT('',(-0.3,-20.78460969082));
#951 = CARTESIAN_POINT('',(-18.3,-10.39230484541));
#952 = CARTESIAN_POINT('',(-36.3,-2.949893474137E-15));
#953 = CARTESIAN_POINT('',(-18.3,10.392304845413));
#954 = CARTESIAN_POINT('',(-0.3,20.784609690827));
#955 = CARTESIAN_POINT('',(-0.3,-1.07411561832E-17));
#956 = ( GEOMETRIC_REPRESENTATION_CONTEXT(2) 
PARAMETRIC_REPRESENTATION_CONTEXT() REPRESENTATION_CONTEXT('2D SPACE',''
  ) );
#957 = ORIENTED_EDGE('',*,*,#958,.T.);
#958 = EDGE_CURVE('',#926,#959,#961,.T.);
#959 = VERTEX_POINT('',#960);
#960 = CARTESIAN_POINT('',(-6.710753194033,9.948155184193,15.));
#961 = SURFACE_CURVE('',#962,(#966,#973),.PCURVE_S1.);
#962 = LINE('',#963,#964);
#963 = CARTESIAN_POINT('',(-6.710753194033,9.948155184193,15.));
#964 = VECTOR('',#965,1.);
#965 = DIRECTION('',(-0.,1.224646799147E-16,1.));
#966 = PCURVE('',#32,#967);
#967 = DEFINITIONAL_REPRESENTATION('',(#968),#972);
#968 = LINE('',#969,#970);
#969 = CARTESIAN_POINT('',(-4.118932971676,0.));
#970 = VECTOR('',#971,1.);
#971 = DIRECTION('',(-0.,1.));
#972 = ( GEOMETRIC_REPRESENTATION_CONTEXT(2) 
PARAMETRIC_REPRESENTATION_CONTEXT() REPRESENTATION_CONTEXT('2D SPACE',''
  ) );
#973 = PCURVE('',#913,#974);
#974 = DEFINITIONAL_REPRESENTATION('',(#975),#979);
#975 = LINE('',#976,#977);
#976 = CARTESIAN_POINT('',(-4.337839093259,-1.));
#977 = VECTOR('',#978,1.);
#978 = DIRECTION('',(-0.,1.));
#979 = ( GEOMETRIC_REPRESENTATION_CONTEXT(2) 
PARAMETRIC_REPRESENTATION_CONTEXT() REPRESENTATION_CONTEXT('2D SPACE',''
  ) );
#980 = ORIENTED_EDGE('',*,*,#981,.F.);
#981 = EDGE_CURVE('',#982,#959,#984,.T.);
#982 = VERTEX_POINT('',#983);
#983 = CARTESIAN_POINT('',(-7.872309282745,9.056861849273,15.));
#984 = SURFACE_CURVE('',#985,(#990,#997),.PCURVE_S1.);
#985 = CIRCLE('',#986,12.);
#986 = AXIS2_PLACEMENT_3D('',#987,#988,#989);
#987 = CARTESIAN_POINT('',(0.,0.,15.));
#988 = DIRECTION('',(0.,-1.224646799147E-16,-1.));
#989 = DIRECTION('',(1.,0.,0.));
#990 = PCURVE('',#32,#991);
#991 = DEFINITIONAL_REPRESENTATION('',(#992),#996);
#992 = LINE('',#993,#994);
#993 = CARTESIAN_POINT('',(-0.,0.));
#994 = VECTOR('',#995,1.);
#995 = DIRECTION('',(-1.,0.));
#996 = ( GEOMETRIC_REPRESENTATION_CONTEXT(2) 
PARAMETRIC_REPRESENTATION_CONTEXT() REPRESENTATION_CONTEXT('2D SPACE',''
  ) );
#997 = PCURVE('',#129,#998);
#998 = DEFINITIONAL_REPRESENTATION('',(#999),#1003);
#999 = CIRCLE('',#1000,12.);
#1000 = AXIS2_PLACEMENT_2D('',#1001,#1002);
#1001 = CARTESIAN_POINT('',(6.837200662697E-16,3.40453421458E-17));
#1002 = DIRECTION('',(1.,0.));
#1003 = ( GEOMETRIC_REPRESENTATION_CONTEXT(2) 
PARAMETRIC_REPRESENTATION_CONTEXT() REPRESENTATION_CONTEXT('2D SPACE',''
  ) );
#1004 = ORIENTED_EDGE('',*,*,#1005,.F.);
#1005 = EDGE_CURVE('',#1006,#982,#1008,.T.);
#1006 = VERTEX_POINT('',#1007);
#1007 = CARTESIAN_POINT('',(-7.872309282745,9.056861849273,2.2));
#1008 = SURFACE_CURVE('',#1009,(#1013,#1020),.PCURVE_S1.);
#1009 = LINE('',#1010,#1011);
#1010 = CARTESIAN_POINT('',(-7.872309282745,9.056861849273,15.));
#1011 = VECTOR('',#1012,1.);
#1012 = DIRECTION('',(-0.,1.224646799147E-16,1.));
#1013 = PCURVE('',#32,#1014);
#1014 = DEFINITIONAL_REPRESENTATION('',(#1015),#1019);
#1015 = LINE('',#1016,#1017);
#1016 = CARTESIAN_POINT('',(-3.996848050098,0.));
#1017 = VECTOR('',#1018,1.);
#1018 = DIRECTION('',(-0.,1.));
#1019 = ( GEOMETRIC_REPRESENTATION_CONTEXT(2) 
PARAMETRIC_REPRESENTATION_CONTEXT() REPRESENTATION_CONTEXT('2D SPACE',''
  ) );
#1020 = PCURVE('',#1021,#1026);
#1021 = CYLINDRICAL_SURFACE('',#1022,0.9);
#1022 = AXIS2_PLACEMENT_3D('',#1023,#1024,#1025);
#1023 = CARTESIAN_POINT('',(-8.697413408595,8.697413408595,16.));
#1024 = DIRECTION('',(-0.,1.224646799147E-16,1.));
#1025 = DIRECTION('',(-0.707106781187,0.707106781187,-8.659560562355E-17
    ));
#1026 = DEFINITIONAL_REPRESENTATION('',(#1027),#1031);
#1027 = LINE('',#1028,#1029);
#1028 = CARTESIAN_POINT('',(-1.945346213921,-1.));
#1029 = VECTOR('',#1030,1.);
#1030 = DIRECTION('',(-0.,1.));
#1031 = ( GEOMETRIC_REPRESENTATION_CONTEXT(2) 
PARAMETRIC_REPRESENTATION_CONTEXT() REPRESENTATION_CONTEXT('2D SPACE',''
  ) );
#1032 = ORIENTED_EDGE('',*,*,#1033,.T.);
#1033 = EDGE_CURVE('',#1006,#1034,#1036,.T.);
#1034 = VERTEX_POINT('',#1035);
#1035 = CARTESIAN_POINT('',(-9.056861849273,7.872309282745,2.2));
#1036 = SURFACE_CURVE('',#1037,(#1042,#1049),.PCURVE_S1.);
#1037 = CIRCLE('',#1038,12.);
#1038 = AXIS2_PLACEMENT_3D('',#1039,#1040,#1041);
#1039 = CARTESIAN_POINT('',(0.,-1.567547902909E-15,2.2));
#1040 = DIRECTION('',(-0.,1.224646799147E-16,1.));
#1041 = DIRECTION('',(1.,0.,0.));
#1042 = PCURVE('',#32,#1043);
#1043 = DEFINITIONAL_REPRESENTATION('',(#1044),#1048);
#1044 = LINE('',#1045,#1046);
#1045 = CARTESIAN_POINT('',(-6.28318530718,-12.8));
#1046 = VECTOR('',#1047,1.);
#1047 = DIRECTION('',(1.,-0.));
#1048 = ( GEOMETRIC_REPRESENTATION_CONTEXT(2) 
PARAMETRIC_REPRESENTATION_CONTEXT() REPRESENTATION_CONTEXT('2D SPACE',''
  ) );
#1049 = PCURVE('',#1050,#1055);
#1050 = PLANE('',#1051);
#1051 = AXIS2_PLACEMENT_3D('',#1052,#1053,#1054);
#1052 = CARTESIAN_POINT('',(12.3,-1.578289059092E-15,2.2));
#1053 = DIRECTION('',(0.,-1.224646799147E-16,-1.));
#1054 = DIRECTION('',(1.,0.,0.));
#1055 = DEFINITIONAL_REPRESENTATION('',(#1056),#1064);
#1056 = ( BOUNDED_CURVE() B_SPLINE_CURVE(2,(#1057,#1058,#1059,#1060,
#1061,#1062,#1063),.UNSPECIFIED.,.T.,.F.) B_SPLINE_CURVE_WITH_KNOTS((1,2
    ,2,2,2,1),(-2.094395102393,0.,2.094395102393,4.188790204786,
6.28318530718,8.377580409573),.UNSPECIFIED.) CURVE() 
GEOMETRIC_REPRESENTATION_ITEM() RATIONAL_B_SPLINE_CURVE((1.,0.5,1.,0.5,
1.,0.5,1.)) REPRESENTATION_ITEM('') );
#1057 = CARTESIAN_POINT('',(-0.3,-1.07411561832E-17));
#1058 = CARTESIAN_POINT('',(-0.3,-20.78460969082));
#1059 = CARTESIAN_POINT('',(-18.3,-10.39230484541));
#1060 = CARTESIAN_POINT('',(-36.3,-2.949893474137E-15));
#1061 = CARTESIAN_POINT('',(-18.3,10.392304845413));
#1062 = CARTESIAN_POINT('',(-0.3,20.784609690827));
#1063 = CARTESIAN_POINT('',(-0.3,-1.07411561832E-17));
#1064 = ( GEOMETRIC_REPRESENTATION_CONTEXT(2) 
PARAMETRIC_REPRESENTATION_CONTEXT() REPRESENTATION_CONTEXT('2D SPACE',''
  ) );
#1065 = ORIENTED_EDGE('',*,*,#1066,.T.);
#1066 = EDGE_CURVE('',#1034,#1067,#1069,.T.);
#1067 = VERTEX_POINT('',#1068);
#1068 = CARTESIAN_POINT('',(-9.056861849273,7.872309282745,15.));
#1069 = SURFACE_CURVE('',#1070,(#1074,#1081),.PCURVE_S1.);
#1070 = LINE('',#1071,#1072);
#1071 = CARTESIAN_POINT('',(-9.056861849273,7.872309282745,15.));
#1072 = VECTOR('',#1073,1.);
#1073 = DIRECTION('',(-0.,1.224646799147E-16,1.));
#1074 = PCURVE('',#32,#1075);
#1075 = DEFINITIONAL_REPRESENTATION('',(#1076),#1080);
#1076 = LINE('',#1077,#1078);
#1077 = CARTESIAN_POINT('',(-3.857133583877,0.));
#1078 = VECTOR('',#1079,1.);
#1079 = DIRECTION('',(-0.,1.));
#1080 = ( GEOMETRIC_REPRESENTATION_CONTEXT(2) 
PARAMETRIC_REPRESENTATION_CONTEXT() REPRESENTATION_CONTEXT('2D SPACE',''
  ) );
#1081 = PCURVE('',#1021,#1082);
#1082 = DEFINITIONAL_REPRESENTATION('',(#1083),#1087);
#1083 = LINE('',#1084,#1085);
#1084 = CARTESIAN_POINT('',(-4.337839093259,-1.));
#1085 = VECTOR('',#1086,1.);
#1086 = DIRECTION('',(-0.,1.));
#1087 = ( GEOMETRIC_REPRESENTATION_CONTEXT(2) 
PARAMETRIC_REPRESENTATION_CONTEXT() REPRESENTATION_CONTEXT('2D SPACE',''
  ) );
#1088 = ORIENTED_EDGE('',*,*,#1089,.F.);
#1089 = EDGE_CURVE('',#1090,#1067,#1092,.T.);
#1090 = VERTEX_POINT('',#1091);
#1091 = CARTESIAN_POINT('',(-9.948155184193,6.710753194033,15.));
#1092 = SURFACE_CURVE('',#1093,(#1098,#1105),.PCURVE_S1.);
#1093 = CIRCLE('',#1094,12.);
#1094 = AXIS2_PLACEMENT_3D('',#1095,#1096,#1097);
#1095 = CARTESIAN_POINT('',(0.,0.,15.));
#1096 = DIRECTION('',(0.,-1.224646799147E-16,-1.));
#1097 = DIRECTION('',(1.,0.,0.));
#1098 = PCURVE('',#32,#1099);
#1099 = DEFINITIONAL_REPRESENTATION('',(#1100),#1104);
#1100 = LINE('',#1101,#1102);
#1101 = CARTESIAN_POINT('',(-0.,0.));
#1102 = VECTOR('',#1103,1.);
#1103 = DIRECTION('',(-1.,0.));
#1104 = ( GEOMETRIC_REPRESENTATION_CONTEXT(2) 
PARAMETRIC_REPRESENTATION_CONTEXT() REPRESENTATION_CONTEXT('2D SPACE',''
  ) );
#1105 = PCURVE('',#129,#1106);
#1106 = DEFINITIONAL_REPRESENTATION('',(#1107),#1111);
#1107 = CIRCLE('',#1108,12.);
#1108 = AXIS2_PLACEMENT_2D('',#1109,#1110);
#1109 = CARTESIAN_POINT('',(6.837200662697E-16,3.40453421458E-17));
#1110 = DIRECTION('',(1.,0.));
#1111 = ( GEOMETRIC_REPRESENTATION_CONTEXT(2) 
PARAMETRIC_REPRESENTATION_CONTEXT() REPRESENTATION_CONTEXT('2D SPACE',''
  ) );
#1112 = ORIENTED_EDGE('',*,*,#1113,.F.);
#1113 = EDGE_CURVE('',#1114,#1090,#1116,.T.);
#1114 = VERTEX_POINT('',#1115);
#1115 = CARTESIAN_POINT('',(-9.948155184193,6.710753194033,2.2));
#1116 = SURFACE_CURVE('',#1117,(#1121,#1128),.PCURVE_S1.);
#1117 = LINE('',#1118,#1119);
#1118 = CARTESIAN_POINT('',(-9.948155184193,6.710753194033,15.));
#1119 = VECTOR('',#1120,1.);
#1120 = DIRECTION('',(-0.,1.224646799147E-16,1.));
#1121 = PCURVE('',#32,#1122);
#1122 = DEFINITIONAL_REPRESENTATION('',(#1123),#1127);
#1123 = LINE('',#1124,#1125);
#1124 = CARTESIAN_POINT('',(-3.735048662299,0.));
#1125 = VECTOR('',#1126,1.);
#1126 = DIRECTION('',(-0.,1.));
#1127 = ( GEOMETRIC_REPRESENTATION_CONTEXT(2) 
PARAMETRIC_REPRESENTATION_CONTEXT() REPRESENTATION_CONTEXT('2D SPACE',''
  ) );
#1128 = PCURVE('',#1129,#1134);
#1129 = CYLINDRICAL_SURFACE('',#1130,0.9);
#1130 = AXIS2_PLACEMENT_3D('',#1131,#1132,#1133);
#1131 = CARTESIAN_POINT('',(-10.65211246654,6.15,16.));
#1132 = DIRECTION('',(-0.,1.224646799147E-16,1.));
#1133 = DIRECTION('',(-0.866025403784,0.5,-6.123233995737E-17));
#1134 = DEFINITIONAL_REPRESENTATION('',(#1135),#1139);
#1135 = LINE('',#1136,#1137);
#1136 = CARTESIAN_POINT('',(-1.945346213921,-1.));
#1137 = VECTOR('',#1138,1.);
#1138 = DIRECTION('',(-0.,1.));
#1139 = ( GEOMETRIC_REPRESENTATION_CONTEXT(2) 
PARAMETRIC_REPRESENTATION_CONTEXT() REPRESENTATION_CONTEXT('2D SPACE',''
  ) );
#1140 = ORIENTED_EDGE('',*,*,#1141,.T.);
#1141 = EDGE_CURVE('',#1114,#1142,#1144,.T.);
#1142 = VERTEX_POINT('',#1143);
#1143 = CARTESIAN_POINT('',(-10.78576033665,5.259978513284,2.2));
#1144 = SURFACE_CURVE('',#1145,(#1150,#1157),.PCURVE_S1.);
#1145 = CIRCLE('',#1146,12.);
#1146 = AXIS2_PLACEMENT_3D('',#1147,#1148,#1149);
#1147 = CARTESIAN_POINT('',(0.,-1.567547902909E-15,2.2));
#1148 = DIRECTION('',(-0.,1.224646799147E-16,1.));
#1149 = DIRECTION('',(1.,0.,0.));
#1150 = PCURVE('',#32,#1151);
#1151 = DEFINITIONAL_REPRESENTATION('',(#1152),#1156);
#1152 = LINE('',#1153,#1154);
#1153 = CARTESIAN_POINT('',(-6.28318530718,-12.8));
#1154 = VECTOR('',#1155,1.);
#1155 = DIRECTION('',(1.,-0.));
#1156 = ( GEOMETRIC_REPRESENTATION_CONTEXT(2) 
PARAMETRIC_REPRESENTATION_CONTEXT() REPRESENTATION_CONTEXT('2D SPACE',''
  ) );
#1157 = PCURVE('',#1158,#1163);
#1158 = PLANE('',#1159);
#1159 = AXIS2_PLACEMENT_3D('',#1160,#1161,#1162);
#1160 = CARTESIAN_POINT('',(12.3,-1.578289059092E-15,2.2));
#1161 = DIRECTION('',(0.,-1.224646799147E-16,-1.));
#1162 = DIRECTION('',(1.,0.,0.));
#1163 = DEFINITIONAL_REPRESENTATION('',(#1164),#1172);
#1164 = ( BOUNDED_CURVE() B_SPLINE_CURVE(2,(#1165,#1166,#1167,#1168,
#1169,#1170,#1171),.UNSPECIFIED.,.T.,.F.) B_SPLINE_CURVE_WITH_KNOTS((1,2
    ,2,2,2,1),(-2.094395102393,0.,2.094395102393,4.188790204786,
6.28318530718,8.377580409573),.UNSPECIFIED.) CURVE() 
GEOMETRIC_REPRESENTATION_ITEM() RATIONAL_B_SPLINE_CURVE((1.,0.5,1.,0.5,
1.,0.5,1.)) REPRESENTATION_ITEM('') );
#1165 = CARTESIAN_POINT('',(-0.3,-1.07411561832E-17));
#1166 = CARTESIAN_POINT('',(-0.3,-20.78460969082));
#1167 = CARTESIAN_POINT('',(-18.3,-10.39230484541));
#1168 = CARTESIAN_POINT('',(-36.3,-2.949893474137E-15));
#1169 = CARTESIAN_POINT('',(-18.3,10.392304845413));
#1170 = CARTESIAN_POINT('',(-0.3,20.784609690827));
#1171 = CARTESIAN_POINT('',(-0.3,-1.07411561832E-17));
#1172 = ( GEOMETRIC_REPRESENTATION_CONTEXT(2) 
PARAMETRIC_REPRESENTATION_CONTEXT() REPRESENTATION_CONTEXT('2D SPACE',''
  ) );
#1173 = ORIENTED_EDGE('',*,*,#1174,.T.);
#1174 = EDGE_CURVE('',#1142,#1175,#1177,.T.);
#1175 = VERTEX_POINT('',#1176);
#1176 = CARTESIAN_POINT('',(-10.78576033665,5.259978513284,15.));
#1177 = SURFACE_CURVE('',#1178,(#1182,#1189),.PCURVE_S1.);
#1178 = LINE('',#1179,#1180);
#1179 = CARTESIAN_POINT('',(-10.78576033665,5.259978513284,15.));
#1180 = VECTOR('',#1181,1.);
#1181 = DIRECTION('',(-0.,1.224646799147E-16,1.));
#1182 = PCURVE('',#32,#1183);
#1183 = DEFINITIONAL_REPRESENTATION('',(#1184),#1188);
#1184 = LINE('',#1185,#1186);
#1185 = CARTESIAN_POINT('',(-3.595334196077,0.));
#1186 = VECTOR('',#1187,1.);
#1187 = DIRECTION('',(-0.,1.));
#1188 = ( GEOMETRIC_REPRESENTATION_CONTEXT(2) 
PARAMETRIC_REPRESENTATION_CONTEXT() REPRESENTATION_CONTEXT('2D SPACE',''
  ) );
#1189 = PCURVE('',#1129,#1190);
#1190 = DEFINITIONAL_REPRESENTATION('',(#1191),#1195);
#1191 = LINE('',#1192,#1193);
#1192 = CARTESIAN_POINT('',(-4.337839093259,-1.));
#1193 = VECTOR('',#1194,1.);
#1194 = DIRECTION('',(-0.,1.));
#1195 = ( GEOMETRIC_REPRESENTATION_CONTEXT(2) 
PARAMETRIC_REPRESENTATION_CONTEXT() REPRESENTATION_CONTEXT('2D SPACE',''
  ) );
#1196 = ORIENTED_EDGE('',*,*,#1197,.F.);
#1197 = EDGE_CURVE('',#1198,#1175,#1200,.T.);
#1198 = VERTEX_POINT('',#1199);
#1199 = CARTESIAN_POINT('',(-11.34605074994,3.907317798664,15.));
#1200 = SURFACE_CURVE('',#1201,(#1206,#1213),.PCURVE_S1.);
#1201 = CIRCLE('',#1202,12.);
#1202 = AXIS2_PLACEMENT_3D('',#1203,#1204,#1205);
#1203 = CARTESIAN_POINT('',(0.,0.,15.));
#1204 = DIRECTION('',(0.,-1.224646799147E-16,-1.));
#1205 = DIRECTION('',(1.,0.,0.));
#1206 = PCURVE('',#32,#1207);
#1207 = DEFINITIONAL_REPRESENTATION('',(#1208),#1212);
#1208 = LINE('',#1209,#1210);
#1209 = CARTESIAN_POINT('',(-0.,0.));
#1210 = VECTOR('',#1211,1.);
#1211 = DIRECTION('',(-1.,0.));
#1212 = ( GEOMETRIC_REPRESENTATION_CONTEXT(2) 
PARAMETRIC_REPRESENTATION_CONTEXT() REPRESENTATION_CONTEXT('2D SPACE',''
  ) );
#1213 = PCURVE('',#129,#1214);
#1214 = DEFINITIONAL_REPRESENTATION('',(#1215),#1219);
#1215 = CIRCLE('',#1216,12.);
#1216 = AXIS2_PLACEMENT_2D('',#1217,#1218);
#1217 = CARTESIAN_POINT('',(6.837200662697E-16,3.40453421458E-17));
#1218 = DIRECTION('',(1.,0.));
#1219 = ( GEOMETRIC_REPRESENTATION_CONTEXT(2) 
PARAMETRIC_REPRESENTATION_CONTEXT() REPRESENTATION_CONTEXT('2D SPACE',''
  ) );
#1220 = ORIENTED_EDGE('',*,*,#1221,.F.);
#1221 = EDGE_CURVE('',#1222,#1198,#1224,.T.);
#1222 = VERTEX_POINT('',#1223);
#1223 = CARTESIAN_POINT('',(-11.34605074994,3.907317798664,2.2));
#1224 = SURFACE_CURVE('',#1225,(#1229,#1236),.PCURVE_S1.);
#1225 = LINE('',#1226,#1227);
#1226 = CARTESIAN_POINT('',(-11.34605074994,3.907317798664,15.));
#1227 = VECTOR('',#1228,1.);
#1228 = DIRECTION('',(-0.,1.224646799147E-16,1.));
#1229 = PCURVE('',#32,#1230);
#1230 = DEFINITIONAL_REPRESENTATION('',(#1231),#1235);
#1231 = LINE('',#1232,#1233);
#1232 = CARTESIAN_POINT('',(-3.4732492745,0.));
#1233 = VECTOR('',#1234,1.);
#1234 = DIRECTION('',(-0.,1.));
#1235 = ( GEOMETRIC_REPRESENTATION_CONTEXT(2) 
PARAMETRIC_REPRESENTATION_CONTEXT() REPRESENTATION_CONTEXT('2D SPACE',''
  ) );
#1236 = PCURVE('',#1237,#1242);
#1237 = CYLINDRICAL_SURFACE('',#1238,0.9);
#1238 = AXIS2_PLACEMENT_3D('',#1239,#1240,#1241);
#1239 = CARTESIAN_POINT('',(-11.88088766335,3.183474254761,16.));
#1240 = DIRECTION('',(-0.,1.224646799147E-16,1.));
#1241 = DIRECTION('',(-0.965925826289,0.258819045103,-3.169619151432E-17
    ));
#1242 = DEFINITIONAL_REPRESENTATION('',(#1243),#1247);
#1243 = LINE('',#1244,#1245);
#1244 = CARTESIAN_POINT('',(-1.945346213921,-1.));
#1245 = VECTOR('',#1246,1.);
#1246 = DIRECTION('',(-0.,1.));
#1247 = ( GEOMETRIC_REPRESENTATION_CONTEXT(2) 
PARAMETRIC_REPRESENTATION_CONTEXT() REPRESENTATION_CONTEXT('2D SPACE',''
  ) );
#1248 = ORIENTED_EDGE('',*,*,#1249,.T.);
#1249 = EDGE_CURVE('',#1222,#1250,#1252,.T.);
#1250 = VERTEX_POINT('',#1251);
#1251 = CARTESIAN_POINT('',(-11.7796270814,2.289188900669,2.2));
#1252 = SURFACE_CURVE('',#1253,(#1258,#1265),.PCURVE_S1.);
#1253 = CIRCLE('',#1254,12.);
#1254 = AXIS2_PLACEMENT_3D('',#1255,#1256,#1257);
#1255 = CARTESIAN_POINT('',(0.,-1.567547902909E-15,2.2));
#1256 = DIRECTION('',(-0.,1.224646799147E-16,1.));
#1257 = DIRECTION('',(1.,0.,0.));
#1258 = PCURVE('',#32,#1259);
#1259 = DEFINITIONAL_REPRESENTATION('',(#1260),#1264);
#1260 = LINE('',#1261,#1262);
#1261 = CARTESIAN_POINT('',(-6.28318530718,-12.8));
#1262 = VECTOR('',#1263,1.);
#1263 = DIRECTION('',(1.,-0.));
#1264 = ( GEOMETRIC_REPRESENTATION_CONTEXT(2) 
PARAMETRIC_REPRESENTATION_CONTEXT() REPRESENTATION_CONTEXT('2D SPACE',''
  ) );
#1265 = PCURVE('',#1266,#1271);
#1266 = PLANE('',#1267);
#1267 = AXIS2_PLACEMENT_3D('',#1268,#1269,#1270);
#1268 = CARTESIAN_POINT('',(12.3,-1.578289059092E-15,2.2));
#1269 = DIRECTION('',(0.,-1.224646799147E-16,-1.));
#1270 = DIRECTION('',(1.,0.,0.));
#1271 = DEFINITIONAL_REPRESENTATION('',(#1272),#1280);
#1272 = ( BOUNDED_CURVE() B_SPLINE_CURVE(2,(#1273,#1274,#1275,#1276,
#1277,#1278,#1279),.UNSPECIFIED.,.T.,.F.) B_SPLINE_CURVE_WITH_KNOTS((1,2
    ,2,2,2,1),(-2.094395102393,0.,2.094395102393,4.188790204786,
6.28318530718,8.377580409573),.UNSPECIFIED.) CURVE() 
GEOMETRIC_REPRESENTATION_ITEM() RATIONAL_B_SPLINE_CURVE((1.,0.5,1.,0.5,
1.,0.5,1.)) REPRESENTATION_ITEM('') );
#1273 = CARTESIAN_POINT('',(-0.3,-1.07411561832E-17));
#1274 = CARTESIAN_POINT('',(-0.3,-20.78460969082));
#1275 = CARTESIAN_POINT('',(-18.3,-10.39230484541));
#1276 = CARTESIAN_POINT('',(-36.3,-2.949893474137E-15));
#1277 = CARTESIAN_POINT('',(-18.3,10.392304845413));
#1278 = CARTESIAN_POINT('',(-0.3,20.784609690827));
#1279 = CARTESIAN_POINT('',(-0.3,-1.07411561832E-17));
#1280 = ( GEOMETRIC_REPRESENTATION_CONTEXT(2) 
PARAMETRIC_REPRESENTATION_CONTEXT() REPRESENTATION_CONTEXT('2D SPACE',''
  ) );
#1281 = ORIENTED_EDGE('',*,*,#1282,.T.);
#1282 = EDGE_CURVE('',#1250,#1283,#1285,.T.);
#1283 = VERTEX_POINT('',#1284);
#1284 = CARTESIAN_POINT('',(-11.7796270814,2.289188900669,15.));
#1285 = SURFACE_CURVE('',#1286,(#1290,#1297),.PCURVE_S1.);
#1286 = LINE('',#1287,#1288);
#1287 = CARTESIAN_POINT('',(-11.7796270814,2.289188900669,15.));
#1288 = VECTOR('',#1289,1.);
#1289 = DIRECTION('',(-0.,1.224646799147E-16,1.));
#1290 = PCURVE('',#32,#1291);
#1291 = DEFINITIONAL_REPRESENTATION('',(#1292),#1296);
#1292 = LINE('',#1293,#1294);
#1293 = CARTESIAN_POINT('',(-3.333534808278,0.));
#1294 = VECTOR('',#1295,1.);
#1295 = DIRECTION('',(-0.,1.));
#1296 = ( GEOMETRIC_REPRESENTATION_CONTEXT(2) 
PARAMETRIC_REPRESENTATION_CONTEXT() REPRESENTATION_CONTEXT('2D SPACE',''
  ) );
#1297 = PCURVE('',#1237,#1298);
#1298 = DEFINITIONAL_REPRESENTATION('',(#1299),#1303);
#1299 = LINE('',#1300,#1301);
#1300 = CARTESIAN_POINT('',(-4.337839093259,-1.));
#1301 = VECTOR('',#1302,1.);
#1302 = DIRECTION('',(-0.,1.));
#1303 = ( GEOMETRIC_REPRESENTATION_CONTEXT(2) 
PARAMETRIC_REPRESENTATION_CONTEXT() REPRESENTATION_CONTEXT('2D SPACE',''
  ) );
#1304 = ORIENTED_EDGE('',*,*,#1305,.F.);
#1305 = EDGE_CURVE('',#1306,#1283,#1308,.T.);
#1306 = VERTEX_POINT('',#1307);
#1307 = CARTESIAN_POINT('',(-11.97073170731,0.837605152464,15.));
#1308 = SURFACE_CURVE('',#1309,(#1314,#1321),.PCURVE_S1.);
#1309 = CIRCLE('',#1310,12.);
#1310 = AXIS2_PLACEMENT_3D('',#1311,#1312,#1313);
#1311 = CARTESIAN_POINT('',(0.,0.,15.));
#1312 = DIRECTION('',(0.,-1.224646799147E-16,-1.));
#1313 = DIRECTION('',(1.,0.,0.));
#1314 = PCURVE('',#32,#1315);
#1315 = DEFINITIONAL_REPRESENTATION('',(#1316),#1320);
#1316 = LINE('',#1317,#1318);
#1317 = CARTESIAN_POINT('',(-0.,0.));
#1318 = VECTOR('',#1319,1.);
#1319 = DIRECTION('',(-1.,0.));
#1320 = ( GEOMETRIC_REPRESENTATION_CONTEXT(2) 
PARAMETRIC_REPRESENTATION_CONTEXT() REPRESENTATION_CONTEXT('2D SPACE',''
  ) );
#1321 = PCURVE('',#129,#1322);
#1322 = DEFINITIONAL_REPRESENTATION('',(#1323),#1327);
#1323 = CIRCLE('',#1324,12.);
#1324 = AXIS2_PLACEMENT_2D('',#1325,#1326);
#1325 = CARTESIAN_POINT('',(6.837200662697E-16,3.40453421458E-17));
#1326 = DIRECTION('',(1.,0.));
#1327 = ( GEOMETRIC_REPRESENTATION_CONTEXT(2) 
PARAMETRIC_REPRESENTATION_CONTEXT() REPRESENTATION_CONTEXT('2D SPACE',''
  ) );
#1328 = ORIENTED_EDGE('',*,*,#1329,.F.);
#1329 = EDGE_CURVE('',#1330,#1306,#1332,.T.);
#1330 = VERTEX_POINT('',#1331);
#1331 = CARTESIAN_POINT('',(-11.97073170731,0.837605152464,2.2));
#1332 = SURFACE_CURVE('',#1333,(#1337,#1344),.PCURVE_S1.);
#1333 = LINE('',#1334,#1335);
#1334 = CARTESIAN_POINT('',(-11.97073170731,0.837605152464,15.));
#1335 = VECTOR('',#1336,1.);
#1336 = DIRECTION('',(-0.,1.224646799147E-16,1.));
#1337 = PCURVE('',#32,#1338);
#1338 = DEFINITIONAL_REPRESENTATION('',(#1339),#1343);
#1339 = LINE('',#1340,#1341);
#1340 = CARTESIAN_POINT('',(-3.2114498867,0.));
#1341 = VECTOR('',#1342,1.);
#1342 = DIRECTION('',(-0.,1.));
#1343 = ( GEOMETRIC_REPRESENTATION_CONTEXT(2) 
PARAMETRIC_REPRESENTATION_CONTEXT() REPRESENTATION_CONTEXT('2D SPACE',''
  ) );
#1344 = PCURVE('',#1345,#1350);
#1345 = CYLINDRICAL_SURFACE('',#1346,0.9);
#1346 = AXIS2_PLACEMENT_3D('',#1347,#1348,#1349);
#1347 = CARTESIAN_POINT('',(-12.3,-1.383850883037E-15,16.));
#1348 = DIRECTION('',(-0.,1.224646799147E-16,1.));
#1349 = DIRECTION('',(-1.,-1.224646799147E-16,1.499759782662E-32));
#1350 = DEFINITIONAL_REPRESENTATION('',(#1351),#1355);
#1351 = LINE('',#1352,#1353);
#1352 = CARTESIAN_POINT('',(-1.945346213921,-1.));
#1353 = VECTOR('',#1354,1.);
#1354 = DIRECTION('',(-0.,1.));
#1355 = ( GEOMETRIC_REPRESENTATION_CONTEXT(2) 
PARAMETRIC_REPRESENTATION_CONTEXT() REPRESENTATION_CONTEXT('2D SPACE',''
  ) );
#1356 = ORIENTED_EDGE('',*,*,#1357,.T.);
#1357 = EDGE_CURVE('',#1330,#1358,#1360,.T.);
#1358 = VERTEX_POINT('',#1359);
#1359 = CARTESIAN_POINT('',(-11.97073170731,-0.837605152464,2.2));
#1360 = SURFACE_CURVE('',#1361,(#1366,#1373),.PCURVE_S1.);
#1361 = CIRCLE('',#1362,12.);
#1362 = AXIS2_PLACEMENT_3D('',#1363,#1364,#1365);
#1363 = CARTESIAN_POINT('',(0.,-1.567547902909E-15,2.2));
#1364 = DIRECTION('',(-0.,1.224646799147E-16,1.));
#1365 = DIRECTION('',(1.,0.,0.));
#1366 = PCURVE('',#32,#1367);
#1367 = DEFINITIONAL_REPRESENTATION('',(#1368),#1372);
#1368 = LINE('',#1369,#1370);
#1369 = CARTESIAN_POINT('',(-6.28318530718,-12.8));
#1370 = VECTOR('',#1371,1.);
#1371 = DIRECTION('',(1.,-0.));
#1372 = ( GEOMETRIC_REPRESENTATION_CONTEXT(2) 
PARAMETRIC_REPRESENTATION_CONTEXT() REPRESENTATION_CONTEXT('2D SPACE',''
  ) );
#1373 = PCURVE('',#1374,#1379);
#1374 = PLANE('',#1375);
#1375 = AXIS2_PLACEMENT_3D('',#1376,#1377,#1378);
#1376 = CARTESIAN_POINT('',(12.3,-1.578289059092E-15,2.2));
#1377 = DIRECTION('',(0.,-1.224646799147E-16,-1.));
#1378 = DIRECTION('',(1.,0.,0.));
#1379 = DEFINITIONAL_REPRESENTATION('',(#1380),#1388);
#1380 = ( BOUNDED_CURVE() B_SPLINE_CURVE(2,(#1381,#1382,#1383,#1384,
#1385,#1386,#1387),.UNSPECIFIED.,.T.,.F.) B_SPLINE_CURVE_WITH_KNOTS((1,2
    ,2,2,2,1),(-2.094395102393,0.,2.094395102393,4.188790204786,
6.28318530718,8.377580409573),.UNSPECIFIED.) CURVE() 
GEOMETRIC_REPRESENTATION_ITEM() RATIONAL_B_SPLINE_CURVE((1.,0.5,1.,0.5,
1.,0.5,1.)) REPRESENTATION_ITEM('') );
#1381 = CARTESIAN_POINT('',(-0.3,-1.07411561832E-17));
#1382 = CARTESIAN_POINT('',(-0.3,-20.78460969082));
#1383 = CARTESIAN_POINT('',(-18.3,-10.39230484541));
#1384 = CARTESIAN_POINT('',(-36.3,-2.949893474137E-15));
#1385 = CARTESIAN_POINT('',(-18.3,10.392304845413));
#1386 = CARTESIAN_POINT('',(-0.3,20.784609690827));
#1387 = CARTESIAN_POINT('',(-0.3,-1.07411561832E-17));
#1388 = ( GEOMETRIC_REPRESENTATION_CONTEXT(2) 
PARAMETRIC_REPRESENTATION_CONTEXT() REPRESENTATION_CONTEXT('2D SPACE',''
  ) );
#1389 = ORIENTED_EDGE('',*,*,#1390,.T.);
#1390 = EDGE_CURVE('',#1358,#1391,#1393,.T.);
#1391 = VERTEX_POINT('',#1392);
#1392 = CARTESIAN_POINT('',(-11.97073170731,-0.837605152464,15.));
#1393 = SURFACE_CURVE('',#1394,(#1398,#1405),.PCURVE_S1.);
#1394 = LINE('',#1395,#1396);
#1395 = CARTESIAN_POINT('',(-11.97073170731,-0.837605152464,15.));
#1396 = VECTOR('',#1397,1.);
#1397 = DIRECTION('',(-0.,1.224646799147E-16,1.));
#1398 = PCURVE('',#32,#1399);
#1399 = DEFINITIONAL_REPRESENTATION('',(#1400),#1404);
#1400 = LINE('',#1401,#1402);
#1401 = CARTESIAN_POINT('',(-3.071735420479,0.));
#1402 = VECTOR('',#1403,1.);
#1403 = DIRECTION('',(-0.,1.));
#1404 = ( GEOMETRIC_REPRESENTATION_CONTEXT(2) 
PARAMETRIC_REPRESENTATION_CONTEXT() REPRESENTATION_CONTEXT('2D SPACE',''
  ) );
#1405 = PCURVE('',#1345,#1406);
#1406 = DEFINITIONAL_REPRESENTATION('',(#1407),#1411);
#1407 = LINE('',#1408,#1409);
#1408 = CARTESIAN_POINT('',(-4.337839093259,-1.));
#1409 = VECTOR('',#1410,1.);
#1410 = DIRECTION('',(-0.,1.));
#1411 = ( GEOMETRIC_REPRESENTATION_CONTEXT(2) 
PARAMETRIC_REPRESENTATION_CONTEXT() REPRESENTATION_CONTEXT('2D SPACE',''
  ) );
#1412 = ORIENTED_EDGE('',*,*,#1413,.F.);
#1413 = EDGE_CURVE('',#1414,#1391,#1416,.T.);
#1414 = VERTEX_POINT('',#1415);
#1415 = CARTESIAN_POINT('',(-11.7796270814,-2.289188900669,15.));
#1416 = SURFACE_CURVE('',#1417,(#1422,#1429),.PCURVE_S1.);
#1417 = CIRCLE('',#1418,12.);
#1418 = AXIS2_PLACEMENT_3D('',#1419,#1420,#1421);
#1419 = CARTESIAN_POINT('',(0.,0.,15.));
#1420 = DIRECTION('',(0.,-1.224646799147E-16,-1.));
#1421 = DIRECTION('',(1.,0.,0.));
#1422 = PCURVE('',#32,#1423);
#1423 = DEFINITIONAL_REPRESENTATION('',(#1424),#1428);
#1424 = LINE('',#1425,#1426);
#1425 = CARTESIAN_POINT('',(-0.,0.));
#1426 = VECTOR('',#1427,1.);
#1427 = DIRECTION('',(-1.,0.));
#1428 = ( GEOMETRIC_REPRESENTATION_CONTEXT(2) 
PARAMETRIC_REPRESENTATION_CONTEXT() REPRESENTATION_CONTEXT('2D SPACE',''
  ) );
#1429 = PCURVE('',#129,#1430);
#1430 = DEFINITIONAL_REPRESENTATION('',(#1431),#1435);
#1431 = CIRCLE('',#1432,12.);
#1432 = AXIS2_PLACEMENT_2D('',#1433,#1434);
#1433 = CARTESIAN_POINT('',(6.837200662697E-16,3.40453421458E-17));
#1434 = DIRECTION('',(1.,0.));
#1435 = ( GEOMETRIC_REPRESENTATION_CONTEXT(2) 
PARAMETRIC_REPRESENTATION_CONTEXT() REPRESENTATION_CONTEXT('2D SPACE',''
  ) );
#1436 = ORIENTED_EDGE('',*,*,#1437,.F.);
#1437 = EDGE_CURVE('',#1438,#1414,#1440,.T.);
#1438 = VERTEX_POINT('',#1439);
#1439 = CARTESIAN_POINT('',(-11.7796270814,-2.289188900669,2.2));
#1440 = SURFACE_CURVE('',#1441,(#1445,#1452),.PCURVE_S1.);
#1441 = LINE('',#1442,#1443);
#1442 = CARTESIAN_POINT('',(-11.7796270814,-2.289188900669,15.));
#1443 = VECTOR('',#1444,1.);
#1444 = DIRECTION('',(-0.,1.224646799147E-16,1.));
#1445 = PCURVE('',#32,#1446);
#1446 = DEFINITIONAL_REPRESENTATION('',(#1447),#1451);
#1447 = LINE('',#1448,#1449);
#1448 = CARTESIAN_POINT('',(-2.949650498901,0.));
#1449 = VECTOR('',#1450,1.);
#1450 = DIRECTION('',(-0.,1.));
#1451 = ( GEOMETRIC_REPRESENTATION_CONTEXT(2) 
PARAMETRIC_REPRESENTATION_CONTEXT() REPRESENTATION_CONTEXT('2D SPACE',''
  ) );
#1452 = PCURVE('',#1453,#1458);
#1453 = CYLINDRICAL_SURFACE('',#1454,0.9);
#1454 = AXIS2_PLACEMENT_3D('',#1455,#1456,#1457);
#1455 = CARTESIAN_POINT('',(-11.88088766335,-3.183474254761,16.));
#1456 = DIRECTION('',(-0.,1.224646799147E-16,1.));
#1457 = DIRECTION('',(-0.965925826289,-0.258819045103,3.169619151432E-17
    ));
#1458 = DEFINITIONAL_REPRESENTATION('',(#1459),#1463);
#1459 = LINE('',#1460,#1461);
#1460 = CARTESIAN_POINT('',(-1.945346213921,-1.));
#1461 = VECTOR('',#1462,1.);
#1462 = DIRECTION('',(-0.,1.));
#1463 = ( GEOMETRIC_REPRESENTATION_CONTEXT(2) 
PARAMETRIC_REPRESENTATION_CONTEXT() REPRESENTATION_CONTEXT('2D SPACE',''
  ) );
#1464 = ORIENTED_EDGE('',*,*,#1465,.T.);
#1465 = EDGE_CURVE('',#1438,#1466,#1468,.T.);
#1466 = VERTEX_POINT('',#1467);
#1467 = CARTESIAN_POINT('',(-11.34605074994,-3.907317798664,2.2));
#1468 = SURFACE_CURVE('',#1469,(#1474,#1481),.PCURVE_S1.);
#1469 = CIRCLE('',#1470,12.);
#1470 = AXIS2_PLACEMENT_3D('',#1471,#1472,#1473);
#1471 = CARTESIAN_POINT('',(0.,-1.567547902909E-15,2.2));
#1472 = DIRECTION('',(-0.,1.224646799147E-16,1.));
#1473 = DIRECTION('',(1.,0.,0.));
#1474 = PCURVE('',#32,#1475);
#1475 = DEFINITIONAL_REPRESENTATION('',(#1476),#1480);
#1476 = LINE('',#1477,#1478);
#1477 = CARTESIAN_POINT('',(-6.28318530718,-12.8));
#1478 = VECTOR('',#1479,1.);
#1479 = DIRECTION('',(1.,-0.));
#1480 = ( GEOMETRIC_REPRESENTATION_CONTEXT(2) 
PARAMETRIC_REPRESENTATION_CONTEXT() REPRESENTATION_CONTEXT('2D SPACE',''
  ) );
#1481 = PCURVE('',#1482,#1487);
#1482 = PLANE('',#1483);
#1483 = AXIS2_PLACEMENT_3D('',#1484,#1485,#1486);
#1484 = CARTESIAN_POINT('',(12.3,-1.578289059092E-15,2.2));
#1485 = DIRECTION('',(0.,-1.224646799147E-16,-1.));
#1486 = DIRECTION('',(1.,0.,0.));
#1487 = DEFINITIONAL_REPRESENTATION('',(#1488),#1496);
#1488 = ( BOUNDED_CURVE() B_SPLINE_CURVE(2,(#1489,#1490,#1491,#1492,
#1493,#1494,#1495),.UNSPECIFIED.,.T.,.F.) B_SPLINE_CURVE_WITH_KNOTS((1,2
    ,2,2,2,1),(-2.094395102393,0.,2.094395102393,4.188790204786,
6.28318530718,8.377580409573),.UNSPECIFIED.) CURVE() 
GEOMETRIC_REPRESENTATION_ITEM() RATIONAL_B_SPLINE_CURVE((1.,0.5,1.,0.5,
1.,0.5,1.)) REPRESENTATION_ITEM('') );
#1489 = CARTESIAN_POINT('',(-0.3,-1.07411561832E-17));
#1490 = CARTESIAN_POINT('',(-0.3,-20.78460969082));
#1491 = CARTESIAN_POINT('',(-18.3,-10.39230484541));
#1492 = CARTESIAN_POINT('',(-36.3,-2.949893474137E-15));
#1493 = CARTESIAN_POINT('',(-18.3,10.392304845413));
#1494 = CARTESIAN_POINT('',(-0.3,20.784609690827));
#1495 = CARTESIAN_POINT('',(-0.3,-1.07411561832E-17));
#1496 = ( GEOMETRIC_REPRESENTATION_CONTEXT(2) 
PARAMETRIC_REPRESENTATION_CONTEXT() REPRESENTATION_CONTEXT('2D SPACE',''
  ) );
#1497 = ORIENTED_EDGE('',*,*,#1498,.T.);
#1498 = EDGE_CURVE('',#1466,#1499,#1501,.T.);
#1499 = VERTEX_POINT('',#1500);
#1500 = CARTESIAN_POINT('',(-11.34605074994,-3.907317798664,15.));
#1501 = SURFACE_CURVE('',#1502,(#1506,#1513),.PCURVE_S1.);
#1502 = LINE('',#1503,#1504);
#1503 = CARTESIAN_POINT('',(-11.34605074994,-3.907317798664,15.));
#1504 = VECTOR('',#1505,1.);
#1505 = DIRECTION('',(-0.,1.224646799147E-16,1.));
#1506 = PCURVE('',#32,#1507);
#1507 = DEFINITIONAL_REPRESENTATION('',(#1508),#1512);
#1508 = LINE('',#1509,#1510);
#1509 = CARTESIAN_POINT('',(-2.80993603268,0.));
#1510 = VECTOR('',#1511,1.);
#1511 = DIRECTION('',(-0.,1.));
#1512 = ( GEOMETRIC_REPRESENTATION_CONTEXT(2) 
PARAMETRIC_REPRESENTATION_CONTEXT() REPRESENTATION_CONTEXT('2D SPACE',''
  ) );
#1513 = PCURVE('',#1453,#1514);
#1514 = DEFINITIONAL_REPRESENTATION('',(#1515),#1519);
#1515 = LINE('',#1516,#1517);
#1516 = CARTESIAN_POINT('',(-4.337839093259,-1.));
#1517 = VECTOR('',#1518,1.);
#1518 = DIRECTION('',(-0.,1.));
#1519 = ( GEOMETRIC_REPRESENTATION_CONTEXT(2) 
PARAMETRIC_REPRESENTATION_CONTEXT() REPRESENTATION_CONTEXT('2D SPACE',''
  ) );
#1520 = ORIENTED_EDGE('',*,*,#1521,.F.);
#1521 = EDGE_CURVE('',#1522,#1499,#1524,.T.);
#1522 = VERTEX_POINT('',#1523);
#1523 = CARTESIAN_POINT('',(-10.78576033665,-5.259978513284,15.));
#1524 = SURFACE_CURVE('',#1525,(#1530,#1537),.PCURVE_S1.);
#1525 = CIRCLE('',#1526,12.);
#1526 = AXIS2_PLACEMENT_3D('',#1527,#1528,#1529);
#1527 = CARTESIAN_POINT('',(0.,0.,15.));
#1528 = DIRECTION('',(0.,-1.224646799147E-16,-1.));
#1529 = DIRECTION('',(1.,0.,0.));
#1530 = PCURVE('',#32,#1531);
#1531 = DEFINITIONAL_REPRESENTATION('',(#1532),#1536);
#1532 = LINE('',#1533,#1534);
#1533 = CARTESIAN_POINT('',(-0.,0.));
#1534 = VECTOR('',#1535,1.);
#1535 = DIRECTION('',(-1.,0.));
#1536 = ( GEOMETRIC_REPRESENTATION_CONTEXT(2) 
PARAMETRIC_REPRESENTATION_CONTEXT() REPRESENTATION_CONTEXT('2D SPACE',''
  ) );
#1537 = PCURVE('',#129,#1538);
#1538 = DEFINITIONAL_REPRESENTATION('',(#1539),#1543);
#1539 = CIRCLE('',#1540,12.);
#1540 = AXIS2_PLACEMENT_2D('',#1541,#1542);
#1541 = CARTESIAN_POINT('',(6.837200662697E-16,3.40453421458E-17));
#1542 = DIRECTION('',(1.,0.));
#1543 = ( GEOMETRIC_REPRESENTATION_CONTEXT(2) 
PARAMETRIC_REPRESENTATION_CONTEXT() REPRESENTATION_CONTEXT('2D SPACE',''
  ) );
#1544 = ORIENTED_EDGE('',*,*,#1545,.F.);
#1545 = EDGE_CURVE('',#1546,#1522,#1548,.T.);
#1546 = VERTEX_POINT('',#1547);
#1547 = CARTESIAN_POINT('',(-10.78576033665,-5.259978513284,2.2));
#1548 = SURFACE_CURVE('',#1549,(#1553,#1560),.PCURVE_S1.);
#1549 = LINE('',#1550,#1551);
#1550 = CARTESIAN_POINT('',(-10.78576033665,-5.259978513284,15.));
#1551 = VECTOR('',#1552,1.);
#1552 = DIRECTION('',(-0.,1.224646799147E-16,1.));
#1553 = PCURVE('',#32,#1554);
#1554 = DEFINITIONAL_REPRESENTATION('',(#1555),#1559);
#1555 = LINE('',#1556,#1557);
#1556 = CARTESIAN_POINT('',(-2.687851111102,0.));
#1557 = VECTOR('',#1558,1.);
#1558 = DIRECTION('',(-0.,1.));
#1559 = ( GEOMETRIC_REPRESENTATION_CONTEXT(2) 
PARAMETRIC_REPRESENTATION_CONTEXT() REPRESENTATION_CONTEXT('2D SPACE',''
  ) );
#1560 = PCURVE('',#1561,#1566);
#1561 = CYLINDRICAL_SURFACE('',#1562,0.9);
#1562 = AXIS2_PLACEMENT_3D('',#1563,#1564,#1565);
#1563 = CARTESIAN_POINT('',(-10.65211246654,-6.15,16.));
#1564 = DIRECTION('',(-0.,1.224646799147E-16,1.));
#1565 = DIRECTION('',(-0.866025403784,-0.5,6.123233995737E-17));
#1566 = DEFINITIONAL_REPRESENTATION('',(#1567),#1571);
#1567 = LINE('',#1568,#1569);
#1568 = CARTESIAN_POINT('',(-1.945346213921,-1.));
#1569 = VECTOR('',#1570,1.);
#1570 = DIRECTION('',(-0.,1.));
#1571 = ( GEOMETRIC_REPRESENTATION_CONTEXT(2) 
PARAMETRIC_REPRESENTATION_CONTEXT() REPRESENTATION_CONTEXT('2D SPACE',''
  ) );
#1572 = ORIENTED_EDGE('',*,*,#1573,.T.);
#1573 = EDGE_CURVE('',#1546,#1574,#1576,.T.);
#1574 = VERTEX_POINT('',#1575);
#1575 = CARTESIAN_POINT('',(-9.948155184193,-6.710753194033,2.2));
#1576 = SURFACE_CURVE('',#1577,(#1582,#1589),.PCURVE_S1.);
#1577 = CIRCLE('',#1578,12.);
#1578 = AXIS2_PLACEMENT_3D('',#1579,#1580,#1581);
#1579 = CARTESIAN_POINT('',(0.,-1.567547902909E-15,2.2));
#1580 = DIRECTION('',(-0.,1.224646799147E-16,1.));
#1581 = DIRECTION('',(1.,0.,0.));
#1582 = PCURVE('',#32,#1583);
#1583 = DEFINITIONAL_REPRESENTATION('',(#1584),#1588);
#1584 = LINE('',#1585,#1586);
#1585 = CARTESIAN_POINT('',(-6.28318530718,-12.8));
#1586 = VECTOR('',#1587,1.);
#1587 = DIRECTION('',(1.,-0.));
#1588 = ( GEOMETRIC_REPRESENTATION_CONTEXT(2) 
PARAMETRIC_REPRESENTATION_CONTEXT() REPRESENTATION_CONTEXT('2D SPACE',''
  ) );
#1589 = PCURVE('',#1590,#1595);
#1590 = PLANE('',#1591);
#1591 = AXIS2_PLACEMENT_3D('',#1592,#1593,#1594);
#1592 = CARTESIAN_POINT('',(12.3,-1.578289059092E-15,2.2));
#1593 = DIRECTION('',(0.,-1.224646799147E-16,-1.));
#1594 = DIRECTION('',(1.,0.,0.));
#1595 = DEFINITIONAL_REPRESENTATION('',(#1596),#1604);
#1596 = ( BOUNDED_CURVE() B_SPLINE_CURVE(2,(#1597,#1598,#1599,#1600,
#1601,#1602,#1603),.UNSPECIFIED.,.T.,.F.) B_SPLINE_CURVE_WITH_KNOTS((1,2
    ,2,2,2,1),(-2.094395102393,0.,2.094395102393,4.188790204786,
6.28318530718,8.377580409573),.UNSPECIFIED.) CURVE() 
GEOMETRIC_REPRESENTATION_ITEM() RATIONAL_B_SPLINE_CURVE((1.,0.5,1.,0.5,
1.,0.5,1.)) REPRESENTATION_ITEM('') );
#1597 = CARTESIAN_POINT('',(-0.3,-1.07411561832E-17));
#1598 = CARTESIAN_POINT('',(-0.3,-20.78460969082));
#1599 = CARTESIAN_POINT('',(-18.3,-10.39230484541));
#1600 = CARTESIAN_POINT('',(-36.3,-2.949893474137E-15));
#1601 = CARTESIAN_POINT('',(-18.3,10.392304845413));
#1602 = CARTESIAN_POINT('',(-0.3,20.784609690827));
#1603 = CARTESIAN_POINT('',(-0.3,-1.07411561832E-17));
#1604 = ( GEOMETRIC_REPRESENTATION_CONTEXT(2) 
PARAMETRIC_REPRESENTATION_CONTEXT() REPRESENTATION_CONTEXT('2D SPACE',''
  ) );
#1605 = ORIENTED_EDGE('',*,*,#1606,.T.);
#1606 = EDGE_CURVE('',#1574,#1607,#1609,.T.);
#1607 = VERTEX_POINT('',#1608);
#1608 = CARTESIAN_POINT('',(-9.948155184193,-6.710753194033,15.));
#1609 = SURFACE_CURVE('',#1610,(#1614,#1621),.PCURVE_S1.);
#1610 = LINE('',#1611,#1612);
#1611 = CARTESIAN_POINT('',(-9.948155184193,-6.710753194033,15.));
#1612 = VECTOR('',#1613,1.);
#1613 = DIRECTION('',(-0.,1.224646799147E-16,1.));
#1614 = PCURVE('',#32,#1615);
#1615 = DEFINITIONAL_REPRESENTATION('',(#1616),#1620);
#1616 = LINE('',#1617,#1618);
#1617 = CARTESIAN_POINT('',(-2.548136644881,0.));
#1618 = VECTOR('',#1619,1.);
#1619 = DIRECTION('',(-0.,1.));
#1620 = ( GEOMETRIC_REPRESENTATION_CONTEXT(2) 
PARAMETRIC_REPRESENTATION_CONTEXT() REPRESENTATION_CONTEXT('2D SPACE',''
  ) );
#1621 = PCURVE('',#1561,#1622);
#1622 = DEFINITIONAL_REPRESENTATION('',(#1623),#1627);
#1623 = LINE('',#1624,#1625);
#1624 = CARTESIAN_POINT('',(-4.337839093259,-1.));
#1625 = VECTOR('',#1626,1.);
#1626 = DIRECTION('',(-0.,1.));
#1627 = ( GEOMETRIC_REPRESENTATION_CONTEXT(2) 
PARAMETRIC_REPRESENTATION_CONTEXT() REPRESENTATION_CONTEXT('2D SPACE',''
  ) );
#1628 = ORIENTED_EDGE('',*,*,#1629,.F.);
#1629 = EDGE_CURVE('',#1630,#1607,#1632,.T.);
#1630 = VERTEX_POINT('',#1631);
#1631 = CARTESIAN_POINT('',(-9.056861849273,-7.872309282745,15.));
#1632 = SURFACE_CURVE('',#1633,(#1638,#1645),.PCURVE_S1.);
#1633 = CIRCLE('',#1634,12.);
#1634 = AXIS2_PLACEMENT_3D('',#1635,#1636,#1637);
#1635 = CARTESIAN_POINT('',(0.,0.,15.));
#1636 = DIRECTION('',(0.,-1.224646799147E-16,-1.));
#1637 = DIRECTION('',(1.,0.,0.));
#1638 = PCURVE('',#32,#1639);
#1639 = DEFINITIONAL_REPRESENTATION('',(#1640),#1644);
#1640 = LINE('',#1641,#1642);
#1641 = CARTESIAN_POINT('',(-0.,0.));
#1642 = VECTOR('',#1643,1.);
#1643 = DIRECTION('',(-1.,0.));
#1644 = ( GEOMETRIC_REPRESENTATION_CONTEXT(2) 
PARAMETRIC_REPRESENTATION_CONTEXT() REPRESENTATION_CONTEXT('2D SPACE',''
  ) );
#1645 = PCURVE('',#129,#1646);
#1646 = DEFINITIONAL_REPRESENTATION('',(#1647),#1651);
#1647 = CIRCLE('',#1648,12.);
#1648 = AXIS2_PLACEMENT_2D('',#1649,#1650);
#1649 = CARTESIAN_POINT('',(6.837200662697E-16,3.40453421458E-17));
#1650 = DIRECTION('',(1.,0.));
#1651 = ( GEOMETRIC_REPRESENTATION_CONTEXT(2) 
PARAMETRIC_REPRESENTATION_CONTEXT() REPRESENTATION_CONTEXT('2D SPACE',''
  ) );
#1652 = ORIENTED_EDGE('',*,*,#1653,.F.);
#1653 = EDGE_CURVE('',#1654,#1630,#1656,.T.);
#1654 = VERTEX_POINT('',#1655);
#1655 = CARTESIAN_POINT('',(-9.056861849273,-7.872309282745,2.2));
#1656 = SURFACE_CURVE('',#1657,(#1661,#1668),.PCURVE_S1.);
#1657 = LINE('',#1658,#1659);
#1658 = CARTESIAN_POINT('',(-9.056861849273,-7.872309282745,15.));
#1659 = VECTOR('',#1660,1.);
#1660 = DIRECTION('',(-0.,1.224646799147E-16,1.));
#1661 = PCURVE('',#32,#1662);
#1662 = DEFINITIONAL_REPRESENTATION('',(#1663),#1667);
#1663 = LINE('',#1664,#1665);
#1664 = CARTESIAN_POINT('',(-2.426051723303,0.));
#1665 = VECTOR('',#1666,1.);
#1666 = DIRECTION('',(-0.,1.));
#1667 = ( GEOMETRIC_REPRESENTATION_CONTEXT(2) 
PARAMETRIC_REPRESENTATION_CONTEXT() REPRESENTATION_CONTEXT('2D SPACE',''
  ) );
#1668 = PCURVE('',#1669,#1674);
#1669 = CYLINDRICAL_SURFACE('',#1670,0.9);
#1670 = AXIS2_PLACEMENT_3D('',#1671,#1672,#1673);
#1671 = CARTESIAN_POINT('',(-8.697413408595,-8.697413408595,16.));
#1672 = DIRECTION('',(-0.,1.224646799147E-16,1.));
#1673 = DIRECTION('',(-0.707106781187,-0.707106781187,8.659560562355E-17
    ));
#1674 = DEFINITIONAL_REPRESENTATION('',(#1675),#1679);
#1675 = LINE('',#1676,#1677);
#1676 = CARTESIAN_POINT('',(-1.945346213921,-1.));
#1677 = VECTOR('',#1678,1.);
#1678 = DIRECTION('',(-0.,1.));
#1679 = ( GEOMETRIC_REPRESENTATION_CONTEXT(2) 
PARAMETRIC_REPRESENTATION_CONTEXT() REPRESENTATION_CONTEXT('2D SPACE',''
  ) );
#1680 = ORIENTED_EDGE('',*,*,#1681,.T.);
#1681 = EDGE_CURVE('',#1654,#1682,#1684,.T.);
#1682 = VERTEX_POINT('',#1683);
#1683 = CARTESIAN_POINT('',(-7.872309282745,-9.056861849273,2.2));
#1684 = SURFACE_CURVE('',#1685,(#1690,#1697),.PCURVE_S1.);
#1685 = CIRCLE('',#1686,12.);
#1686 = AXIS2_PLACEMENT_3D('',#1687,#1688,#1689);
#1687 = CARTESIAN_POINT('',(0.,-1.567547902909E-15,2.2));
#1688 = DIRECTION('',(-0.,1.224646799147E-16,1.));
#1689 = DIRECTION('',(1.,0.,0.));
#1690 = PCURVE('',#32,#1691);
#1691 = DEFINITIONAL_REPRESENTATION('',(#1692),#1696);
#1692 = LINE('',#1693,#1694);
#1693 = CARTESIAN_POINT('',(-6.28318530718,-12.8));
#1694 = VECTOR('',#1695,1.);
#1695 = DIRECTION('',(1.,-0.));
#1696 = ( GEOMETRIC_REPRESENTATION_CONTEXT(2) 
PARAMETRIC_REPRESENTATION_CONTEXT() REPRESENTATION_CONTEXT('2D SPACE',''
  ) );
#1697 = PCURVE('',#1698,#1703);
#1698 = PLANE('',#1699);
#1699 = AXIS2_PLACEMENT_3D('',#1700,#1701,#1702);
#1700 = CARTESIAN_POINT('',(12.3,-1.578289059092E-15,2.2));
#1701 = DIRECTION('',(0.,-1.224646799147E-16,-1.));
#1702 = DIRECTION('',(1.,0.,0.));
#1703 = DEFINITIONAL_REPRESENTATION('',(#1704),#1712);
#1704 = ( BOUNDED_CURVE() B_SPLINE_CURVE(2,(#1705,#1706,#1707,#1708,
#1709,#1710,#1711),.UNSPECIFIED.,.T.,.F.) B_SPLINE_CURVE_WITH_KNOTS((1,2
    ,2,2,2,1),(-2.094395102393,0.,2.094395102393,4.188790204786,
6.28318530718,8.377580409573),.UNSPECIFIED.) CURVE() 
GEOMETRIC_REPRESENTATION_ITEM() RATIONAL_B_SPLINE_CURVE((1.,0.5,1.,0.5,
1.,0.5,1.)) REPRESENTATION_ITEM('') );
#1705 = CARTESIAN_POINT('',(-0.3,-1.07411561832E-17));
#1706 = CARTESIAN_POINT('',(-0.3,-20.78460969082));
#1707 = CARTESIAN_POINT('',(-18.3,-10.39230484541));
#1708 = CARTESIAN_POINT('',(-36.3,-2.949893474137E-15));
#1709 = CARTESIAN_POINT('',(-18.3,10.392304845413));
#1710 = CARTESIAN_POINT('',(-0.3,20.784609690827));
#1711 = CARTESIAN_POINT('',(-0.3,-1.07411561832E-17));
#1712 = ( GEOMETRIC_REPRESENTATION_CONTEXT(2) 
PARAMETRIC_REPRESENTATION_CONTEXT() REPRESENTATION_CONTEXT('2D SPACE',''
  ) );
#1713 = ORIENTED_EDGE('',*,*,#1714,.T.);
#1714 = EDGE_CURVE('',#1682,#1715,#1717,.T.);
#1715 = VERTEX_POINT('',#1716);
#1716 = CARTESIAN_POINT('',(-7.872309282745,-9.056861849273,15.));
#1717 = SURFACE_CURVE('',#1718,(#1722,#1729),.PCURVE_S1.);
#1718 = LINE('',#1719,#1720);
#1719 = CARTESIAN_POINT('',(-7.872309282745,-9.056861849273,15.));
#1720 = VECTOR('',#1721,1.);
#1721 = DIRECTION('',(-0.,1.224646799147E-16,1.));
#1722 = PCURVE('',#32,#1723);
#1723 = DEFINITIONAL_REPRESENTATION('',(#1724),#1728);
#1724 = LINE('',#1725,#1726);
#1725 = CARTESIAN_POINT('',(-2.286337257082,0.));
#1726 = VECTOR('',#1727,1.);
#1727 = DIRECTION('',(-0.,1.));
#1728 = ( GEOMETRIC_REPRESENTATION_CONTEXT(2) 
PARAMETRIC_REPRESENTATION_CONTEXT() REPRESENTATION_CONTEXT('2D SPACE',''
  ) );
#1729 = PCURVE('',#1669,#1730);
#1730 = DEFINITIONAL_REPRESENTATION('',(#1731),#1735);
#1731 = LINE('',#1732,#1733);
#1732 = CARTESIAN_POINT('',(-4.337839093259,-1.));
#1733 = VECTOR('',#1734,1.);
#1734 = DIRECTION('',(-0.,1.));
#1735 = ( GEOMETRIC_REPRESENTATION_CONTEXT(2) 
PARAMETRIC_REPRESENTATION_CONTEXT() REPRESENTATION_CONTEXT('2D SPACE',''
  ) );
#1736 = ORIENTED_EDGE('',*,*,#1737,.F.);
#1737 = EDGE_CURVE('',#1738,#1715,#1740,.T.);
#1738 = VERTEX_POINT('',#1739);
#1739 = CARTESIAN_POINT('',(-6.710753194033,-9.948155184193,15.));
#1740 = SURFACE_CURVE('',#1741,(#1746,#1753),.PCURVE_S1.);
#1741 = CIRCLE('',#1742,12.);
#1742 = AXIS2_PLACEMENT_3D('',#1743,#1744,#1745);
#1743 = CARTESIAN_POINT('',(0.,0.,15.));
#1744 = DIRECTION('',(0.,-1.224646799147E-16,-1.));
#1745 = DIRECTION('',(1.,0.,0.));
#1746 = PCURVE('',#32,#1747);
#1747 = DEFINITIONAL_REPRESENTATION('',(#1748),#1752);
#1748 = LINE('',#1749,#1750);
#1749 = CARTESIAN_POINT('',(-0.,0.));
#1750 = VECTOR('',#1751,1.);
#1751 = DIRECTION('',(-1.,0.));
#1752 = ( GEOMETRIC_REPRESENTATION_CONTEXT(2) 
PARAMETRIC_REPRESENTATION_CONTEXT() REPRESENTATION_CONTEXT('2D SPACE',''
  ) );
#1753 = PCURVE('',#129,#1754);
#1754 = DEFINITIONAL_REPRESENTATION('',(#1755),#1759);
#1755 = CIRCLE('',#1756,12.);
#1756 = AXIS2_PLACEMENT_2D('',#1757,#1758);
#1757 = CARTESIAN_POINT('',(6.837200662697E-16,3.40453421458E-17));
#1758 = DIRECTION('',(1.,0.));
#1759 = ( GEOMETRIC_REPRESENTATION_CONTEXT(2) 
PARAMETRIC_REPRESENTATION_CONTEXT() REPRESENTATION_CONTEXT('2D SPACE',''
  ) );
#1760 = ORIENTED_EDGE('',*,*,#1761,.F.);
#1761 = EDGE_CURVE('',#1762,#1738,#1764,.T.);
#1762 = VERTEX_POINT('',#1763);
#1763 = CARTESIAN_POINT('',(-6.710753194033,-9.948155184193,2.2));
#1764 = SURFACE_CURVE('',#1765,(#1769,#1776),.PCURVE_S1.);
#1765 = LINE('',#1766,#1767);
#1766 = CARTESIAN_POINT('',(-6.710753194033,-9.948155184193,15.));
#1767 = VECTOR('',#1768,1.);
#1768 = DIRECTION('',(-0.,1.224646799147E-16,1.));
#1769 = PCURVE('',#32,#1770);
#1770 = DEFINITIONAL_REPRESENTATION('',(#1771),#1775);
#1771 = LINE('',#1772,#1773);
#1772 = CARTESIAN_POINT('',(-2.164252335504,0.));
#1773 = VECTOR('',#1774,1.);
#1774 = DIRECTION('',(-0.,1.));
#1775 = ( GEOMETRIC_REPRESENTATION_CONTEXT(2) 
PARAMETRIC_REPRESENTATION_CONTEXT() REPRESENTATION_CONTEXT('2D SPACE',''
  ) );
#1776 = PCURVE('',#1777,#1782);
#1777 = CYLINDRICAL_SURFACE('',#1778,0.9);
#1778 = AXIS2_PLACEMENT_3D('',#1779,#1780,#1781);
#1779 = CARTESIAN_POINT('',(-6.15,-10.65211246654,16.));
#1780 = DIRECTION('',(-0.,1.224646799147E-16,1.));
#1781 = DIRECTION('',(-0.5,-0.866025403784,1.060575238725E-16));
#1782 = DEFINITIONAL_REPRESENTATION('',(#1783),#1787);
#1783 = LINE('',#1784,#1785);
#1784 = CARTESIAN_POINT('',(-1.945346213921,-1.));
#1785 = VECTOR('',#1786,1.);
#1786 = DIRECTION('',(-0.,1.));
#1787 = ( GEOMETRIC_REPRESENTATION_CONTEXT(2) 
PARAMETRIC_REPRESENTATION_CONTEXT() REPRESENTATION_CONTEXT('2D SPACE',''
  ) );
#1788 = ORIENTED_EDGE('',*,*,#1789,.T.);
#1789 = EDGE_CURVE('',#1762,#1790,#1792,.T.);
#1790 = VERTEX_POINT('',#1791);
#1791 = CARTESIAN_POINT('',(-5.259978513284,-10.78576033665,2.2));
#1792 = SURFACE_CURVE('',#1793,(#1798,#1805),.PCURVE_S1.);
#1793 = CIRCLE('',#1794,12.);
#1794 = AXIS2_PLACEMENT_3D('',#1795,#1796,#1797);
#1795 = CARTESIAN_POINT('',(0.,-1.567547902909E-15,2.2));
#1796 = DIRECTION('',(-0.,1.224646799147E-16,1.));
#1797 = DIRECTION('',(1.,0.,0.));
#1798 = PCURVE('',#32,#1799);
#1799 = DEFINITIONAL_REPRESENTATION('',(#1800),#1804);
#1800 = LINE('',#1801,#1802);
#1801 = CARTESIAN_POINT('',(-6.28318530718,-12.8));
#1802 = VECTOR('',#1803,1.);
#1803 = DIRECTION('',(1.,-0.));
#1804 = ( GEOMETRIC_REPRESENTATION_CONTEXT(2) 
PARAMETRIC_REPRESENTATION_CONTEXT() REPRESENTATION_CONTEXT('2D SPACE',''
  ) );
#1805 = PCURVE('',#1806,#1811);
#1806 = PLANE('',#1807);
#1807 = AXIS2_PLACEMENT_3D('',#1808,#1809,#1810);
#1808 = CARTESIAN_POINT('',(12.3,-1.578289059092E-15,2.2));
#1809 = DIRECTION('',(0.,-1.224646799147E-16,-1.));
#1810 = DIRECTION('',(1.,0.,0.));
#1811 = DEFINITIONAL_REPRESENTATION('',(#1812),#1820);
#1812 = ( BOUNDED_CURVE() B_SPLINE_CURVE(2,(#1813,#1814,#1815,#1816,
#1817,#1818,#1819),.UNSPECIFIED.,.T.,.F.) B_SPLINE_CURVE_WITH_KNOTS((1,2
    ,2,2,2,1),(-2.094395102393,0.,2.094395102393,4.188790204786,
6.28318530718,8.377580409573),.UNSPECIFIED.) CURVE() 
GEOMETRIC_REPRESENTATION_ITEM() RATIONAL_B_SPLINE_CURVE((1.,0.5,1.,0.5,
1.,0.5,1.)) REPRESENTATION_ITEM('') );
#1813 = CARTESIAN_POINT('',(-0.3,-1.07411561832E-17));
#1814 = CARTESIAN_POINT('',(-0.3,-20.78460969082));
#1815 = CARTESIAN_POINT('',(-18.3,-10.39230484541));
#1816 = CARTESIAN_POINT('',(-36.3,-2.949893474137E-15));
#1817 = CARTESIAN_POINT('',(-18.3,10.392304845413));
#1818 = CARTESIAN_POINT('',(-0.3,20.784609690827));
#1819 = CARTESIAN_POINT('',(-0.3,-1.07411561832E-17));
#1820 = ( GEOMETRIC_REPRESENTATION_CONTEXT(2) 
PARAMETRIC_REPRESENTATION_CONTEXT() REPRESENTATION_CONTEXT('2D SPACE',''
  ) );
#1821 = ORIENTED_EDGE('',*,*,#1822,.T.);
#1822 = EDGE_CURVE('',#1790,#1823,#1825,.T.);
#1823 = VERTEX_POINT('',#1824);
#1824 = CARTESIAN_POINT('',(-5.259978513284,-10.78576033665,15.));
#1825 = SURFACE_CURVE('',#1826,(#1830,#1837),.PCURVE_S1.);
#1826 = LINE('',#1827,#1828);
#1827 = CARTESIAN_POINT('',(-5.259978513284,-10.78576033665,15.));
#1828 = VECTOR('',#1829,1.);
#1829 = DIRECTION('',(-0.,1.224646799147E-16,1.));
#1830 = PCURVE('',#32,#1831);
#1831 = DEFINITIONAL_REPRESENTATION('',(#1832),#1836);
#1832 = LINE('',#1833,#1834);
#1833 = CARTESIAN_POINT('',(-2.024537869283,0.));
#1834 = VECTOR('',#1835,1.);
#1835 = DIRECTION('',(-0.,1.));
#1836 = ( GEOMETRIC_REPRESENTATION_CONTEXT(2) 
PARAMETRIC_REPRESENTATION_CONTEXT() REPRESENTATION_CONTEXT('2D SPACE',''
  ) );
#1837 = PCURVE('',#1777,#1838);
#1838 = DEFINITIONAL_REPRESENTATION('',(#1839),#1843);
#1839 = LINE('',#1840,#1841);
#1840 = CARTESIAN_POINT('',(-4.337839093259,-1.));
#1841 = VECTOR('',#1842,1.);
#1842 = DIRECTION('',(-0.,1.));
#1843 = ( GEOMETRIC_REPRESENTATION_CONTEXT(2) 
PARAMETRIC_REPRESENTATION_CONTEXT() REPRESENTATION_CONTEXT('2D SPACE',''
  ) );
#1844 = ORIENTED_EDGE('',*,*,#1845,.F.);
#1845 = EDGE_CURVE('',#1846,#1823,#1848,.T.);
#1846 = VERTEX_POINT('',#1847);
#1847 = CARTESIAN_POINT('',(-3.907317798664,-11.34605074994,15.));
#1848 = SURFACE_CURVE('',#1849,(#1854,#1861),.PCURVE_S1.);
#1849 = CIRCLE('',#1850,12.);
#1850 = AXIS2_PLACEMENT_3D('',#1851,#1852,#1853);
#1851 = CARTESIAN_POINT('',(0.,0.,15.));
#1852 = DIRECTION('',(0.,-1.224646799147E-16,-1.));
#1853 = DIRECTION('',(1.,0.,0.));
#1854 = PCURVE('',#32,#1855);
#1855 = DEFINITIONAL_REPRESENTATION('',(#1856),#1860);
#1856 = LINE('',#1857,#1858);
#1857 = CARTESIAN_POINT('',(-0.,0.));
#1858 = VECTOR('',#1859,1.);
#1859 = DIRECTION('',(-1.,0.));
#1860 = ( GEOMETRIC_REPRESENTATION_CONTEXT(2) 
PARAMETRIC_REPRESENTATION_CONTEXT() REPRESENTATION_CONTEXT('2D SPACE',''
  ) );
#1861 = PCURVE('',#129,#1862);
#1862 = DEFINITIONAL_REPRESENTATION('',(#1863),#1867);
#1863 = CIRCLE('',#1864,12.);
#1864 = AXIS2_PLACEMENT_2D('',#1865,#1866);
#1865 = CARTESIAN_POINT('',(6.837200662697E-16,3.40453421458E-17));
#1866 = DIRECTION('',(1.,0.));
#1867 = ( GEOMETRIC_REPRESENTATION_CONTEXT(2) 
PARAMETRIC_REPRESENTATION_CONTEXT() REPRESENTATION_CONTEXT('2D SPACE',''
  ) );
#1868 = ORIENTED_EDGE('',*,*,#1869,.F.);
#1869 = EDGE_CURVE('',#1870,#1846,#1872,.T.);
#1870 = VERTEX_POINT('',#1871);
#1871 = CARTESIAN_POINT('',(-3.907317798664,-11.34605074994,2.2));
#1872 = SURFACE_CURVE('',#1873,(#1877,#1884),.PCURVE_S1.);
#1873 = LINE('',#1874,#1875);
#1874 = CARTESIAN_POINT('',(-3.907317798664,-11.34605074994,15.));
#1875 = VECTOR('',#1876,1.);
#1876 = DIRECTION('',(-0.,1.224646799147E-16,1.));
#1877 = PCURVE('',#32,#1878);
#1878 = DEFINITIONAL_REPRESENTATION('',(#1879),#1883);
#1879 = LINE('',#1880,#1881);
#1880 = CARTESIAN_POINT('',(-1.902452947705,0.));
#1881 = VECTOR('',#1882,1.);
#1882 = DIRECTION('',(-0.,1.));
#1883 = ( GEOMETRIC_REPRESENTATION_CONTEXT(2) 
PARAMETRIC_REPRESENTATION_CONTEXT() REPRESENTATION_CONTEXT('2D SPACE',''
  ) );
#1884 = PCURVE('',#1885,#1890);
#1885 = CYLINDRICAL_SURFACE('',#1886,0.9);
#1886 = AXIS2_PLACEMENT_3D('',#1887,#1888,#1889);
#1887 = CARTESIAN_POINT('',(-3.183474254761,-11.88088766335,16.));
#1888 = DIRECTION('',(-0.,1.224646799147E-16,1.));
#1889 = DIRECTION('',(-0.258819045103,-0.965925826289,1.182917971379E-16
    ));
#1890 = DEFINITIONAL_REPRESENTATION('',(#1891),#1895);
#1891 = LINE('',#1892,#1893);
#1892 = CARTESIAN_POINT('',(-1.945346213921,-1.));
#1893 = VECTOR('',#1894,1.);
#1894 = DIRECTION('',(-0.,1.));
#1895 = ( GEOMETRIC_REPRESENTATION_CONTEXT(2) 
PARAMETRIC_REPRESENTATION_CONTEXT() REPRESENTATION_CONTEXT('2D SPACE',''
  ) );
#1896 = ORIENTED_EDGE('',*,*,#1897,.T.);
#1897 = EDGE_CURVE('',#1870,#1898,#1900,.T.);
#1898 = VERTEX_POINT('',#1899);
#1899 = CARTESIAN_POINT('',(-2.289188900669,-11.7796270814,2.2));
#1900 = SURFACE_CURVE('',#1901,(#1906,#1913),.PCURVE_S1.);
#1901 = CIRCLE('',#1902,12.);
#1902 = AXIS2_PLACEMENT_3D('',#1903,#1904,#1905);
#1903 = CARTESIAN_POINT('',(0.,-1.567547902909E-15,2.2));
#1904 = DIRECTION('',(-0.,1.224646799147E-16,1.));
#1905 = DIRECTION('',(1.,0.,0.));
#1906 = PCURVE('',#32,#1907);
#1907 = DEFINITIONAL_REPRESENTATION('',(#1908),#1912);
#1908 = LINE('',#1909,#1910);
#1909 = CARTESIAN_POINT('',(-6.28318530718,-12.8));
#1910 = VECTOR('',#1911,1.);
#1911 = DIRECTION('',(1.,-0.));
#1912 = ( GEOMETRIC_REPRESENTATION_CONTEXT(2) 
PARAMETRIC_REPRESENTATION_CONTEXT() REPRESENTATION_CONTEXT('2D SPACE',''
  ) );
#1913 = PCURVE('',#1914,#1919);
#1914 = PLANE('',#1915);
#1915 = AXIS2_PLACEMENT_3D('',#1916,#1917,#1918);
#1916 = CARTESIAN_POINT('',(12.3,-1.578289059092E-15,2.2));
#1917 = DIRECTION('',(0.,-1.224646799147E-16,-1.));
#1918 = DIRECTION('',(1.,0.,0.));
#1919 = DEFINITIONAL_REPRESENTATION('',(#1920),#1928);
#1920 = ( BOUNDED_CURVE() B_SPLINE_CURVE(2,(#1921,#1922,#1923,#1924,
#1925,#1926,#1927),.UNSPECIFIED.,.T.,.F.) B_SPLINE_CURVE_WITH_KNOTS((1,2
    ,2,2,2,1),(-2.094395102393,0.,2.094395102393,4.188790204786,
6.28318530718,8.377580409573),.UNSPECIFIED.) CURVE() 
GEOMETRIC_REPRESENTATION_ITEM() RATIONAL_B_SPLINE_CURVE((1.,0.5,1.,0.5,
1.,0.5,1.)) REPRESENTATION_ITEM('') );
#1921 = CARTESIAN_POINT('',(-0.3,-1.07411561832E-17));
#1922 = CARTESIAN_POINT('',(-0.3,-20.78460969082));
#1923 = CARTESIAN_POINT('',(-18.3,-10.39230484541));
#1924 = CARTESIAN_POINT('',(-36.3,-2.949893474137E-15));
#1925 = CARTESIAN_POINT('',(-18.3,10.392304845413));
#1926 = CARTESIAN_POINT('',(-0.3,20.784609690827));
#1927 = CARTESIAN_POINT('',(-0.3,-1.07411561832E-17));
#1928 = ( GEOMETRIC_REPRESENTATION_CONTEXT(2) 
PARAMETRIC_REPRESENTATION_CONTEXT() REPRESENTATION_CONTEXT('2D SPACE',''
  ) );
#1929 = ORIENTED_EDGE('',*,*,#1930,.T.);
#1930 = EDGE_CURVE('',#1898,#1931,#1933,.T.);
#1931 = VERTEX_POINT('',#1932);
#1932 = CARTESIAN_POINT('',(-2.289188900669,-11.7796270814,15.));
#1933 = SURFACE_CURVE('',#1934,(#1938,#1945),.PCURVE_S1.);
#1934 = LINE('',#1935,#1936);
#1935 = CARTESIAN_POINT('',(-2.289188900669,-11.7796270814,15.));
#1936 = VECTOR('',#1937,1.);
#1937 = DIRECTION('',(-0.,1.224646799147E-16,1.));
#1938 = PCURVE('',#32,#1939);
#1939 = DEFINITIONAL_REPRESENTATION('',(#1940),#1944);
#1940 = LINE('',#1941,#1942);
#1941 = CARTESIAN_POINT('',(-1.762738481483,0.));
#1942 = VECTOR('',#1943,1.);
#1943 = DIRECTION('',(-0.,1.));
#1944 = ( GEOMETRIC_REPRESENTATION_CONTEXT(2) 
PARAMETRIC_REPRESENTATION_CONTEXT() REPRESENTATION_CONTEXT('2D SPACE',''
  ) );
#1945 = PCURVE('',#1885,#1946);
#1946 = DEFINITIONAL_REPRESENTATION('',(#1947),#1951);
#1947 = LINE('',#1948,#1949);
#1948 = CARTESIAN_POINT('',(-4.337839093259,-1.));
#1949 = VECTOR('',#1950,1.);
#1950 = DIRECTION('',(-0.,1.));
#1951 = ( GEOMETRIC_REPRESENTATION_CONTEXT(2) 
PARAMETRIC_REPRESENTATION_CONTEXT() REPRESENTATION_CONTEXT('2D SPACE',''
  ) );
#1952 = ORIENTED_EDGE('',*,*,#1953,.F.);
#1953 = EDGE_CURVE('',#1954,#1931,#1956,.T.);
#1954 = VERTEX_POINT('',#1955);
#1955 = CARTESIAN_POINT('',(-0.837605152464,-11.97073170731,15.));
#1956 = SURFACE_CURVE('',#1957,(#1962,#1969),.PCURVE_S1.);
#1957 = CIRCLE('',#1958,12.);
#1958 = AXIS2_PLACEMENT_3D('',#1959,#1960,#1961);
#1959 = CARTESIAN_POINT('',(0.,0.,15.));
#1960 = DIRECTION('',(0.,-1.224646799147E-16,-1.));
#1961 = DIRECTION('',(1.,0.,0.));
#1962 = PCURVE('',#32,#1963);
#1963 = DEFINITIONAL_REPRESENTATION('',(#1964),#1968);
#1964 = LINE('',#1965,#1966);
#1965 = CARTESIAN_POINT('',(-0.,0.));
#1966 = VECTOR('',#1967,1.);
#1967 = DIRECTION('',(-1.,0.));
#1968 = ( GEOMETRIC_REPRESENTATION_CONTEXT(2) 
PARAMETRIC_REPRESENTATION_CONTEXT() REPRESENTATION_CONTEXT('2D SPACE',''
  ) );
#1969 = PCURVE('',#129,#1970);
#1970 = DEFINITIONAL_REPRESENTATION('',(#1971),#1975);
#1971 = CIRCLE('',#1972,12.);
#1972 = AXIS2_PLACEMENT_2D('',#1973,#1974);
#1973 = CARTESIAN_POINT('',(6.837200662697E-16,3.40453421458E-17));
#1974 = DIRECTION('',(1.,0.));
#1975 = ( GEOMETRIC_REPRESENTATION_CONTEXT(2) 
PARAMETRIC_REPRESENTATION_CONTEXT() REPRESENTATION_CONTEXT('2D SPACE',''
  ) );
#1976 = ORIENTED_EDGE('',*,*,#1977,.F.);
#1977 = EDGE_CURVE('',#1978,#1954,#1980,.T.);
#1978 = VERTEX_POINT('',#1979);
#1979 = CARTESIAN_POINT('',(-0.837605152464,-11.97073170731,2.2));
#1980 = SURFACE_CURVE('',#1981,(#1985,#1992),.PCURVE_S1.);
#1981 = LINE('',#1982,#1983);
#1982 = CARTESIAN_POINT('',(-0.837605152464,-11.97073170731,15.));
#1983 = VECTOR('',#1984,1.);
#1984 = DIRECTION('',(-0.,1.224646799147E-16,1.));
#1985 = PCURVE('',#32,#1986);
#1986 = DEFINITIONAL_REPRESENTATION('',(#1987),#1991);
#1987 = LINE('',#1988,#1989);
#1988 = CARTESIAN_POINT('',(-1.640653559906,0.));
#1989 = VECTOR('',#1990,1.);
#1990 = DIRECTION('',(-0.,1.));
#1991 = ( GEOMETRIC_REPRESENTATION_CONTEXT(2) 
PARAMETRIC_REPRESENTATION_CONTEXT() REPRESENTATION_CONTEXT('2D SPACE',''
  ) );
#1992 = PCURVE('',#1993,#1998);
#1993 = CYLINDRICAL_SURFACE('',#1994,0.9);
#1994 = AXIS2_PLACEMENT_3D('',#1995,#1996,#1997);
#1995 = CARTESIAN_POINT('',(7.531577814756E-16,-12.3,16.));
#1996 = DIRECTION('',(0.,1.224646799147E-16,1.));
#1997 = DIRECTION('',(1.110223024625E-16,-1.,1.224646799147E-16));
#1998 = DEFINITIONAL_REPRESENTATION('',(#1999),#2003);
#1999 = LINE('',#2000,#2001);
#2000 = CARTESIAN_POINT('',(-1.945346213921,-1.));
#2001 = VECTOR('',#2002,1.);
#2002 = DIRECTION('',(-0.,1.));
#2003 = ( GEOMETRIC_REPRESENTATION_CONTEXT(2) 
PARAMETRIC_REPRESENTATION_CONTEXT() REPRESENTATION_CONTEXT('2D SPACE',''
  ) );
#2004 = ORIENTED_EDGE('',*,*,#2005,.T.);
#2005 = EDGE_CURVE('',#1978,#2006,#2008,.T.);
#2006 = VERTEX_POINT('',#2007);
#2007 = CARTESIAN_POINT('',(0.837605152464,-11.97073170731,2.2));
#2008 = SURFACE_CURVE('',#2009,(#2014,#2021),.PCURVE_S1.);
#2009 = CIRCLE('',#2010,12.);
#2010 = AXIS2_PLACEMENT_3D('',#2011,#2012,#2013);
#2011 = CARTESIAN_POINT('',(0.,-1.567547902909E-15,2.2));
#2012 = DIRECTION('',(-0.,1.224646799147E-16,1.));
#2013 = DIRECTION('',(1.,0.,0.));
#2014 = PCURVE('',#32,#2015);
#2015 = DEFINITIONAL_REPRESENTATION('',(#2016),#2020);
#2016 = LINE('',#2017,#2018);
#2017 = CARTESIAN_POINT('',(-6.28318530718,-12.8));
#2018 = VECTOR('',#2019,1.);
#2019 = DIRECTION('',(1.,-0.));
#2020 = ( GEOMETRIC_REPRESENTATION_CONTEXT(2) 
PARAMETRIC_REPRESENTATION_CONTEXT() REPRESENTATION_CONTEXT('2D SPACE',''
  ) );
#2021 = PCURVE('',#2022,#2027);
#2022 = PLANE('',#2023);
#2023 = AXIS2_PLACEMENT_3D('',#2024,#2025,#2026);
#2024 = CARTESIAN_POINT('',(12.3,-1.578289059092E-15,2.2));
#2025 = DIRECTION('',(0.,-1.224646799147E-16,-1.));
#2026 = DIRECTION('',(1.,0.,0.));
#2027 = DEFINITIONAL_REPRESENTATION('',(#2028),#2036);
#2028 = ( BOUNDED_CURVE() B_SPLINE_CURVE(2,(#2029,#2030,#2031,#2032,
#2033,#2034,#2035),.UNSPECIFIED.,.T.,.F.) B_SPLINE_CURVE_WITH_KNOTS((1,2
    ,2,2,2,1),(-2.094395102393,0.,2.094395102393,4.188790204786,
6.28318530718,8.377580409573),.UNSPECIFIED.) CURVE() 
GEOMETRIC_REPRESENTATION_ITEM() RATIONAL_B_SPLINE_CURVE((1.,0.5,1.,0.5,
1.,0.5,1.)) REPRESENTATION_ITEM('') );
#2029 = CARTESIAN_POINT('',(-0.3,-1.07411561832E-17));
#2030 = CARTESIAN_POINT('',(-0.3,-20.78460969082));
#2031 = CARTESIAN_POINT('',(-18.3,-10.39230484541));
#2032 = CARTESIAN_POINT('',(-36.3,-2.949893474137E-15));
#2033 = CARTESIAN_POINT('',(-18.3,10.392304845413));
#2034 = CARTESIAN_POINT('',(-0.3,20.784609690827));
#2035 = CARTESIAN_POINT('',(-0.3,-1.07411561832E-17));
#2036 = ( GEOMETRIC_REPRESENTATION_CONTEXT(2) 
PARAMETRIC_REPRESENTATION_CONTEXT() REPRESENTATION_CONTEXT('2D SPACE',''
  ) );
#2037 = ORIENTED_EDGE('',*,*,#2038,.T.);
#2038 = EDGE_CURVE('',#2006,#2039,#2041,.T.);
#2039 = VERTEX_POINT('',#2040);
#2040 = CARTESIAN_POINT('',(0.837605152464,-11.97073170731,15.));
#2041 = SURFACE_CURVE('',#2042,(#2046,#2053),.PCURVE_S1.);
#2042 = LINE('',#2043,#2044);
#2043 = CARTESIAN_POINT('',(0.837605152464,-11.97073170731,15.));
#2044 = VECTOR('',#2045,1.);
#2045 = DIRECTION('',(-0.,1.224646799147E-16,1.));
#2046 = PCURVE('',#32,#2047);
#2047 = DEFINITIONAL_REPRESENTATION('',(#2048),#2052);
#2048 = LINE('',#2049,#2050);
#2049 = CARTESIAN_POINT('',(-1.500939093684,0.));
#2050 = VECTOR('',#2051,1.);
#2051 = DIRECTION('',(-0.,1.));
#2052 = ( GEOMETRIC_REPRESENTATION_CONTEXT(2) 
PARAMETRIC_REPRESENTATION_CONTEXT() REPRESENTATION_CONTEXT('2D SPACE',''
  ) );
#2053 = PCURVE('',#1993,#2054);
#2054 = DEFINITIONAL_REPRESENTATION('',(#2055),#2059);
#2055 = LINE('',#2056,#2057);
#2056 = CARTESIAN_POINT('',(-4.337839093259,-1.));
#2057 = VECTOR('',#2058,1.);
#2058 = DIRECTION('',(-0.,1.));
#2059 = ( GEOMETRIC_REPRESENTATION_CONTEXT(2) 
PARAMETRIC_REPRESENTATION_CONTEXT() REPRESENTATION_CONTEXT('2D SPACE',''
  ) );
#2060 = ORIENTED_EDGE('',*,*,#2061,.F.);
#2061 = EDGE_CURVE('',#2062,#2039,#2064,.T.);
#2062 = VERTEX_POINT('',#2063);
#2063 = CARTESIAN_POINT('',(2.289188900669,-11.7796270814,15.));
#2064 = SURFACE_CURVE('',#2065,(#2070,#2077),.PCURVE_S1.);
#2065 = CIRCLE('',#2066,12.);
#2066 = AXIS2_PLACEMENT_3D('',#2067,#2068,#2069);
#2067 = CARTESIAN_POINT('',(0.,0.,15.));
#2068 = DIRECTION('',(0.,-1.224646799147E-16,-1.));
#2069 = DIRECTION('',(1.,0.,0.));
#2070 = PCURVE('',#32,#2071);
#2071 = DEFINITIONAL_REPRESENTATION('',(#2072),#2076);
#2072 = LINE('',#2073,#2074);
#2073 = CARTESIAN_POINT('',(-0.,0.));
#2074 = VECTOR('',#2075,1.);
#2075 = DIRECTION('',(-1.,0.));
#2076 = ( GEOMETRIC_REPRESENTATION_CONTEXT(2) 
PARAMETRIC_REPRESENTATION_CONTEXT() REPRESENTATION_CONTEXT('2D SPACE',''
  ) );
#2077 = PCURVE('',#129,#2078);
#2078 = DEFINITIONAL_REPRESENTATION('',(#2079),#2083);
#2079 = CIRCLE('',#2080,12.);
#2080 = AXIS2_PLACEMENT_2D('',#2081,#2082);
#2081 = CARTESIAN_POINT('',(6.837200662697E-16,3.40453421458E-17));
#2082 = DIRECTION('',(1.,0.));
#2083 = ( GEOMETRIC_REPRESENTATION_CONTEXT(2) 
PARAMETRIC_REPRESENTATION_CONTEXT() REPRESENTATION_CONTEXT('2D SPACE',''
  ) );
#2084 = ORIENTED_EDGE('',*,*,#2085,.F.);
#2085 = EDGE_CURVE('',#2086,#2062,#2088,.T.);
#2086 = VERTEX_POINT('',#2087);
#2087 = CARTESIAN_POINT('',(2.289188900669,-11.7796270814,2.2));
#2088 = SURFACE_CURVE('',#2089,(#2093,#2100),.PCURVE_S1.);
#2089 = LINE('',#2090,#2091);
#2090 = CARTESIAN_POINT('',(2.289188900669,-11.7796270814,15.));
#2091 = VECTOR('',#2092,1.);
#2092 = DIRECTION('',(-0.,1.224646799147E-16,1.));
#2093 = PCURVE('',#32,#2094);
#2094 = DEFINITIONAL_REPRESENTATION('',(#2095),#2099);
#2095 = LINE('',#2096,#2097);
#2096 = CARTESIAN_POINT('',(-1.378854172106,0.));
#2097 = VECTOR('',#2098,1.);
#2098 = DIRECTION('',(-0.,1.));
#2099 = ( GEOMETRIC_REPRESENTATION_CONTEXT(2) 
PARAMETRIC_REPRESENTATION_CONTEXT() REPRESENTATION_CONTEXT('2D SPACE',''
  ) );
#2100 = PCURVE('',#2101,#2106);
#2101 = CYLINDRICAL_SURFACE('',#2102,0.9);
#2102 = AXIS2_PLACEMENT_3D('',#2103,#2104,#2105);
#2103 = CARTESIAN_POINT('',(3.183474254761,-11.88088766335,16.));
#2104 = DIRECTION('',(0.,1.224646799147E-16,1.));
#2105 = DIRECTION('',(0.258819045103,-0.965925826289,1.182917971379E-16)
  );
#2106 = DEFINITIONAL_REPRESENTATION('',(#2107),#2111);
#2107 = LINE('',#2108,#2109);
#2108 = CARTESIAN_POINT('',(-1.945346213921,-1.));
#2109 = VECTOR('',#2110,1.);
#2110 = DIRECTION('',(-0.,1.));
#2111 = ( GEOMETRIC_REPRESENTATION_CONTEXT(2) 
PARAMETRIC_REPRESENTATION_CONTEXT() REPRESENTATION_CONTEXT('2D SPACE',''
  ) );
#2112 = ORIENTED_EDGE('',*,*,#2113,.T.);
#2113 = EDGE_CURVE('',#2086,#2114,#2116,.T.);
#2114 = VERTEX_POINT('',#2115);
#2115 = CARTESIAN_POINT('',(3.907317798664,-11.34605074994,2.2));
#2116 = SURFACE_CURVE('',#2117,(#2122,#2129),.PCURVE_S1.);
#2117 = CIRCLE('',#2118,12.);
#2118 = AXIS2_PLACEMENT_3D('',#2119,#2120,#2121);
#2119 = CARTESIAN_POINT('',(0.,-1.567547902909E-15,2.2));
#2120 = DIRECTION('',(-0.,1.224646799147E-16,1.));
#2121 = DIRECTION('',(1.,0.,0.));
#2122 = PCURVE('',#32,#2123);
#2123 = DEFINITIONAL_REPRESENTATION('',(#2124),#2128);
#2124 = LINE('',#2125,#2126);
#2125 = CARTESIAN_POINT('',(-6.28318530718,-12.8));
#2126 = VECTOR('',#2127,1.);
#2127 = DIRECTION('',(1.,-0.));
#2128 = ( GEOMETRIC_REPRESENTATION_CONTEXT(2) 
PARAMETRIC_REPRESENTATION_CONTEXT() REPRESENTATION_CONTEXT('2D SPACE',''
  ) );
#2129 = PCURVE('',#2130,#2135);
#2130 = PLANE('',#2131);
#2131 = AXIS2_PLACEMENT_3D('',#2132,#2133,#2134);
#2132 = CARTESIAN_POINT('',(12.3,-1.578289059092E-15,2.2));
#2133 = DIRECTION('',(0.,-1.224646799147E-16,-1.));
#2134 = DIRECTION('',(1.,0.,0.));
#2135 = DEFINITIONAL_REPRESENTATION('',(#2136),#2144);
#2136 = ( BOUNDED_CURVE() B_SPLINE_CURVE(2,(#2137,#2138,#2139,#2140,
#2141,#2142,#2143),.UNSPECIFIED.,.T.,.F.) B_SPLINE_CURVE_WITH_KNOTS((1,2
    ,2,2,2,1),(-2.094395102393,0.,2.094395102393,4.188790204786,
6.28318530718,8.377580409573),.UNSPECIFIED.) CURVE() 
GEOMETRIC_REPRESENTATION_ITEM() RATIONAL_B_SPLINE_CURVE((1.,0.5,1.,0.5,
1.,0.5,1.)) REPRESENTATION_ITEM('') );
#2137 = CARTESIAN_POINT('',(-0.3,-1.07411561832E-17));
#2138 = CARTESIAN_POINT('',(-0.3,-20.78460969082));
#2139 = CARTESIAN_POINT('',(-18.3,-10.39230484541));
#2140 = CARTESIAN_POINT('',(-36.3,-2.949893474137E-15));
#2141 = CARTESIAN_POINT('',(-18.3,10.392304845413));
#2142 = CARTESIAN_POINT('',(-0.3,20.784609690827));
#2143 = CARTESIAN_POINT('',(-0.3,-1.07411561832E-17));
#2144 = ( GEOMETRIC_REPRESENTATION_CONTEXT(2) 
PARAMETRIC_REPRESENTATION_CONTEXT() REPRESENTATION_CONTEXT('2D SPACE',''
  ) );
#2145 = ORIENTED_EDGE('',*,*,#2146,.T.);
#2146 = EDGE_CURVE('',#2114,#2147,#2149,.T.);
#2147 = VERTEX_POINT('',#2148);
#2148 = CARTESIAN_POINT('',(3.907317798664,-11.34605074994,15.));
#2149 = SURFACE_CURVE('',#2150,(#2154,#2161),.PCURVE_S1.);
#2150 = LINE('',#2151,#2152);
#2151 = CARTESIAN_POINT('',(3.907317798664,-11.34605074994,15.));
#2152 = VECTOR('',#2153,1.);
#2153 = DIRECTION('',(-0.,1.224646799147E-16,1.));
#2154 = PCURVE('',#32,#2155);
#2155 = DEFINITIONAL_REPRESENTATION('',(#2156),#2160);
#2156 = LINE('',#2157,#2158);
#2157 = CARTESIAN_POINT('',(-1.239139705885,0.));
#2158 = VECTOR('',#2159,1.);
#2159 = DIRECTION('',(-0.,1.));
#2160 = ( GEOMETRIC_REPRESENTATION_CONTEXT(2) 
PARAMETRIC_REPRESENTATION_CONTEXT() REPRESENTATION_CONTEXT('2D SPACE',''
  ) );
#2161 = PCURVE('',#2101,#2162);
#2162 = DEFINITIONAL_REPRESENTATION('',(#2163),#2167);
#2163 = LINE('',#2164,#2165);
#2164 = CARTESIAN_POINT('',(-4.337839093259,-1.));
#2165 = VECTOR('',#2166,1.);
#2166 = DIRECTION('',(-0.,1.));
#2167 = ( GEOMETRIC_REPRESENTATION_CONTEXT(2) 
PARAMETRIC_REPRESENTATION_CONTEXT() REPRESENTATION_CONTEXT('2D SPACE',''
  ) );
#2168 = ORIENTED_EDGE('',*,*,#2169,.F.);
#2169 = EDGE_CURVE('',#2170,#2147,#2172,.T.);
#2170 = VERTEX_POINT('',#2171);
#2171 = CARTESIAN_POINT('',(5.259978513284,-10.78576033665,15.));
#2172 = SURFACE_CURVE('',#2173,(#2178,#2185),.PCURVE_S1.);
#2173 = CIRCLE('',#2174,12.);
#2174 = AXIS2_PLACEMENT_3D('',#2175,#2176,#2177);
#2175 = CARTESIAN_POINT('',(0.,0.,15.));
#2176 = DIRECTION('',(0.,-1.224646799147E-16,-1.));
#2177 = DIRECTION('',(1.,0.,0.));
#2178 = PCURVE('',#32,#2179);
#2179 = DEFINITIONAL_REPRESENTATION('',(#2180),#2184);
#2180 = LINE('',#2181,#2182);
#2181 = CARTESIAN_POINT('',(-0.,0.));
#2182 = VECTOR('',#2183,1.);
#2183 = DIRECTION('',(-1.,0.));
#2184 = ( GEOMETRIC_REPRESENTATION_CONTEXT(2) 
PARAMETRIC_REPRESENTATION_CONTEXT() REPRESENTATION_CONTEXT('2D SPACE',''
  ) );
#2185 = PCURVE('',#129,#2186);
#2186 = DEFINITIONAL_REPRESENTATION('',(#2187),#2191);
#2187 = CIRCLE('',#2188,12.);
#2188 = AXIS2_PLACEMENT_2D('',#2189,#2190);
#2189 = CARTESIAN_POINT('',(6.837200662697E-16,3.40453421458E-17));
#2190 = DIRECTION('',(1.,0.));
#2191 = ( GEOMETRIC_REPRESENTATION_CONTEXT(2) 
PARAMETRIC_REPRESENTATION_CONTEXT() REPRESENTATION_CONTEXT('2D SPACE',''
  ) );
#2192 = ORIENTED_EDGE('',*,*,#2193,.F.);
#2193 = EDGE_CURVE('',#2194,#2170,#2196,.T.);
#2194 = VERTEX_POINT('',#2195);
#2195 = CARTESIAN_POINT('',(5.259978513284,-10.78576033665,2.2));
#2196 = SURFACE_CURVE('',#2197,(#2201,#2208),.PCURVE_S1.);
#2197 = LINE('',#2198,#2199);
#2198 = CARTESIAN_POINT('',(5.259978513284,-10.78576033665,15.));
#2199 = VECTOR('',#2200,1.);
#2200 = DIRECTION('',(-0.,1.224646799147E-16,1.));
#2201 = PCURVE('',#32,#2202);
#2202 = DEFINITIONAL_REPRESENTATION('',(#2203),#2207);
#2203 = LINE('',#2204,#2205);
#2204 = CARTESIAN_POINT('',(-1.117054784307,0.));
#2205 = VECTOR('',#2206,1.);
#2206 = DIRECTION('',(-0.,1.));
#2207 = ( GEOMETRIC_REPRESENTATION_CONTEXT(2) 
PARAMETRIC_REPRESENTATION_CONTEXT() REPRESENTATION_CONTEXT('2D SPACE',''
  ) );
#2208 = PCURVE('',#2209,#2214);
#2209 = CYLINDRICAL_SURFACE('',#2210,0.9);
#2210 = AXIS2_PLACEMENT_3D('',#2211,#2212,#2213);
#2211 = CARTESIAN_POINT('',(6.15,-10.65211246654,16.));
#2212 = DIRECTION('',(0.,1.224646799147E-16,1.));
#2213 = DIRECTION('',(0.5,-0.866025403784,1.060575238725E-16));
#2214 = DEFINITIONAL_REPRESENTATION('',(#2215),#2219);
#2215 = LINE('',#2216,#2217);
#2216 = CARTESIAN_POINT('',(-1.945346213921,-1.));
#2217 = VECTOR('',#2218,1.);
#2218 = DIRECTION('',(-0.,1.));
#2219 = ( GEOMETRIC_REPRESENTATION_CONTEXT(2) 
PARAMETRIC_REPRESENTATION_CONTEXT() REPRESENTATION_CONTEXT('2D SPACE',''
  ) );
#2220 = ORIENTED_EDGE('',*,*,#2221,.T.);
#2221 = EDGE_CURVE('',#2194,#2222,#2224,.T.);
#2222 = VERTEX_POINT('',#2223);
#2223 = CARTESIAN_POINT('',(6.710753194033,-9.948155184193,2.2));
#2224 = SURFACE_CURVE('',#2225,(#2230,#2237),.PCURVE_S1.);
#2225 = CIRCLE('',#2226,12.);
#2226 = AXIS2_PLACEMENT_3D('',#2227,#2228,#2229);
#2227 = CARTESIAN_POINT('',(0.,-1.567547902909E-15,2.2));
#2228 = DIRECTION('',(-0.,1.224646799147E-16,1.));
#2229 = DIRECTION('',(1.,0.,0.));
#2230 = PCURVE('',#32,#2231);
#2231 = DEFINITIONAL_REPRESENTATION('',(#2232),#2236);
#2232 = LINE('',#2233,#2234);
#2233 = CARTESIAN_POINT('',(-6.28318530718,-12.8));
#2234 = VECTOR('',#2235,1.);
#2235 = DIRECTION('',(1.,-0.));
#2236 = ( GEOMETRIC_REPRESENTATION_CONTEXT(2) 
PARAMETRIC_REPRESENTATION_CONTEXT() REPRESENTATION_CONTEXT('2D SPACE',''
  ) );
#2237 = PCURVE('',#2238,#2243);
#2238 = PLANE('',#2239);
#2239 = AXIS2_PLACEMENT_3D('',#2240,#2241,#2242);
#2240 = CARTESIAN_POINT('',(12.3,-1.578289059092E-15,2.2));
#2241 = DIRECTION('',(0.,-1.224646799147E-16,-1.));
#2242 = DIRECTION('',(1.,0.,0.));
#2243 = DEFINITIONAL_REPRESENTATION('',(#2244),#2252);
#2244 = ( BOUNDED_CURVE() B_SPLINE_CURVE(2,(#2245,#2246,#2247,#2248,
#2249,#2250,#2251),.UNSPECIFIED.,.T.,.F.) B_SPLINE_CURVE_WITH_KNOTS((1,2
    ,2,2,2,1),(-2.094395102393,0.,2.094395102393,4.188790204786,
6.28318530718,8.377580409573),.UNSPECIFIED.) CURVE() 
GEOMETRIC_REPRESENTATION_ITEM() RATIONAL_B_SPLINE_CURVE((1.,0.5,1.,0.5,
1.,0.5,1.)) REPRESENTATION_ITEM('') );
#2245 = CARTESIAN_POINT('',(-0.3,-1.07411561832E-17));
#2246 = CARTESIAN_POINT('',(-0.3,-20.78460969082));
#2247 = CARTESIAN_POINT('',(-18.3,-10.39230484541));
#2248 = CARTESIAN_POINT('',(-36.3,-2.949893474137E-15));
#2249 = CARTESIAN_POINT('',(-18.3,10.392304845413));
#2250 = CARTESIAN_POINT('',(-0.3,20.784609690827));
#2251 = CARTESIAN_POINT('',(-0.3,-1.07411561832E-17));
#2252 = ( GEOMETRIC_REPRESENTATION_CONTEXT(2) 
PARAMETRIC_REPRESENTATION_CONTEXT() REPRESENTATION_CONTEXT('2D SPACE',''
  ) );
#2253 = ORIENTED_EDGE('',*,*,#2254,.T.);
#2254 = EDGE_CURVE('',#2222,#2255,#2257,.T.);
#2255 = VERTEX_POINT('',#2256);
#2256 = CARTESIAN_POINT('',(6.710753194033,-9.948155184193,15.));
#2257 = SURFACE_CURVE('',#2258,(#2262,#2269),.PCURVE_S1.);
#2258 = LINE('',#2259,#2260);
#2259 = CARTESIAN_POINT('',(6.710753194033,-9.948155184193,15.));
#2260 = VECTOR('',#2261,1.);
#2261 = DIRECTION('',(-0.,1.224646799147E-16,1.));
#2262 = PCURVE('',#32,#2263);
#2263 = DEFINITIONAL_REPRESENTATION('',(#2264),#2268);
#2264 = LINE('',#2265,#2266);
#2265 = CARTESIAN_POINT('',(-0.977340318086,0.));
#2266 = VECTOR('',#2267,1.);
#2267 = DIRECTION('',(-0.,1.));
#2268 = ( GEOMETRIC_REPRESENTATION_CONTEXT(2) 
PARAMETRIC_REPRESENTATION_CONTEXT() REPRESENTATION_CONTEXT('2D SPACE',''
  ) );
#2269 = PCURVE('',#2209,#2270);
#2270 = DEFINITIONAL_REPRESENTATION('',(#2271),#2275);
#2271 = LINE('',#2272,#2273);
#2272 = CARTESIAN_POINT('',(-4.337839093259,-1.));
#2273 = VECTOR('',#2274,1.);
#2274 = DIRECTION('',(-0.,1.));
#2275 = ( GEOMETRIC_REPRESENTATION_CONTEXT(2) 
PARAMETRIC_REPRESENTATION_CONTEXT() REPRESENTATION_CONTEXT('2D SPACE',''
  ) );
#2276 = ORIENTED_EDGE('',*,*,#2277,.F.);
#2277 = EDGE_CURVE('',#2278,#2255,#2280,.T.);
#2278 = VERTEX_POINT('',#2279);
#2279 = CARTESIAN_POINT('',(7.872309282745,-9.056861849273,15.));
#2280 = SURFACE_CURVE('',#2281,(#2286,#2293),.PCURVE_S1.);
#2281 = CIRCLE('',#2282,12.);
#2282 = AXIS2_PLACEMENT_3D('',#2283,#2284,#2285);
#2283 = CARTESIAN_POINT('',(0.,0.,15.));
#2284 = DIRECTION('',(0.,-1.224646799147E-16,-1.));
#2285 = DIRECTION('',(1.,0.,0.));
#2286 = PCURVE('',#32,#2287);
#2287 = DEFINITIONAL_REPRESENTATION('',(#2288),#2292);
#2288 = LINE('',#2289,#2290);
#2289 = CARTESIAN_POINT('',(-0.,0.));
#2290 = VECTOR('',#2291,1.);
#2291 = DIRECTION('',(-1.,0.));
#2292 = ( GEOMETRIC_REPRESENTATION_CONTEXT(2) 
PARAMETRIC_REPRESENTATION_CONTEXT() REPRESENTATION_CONTEXT('2D SPACE',''
  ) );
#2293 = PCURVE('',#129,#2294);
#2294 = DEFINITIONAL_REPRESENTATION('',(#2295),#2299);
#2295 = CIRCLE('',#2296,12.);
#2296 = AXIS2_PLACEMENT_2D('',#2297,#2298);
#2297 = CARTESIAN_POINT('',(6.837200662697E-16,3.40453421458E-17));
#2298 = DIRECTION('',(1.,0.));
#2299 = ( GEOMETRIC_REPRESENTATION_CONTEXT(2) 
PARAMETRIC_REPRESENTATION_CONTEXT() REPRESENTATION_CONTEXT('2D SPACE',''
  ) );
#2300 = ORIENTED_EDGE('',*,*,#2301,.F.);
#2301 = EDGE_CURVE('',#2302,#2278,#2304,.T.);
#2302 = VERTEX_POINT('',#2303);
#2303 = CARTESIAN_POINT('',(7.872309282745,-9.056861849273,2.2));
#2304 = SURFACE_CURVE('',#2305,(#2309,#2316),.PCURVE_S1.);
#2305 = LINE('',#2306,#2307);
#2306 = CARTESIAN_POINT('',(7.872309282745,-9.056861849273,15.));
#2307 = VECTOR('',#2308,1.);
#2308 = DIRECTION('',(-0.,1.224646799147E-16,1.));
#2309 = PCURVE('',#32,#2310);
#2310 = DEFINITIONAL_REPRESENTATION('',(#2311),#2315);
#2311 = LINE('',#2312,#2313);
#2312 = CARTESIAN_POINT('',(-0.855255396508,0.));
#2313 = VECTOR('',#2314,1.);
#2314 = DIRECTION('',(-0.,1.));
#2315 = ( GEOMETRIC_REPRESENTATION_CONTEXT(2) 
PARAMETRIC_REPRESENTATION_CONTEXT() REPRESENTATION_CONTEXT('2D SPACE',''
  ) );
#2316 = PCURVE('',#2317,#2322);
#2317 = CYLINDRICAL_SURFACE('',#2318,0.9);
#2318 = AXIS2_PLACEMENT_3D('',#2319,#2320,#2321);
#2319 = CARTESIAN_POINT('',(8.697413408595,-8.697413408595,16.));
#2320 = DIRECTION('',(0.,1.224646799147E-16,1.));
#2321 = DIRECTION('',(0.707106781187,-0.707106781187,8.659560562355E-17)
  );
#2322 = DEFINITIONAL_REPRESENTATION('',(#2323),#2327);
#2323 = LINE('',#2324,#2325);
#2324 = CARTESIAN_POINT('',(-1.945346213921,-1.));
#2325 = VECTOR('',#2326,1.);
#2326 = DIRECTION('',(-0.,1.));
#2327 = ( GEOMETRIC_REPRESENTATION_CONTEXT(2) 
PARAMETRIC_REPRESENTATION_CONTEXT() REPRESENTATION_CONTEXT('2D SPACE',''
  ) );
#2328 = ORIENTED_EDGE('',*,*,#2329,.T.);
#2329 = EDGE_CURVE('',#2302,#2330,#2332,.T.);
#2330 = VERTEX_POINT('',#2331);
#2331 = CARTESIAN_POINT('',(9.056861849273,-7.872309282745,2.2));
#2332 = SURFACE_CURVE('',#2333,(#2338,#2345),.PCURVE_S1.);
#2333 = CIRCLE('',#2334,12.);
#2334 = AXIS2_PLACEMENT_3D('',#2335,#2336,#2337);
#2335 = CARTESIAN_POINT('',(0.,-1.567547902909E-15,2.2));
#2336 = DIRECTION('',(-0.,1.224646799147E-16,1.));
#2337 = DIRECTION('',(1.,0.,0.));
#2338 = PCURVE('',#32,#2339);
#2339 = DEFINITIONAL_REPRESENTATION('',(#2340),#2344);
#2340 = LINE('',#2341,#2342);
#2341 = CARTESIAN_POINT('',(-6.28318530718,-12.8));
#2342 = VECTOR('',#2343,1.);
#2343 = DIRECTION('',(1.,-0.));
#2344 = ( GEOMETRIC_REPRESENTATION_CONTEXT(2) 
PARAMETRIC_REPRESENTATION_CONTEXT() REPRESENTATION_CONTEXT('2D SPACE',''
  ) );
#2345 = PCURVE('',#2346,#2351);
#2346 = PLANE('',#2347);
#2347 = AXIS2_PLACEMENT_3D('',#2348,#2349,#2350);
#2348 = CARTESIAN_POINT('',(12.3,-1.578289059092E-15,2.2));
#2349 = DIRECTION('',(0.,-1.224646799147E-16,-1.));
#2350 = DIRECTION('',(1.,0.,0.));
#2351 = DEFINITIONAL_REPRESENTATION('',(#2352),#2360);
#2352 = ( BOUNDED_CURVE() B_SPLINE_CURVE(2,(#2353,#2354,#2355,#2356,
#2357,#2358,#2359),.UNSPECIFIED.,.T.,.F.) B_SPLINE_CURVE_WITH_KNOTS((1,2
    ,2,2,2,1),(-2.094395102393,0.,2.094395102393,4.188790204786,
6.28318530718,8.377580409573),.UNSPECIFIED.) CURVE() 
GEOMETRIC_REPRESENTATION_ITEM() RATIONAL_B_SPLINE_CURVE((1.,0.5,1.,0.5,
1.,0.5,1.)) REPRESENTATION_ITEM('') );
#2353 = CARTESIAN_POINT('',(-0.3,-1.07411561832E-17));
#2354 = CARTESIAN_POINT('',(-0.3,-20.78460969082));
#2355 = CARTESIAN_POINT('',(-18.3,-10.39230484541));
#2356 = CARTESIAN_POINT('',(-36.3,-2.949893474137E-15));
#2357 = CARTESIAN_POINT('',(-18.3,10.392304845413));
#2358 = CARTESIAN_POINT('',(-0.3,20.784609690827));
#2359 = CARTESIAN_POINT('',(-0.3,-1.07411561832E-17));
#2360 = ( GEOMETRIC_REPRESENTATION_CONTEXT(2) 
PARAMETRIC_REPRESENTATION_CONTEXT() REPRESENTATION_CONTEXT('2D SPACE',''
  ) );
#2361 = ORIENTED_EDGE('',*,*,#2362,.T.);
#2362 = EDGE_CURVE('',#2330,#2363,#2365,.T.);
#2363 = VERTEX_POINT('',#2364);
#2364 = CARTESIAN_POINT('',(9.056861849273,-7.872309282745,15.));
#2365 = SURFACE_CURVE('',#2366,(#2370,#2377),.PCURVE_S1.);
#2366 = LINE('',#2367,#2368);
#2367 = CARTESIAN_POINT('',(9.056861849273,-7.872309282745,15.));
#2368 = VECTOR('',#2369,1.);
#2369 = DIRECTION('',(-0.,1.224646799147E-16,1.));
#2370 = PCURVE('',#32,#2371);
#2371 = DEFINITIONAL_REPRESENTATION('',(#2372),#2376);
#2372 = LINE('',#2373,#2374);
#2373 = CARTESIAN_POINT('',(-0.715540930287,0.));
#2374 = VECTOR('',#2375,1.);
#2375 = DIRECTION('',(-0.,1.));
#2376 = ( GEOMETRIC_REPRESENTATION_CONTEXT(2) 
PARAMETRIC_REPRESENTATION_CONTEXT() REPRESENTATION_CONTEXT('2D SPACE',''
  ) );
#2377 = PCURVE('',#2317,#2378);
#2378 = DEFINITIONAL_REPRESENTATION('',(#2379),#2383);
#2379 = LINE('',#2380,#2381);
#2380 = CARTESIAN_POINT('',(-4.337839093259,-1.));
#2381 = VECTOR('',#2382,1.);
#2382 = DIRECTION('',(-0.,1.));
#2383 = ( GEOMETRIC_REPRESENTATION_CONTEXT(2) 
PARAMETRIC_REPRESENTATION_CONTEXT() REPRESENTATION_CONTEXT('2D SPACE',''
  ) );
#2384 = ORIENTED_EDGE('',*,*,#2385,.F.);
#2385 = EDGE_CURVE('',#2386,#2363,#2388,.T.);
#2386 = VERTEX_POINT('',#2387);
#2387 = CARTESIAN_POINT('',(9.948155184193,-6.710753194033,15.));
#2388 = SURFACE_CURVE('',#2389,(#2394,#2401),.PCURVE_S1.);
#2389 = CIRCLE('',#2390,12.);
#2390 = AXIS2_PLACEMENT_3D('',#2391,#2392,#2393);
#2391 = CARTESIAN_POINT('',(0.,0.,15.));
#2392 = DIRECTION('',(0.,-1.224646799147E-16,-1.));
#2393 = DIRECTION('',(1.,0.,0.));
#2394 = PCURVE('',#32,#2395);
#2395 = DEFINITIONAL_REPRESENTATION('',(#2396),#2400);
#2396 = LINE('',#2397,#2398);
#2397 = CARTESIAN_POINT('',(-0.,0.));
#2398 = VECTOR('',#2399,1.);
#2399 = DIRECTION('',(-1.,0.));
#2400 = ( GEOMETRIC_REPRESENTATION_CONTEXT(2) 
PARAMETRIC_REPRESENTATION_CONTEXT() REPRESENTATION_CONTEXT('2D SPACE',''
  ) );
#2401 = PCURVE('',#129,#2402);
#2402 = DEFINITIONAL_REPRESENTATION('',(#2403),#2407);
#2403 = CIRCLE('',#2404,12.);
#2404 = AXIS2_PLACEMENT_2D('',#2405,#2406);
#2405 = CARTESIAN_POINT('',(6.837200662697E-16,3.40453421458E-17));
#2406 = DIRECTION('',(1.,0.));
#2407 = ( GEOMETRIC_REPRESENTATION_CONTEXT(2) 
PARAMETRIC_REPRESENTATION_CONTEXT() REPRESENTATION_CONTEXT('2D SPACE',''
  ) );
#2408 = ORIENTED_EDGE('',*,*,#2409,.F.);
#2409 = EDGE_CURVE('',#2410,#2386,#2412,.T.);
#2410 = VERTEX_POINT('',#2411);
#2411 = CARTESIAN_POINT('',(9.948155184193,-6.710753194033,2.2));
#2412 = SURFACE_CURVE('',#2413,(#2417,#2424),.PCURVE_S1.);
#2413 = LINE('',#2414,#2415);
#2414 = CARTESIAN_POINT('',(9.948155184193,-6.710753194033,15.));
#2415 = VECTOR('',#2416,1.);
#2416 = DIRECTION('',(-0.,1.224646799147E-16,1.));
#2417 = PCURVE('',#32,#2418);
#2418 = DEFINITIONAL_REPRESENTATION('',(#2419),#2423);
#2419 = LINE('',#2420,#2421);
#2420 = CARTESIAN_POINT('',(-0.593456008709,0.));
#2421 = VECTOR('',#2422,1.);
#2422 = DIRECTION('',(-0.,1.));
#2423 = ( GEOMETRIC_REPRESENTATION_CONTEXT(2) 
PARAMETRIC_REPRESENTATION_CONTEXT() REPRESENTATION_CONTEXT('2D SPACE',''
  ) );
#2424 = PCURVE('',#2425,#2430);
#2425 = CYLINDRICAL_SURFACE('',#2426,0.9);
#2426 = AXIS2_PLACEMENT_3D('',#2427,#2428,#2429);
#2427 = CARTESIAN_POINT('',(10.652112466549,-6.15,16.));
#2428 = DIRECTION('',(0.,1.224646799147E-16,1.));
#2429 = DIRECTION('',(0.866025403784,-0.5,6.123233995737E-17));
#2430 = DEFINITIONAL_REPRESENTATION('',(#2431),#2435);
#2431 = LINE('',#2432,#2433);
#2432 = CARTESIAN_POINT('',(-1.945346213921,-1.));
#2433 = VECTOR('',#2434,1.);
#2434 = DIRECTION('',(-0.,1.));
#2435 = ( GEOMETRIC_REPRESENTATION_CONTEXT(2) 
PARAMETRIC_REPRESENTATION_CONTEXT() REPRESENTATION_CONTEXT('2D SPACE',''
  ) );
#2436 = ORIENTED_EDGE('',*,*,#2437,.T.);
#2437 = EDGE_CURVE('',#2410,#2438,#2440,.T.);
#2438 = VERTEX_POINT('',#2439);
#2439 = CARTESIAN_POINT('',(10.785760336656,-5.259978513284,2.2));
#2440 = SURFACE_CURVE('',#2441,(#2446,#2453),.PCURVE_S1.);
#2441 = CIRCLE('',#2442,12.);
#2442 = AXIS2_PLACEMENT_3D('',#2443,#2444,#2445);
#2443 = CARTESIAN_POINT('',(0.,-1.567547902909E-15,2.2));
#2444 = DIRECTION('',(-0.,1.224646799147E-16,1.));
#2445 = DIRECTION('',(1.,0.,0.));
#2446 = PCURVE('',#32,#2447);
#2447 = DEFINITIONAL_REPRESENTATION('',(#2448),#2452);
#2448 = LINE('',#2449,#2450);
#2449 = CARTESIAN_POINT('',(-6.28318530718,-12.8));
#2450 = VECTOR('',#2451,1.);
#2451 = DIRECTION('',(1.,-0.));
#2452 = ( GEOMETRIC_REPRESENTATION_CONTEXT(2) 
PARAMETRIC_REPRESENTATION_CONTEXT() REPRESENTATION_CONTEXT('2D SPACE',''
  ) );
#2453 = PCURVE('',#2454,#2459);
#2454 = PLANE('',#2455);
#2455 = AXIS2_PLACEMENT_3D('',#2456,#2457,#2458);
#2456 = CARTESIAN_POINT('',(12.3,-1.578289059092E-15,2.2));
#2457 = DIRECTION('',(0.,-1.224646799147E-16,-1.));
#2458 = DIRECTION('',(1.,0.,0.));
#2459 = DEFINITIONAL_REPRESENTATION('',(#2460),#2468);
#2460 = ( BOUNDED_CURVE() B_SPLINE_CURVE(2,(#2461,#2462,#2463,#2464,
#2465,#2466,#2467),.UNSPECIFIED.,.T.,.F.) B_SPLINE_CURVE_WITH_KNOTS((1,2
    ,2,2,2,1),(-2.094395102393,0.,2.094395102393,4.188790204786,
6.28318530718,8.377580409573),.UNSPECIFIED.) CURVE() 
GEOMETRIC_REPRESENTATION_ITEM() RATIONAL_B_SPLINE_CURVE((1.,0.5,1.,0.5,
1.,0.5,1.)) REPRESENTATION_ITEM('') );
#2461 = CARTESIAN_POINT('',(-0.3,-1.07411561832E-17));
#2462 = CARTESIAN_POINT('',(-0.3,-20.78460969082));
#2463 = CARTESIAN_POINT('',(-18.3,-10.39230484541));
#2464 = CARTESIAN_POINT('',(-36.3,-2.949893474137E-15));
#2465 = CARTESIAN_POINT('',(-18.3,10.392304845413));
#2466 = CARTESIAN_POINT('',(-0.3,20.784609690827));
#2467 = CARTESIAN_POINT('',(-0.3,-1.07411561832E-17));
#2468 = ( GEOMETRIC_REPRESENTATION_CONTEXT(2) 
PARAMETRIC_REPRESENTATION_CONTEXT() REPRESENTATION_CONTEXT('2D SPACE',''
  ) );
#2469 = ORIENTED_EDGE('',*,*,#2470,.T.);
#2470 = EDGE_CURVE('',#2438,#2471,#2473,.T.);
#2471 = VERTEX_POINT('',#2472);
#2472 = CARTESIAN_POINT('',(10.785760336656,-5.259978513284,15.));
#2473 = SURFACE_CURVE('',#2474,(#2478,#2485),.PCURVE_S1.);
#2474 = LINE('',#2475,#2476);
#2475 = CARTESIAN_POINT('',(10.785760336656,-5.259978513284,15.));
#2476 = VECTOR('',#2477,1.);
#2477 = DIRECTION('',(-0.,1.224646799147E-16,1.));
#2478 = PCURVE('',#32,#2479);
#2479 = DEFINITIONAL_REPRESENTATION('',(#2480),#2484);
#2480 = LINE('',#2481,#2482);
#2481 = CARTESIAN_POINT('',(-0.453741542488,0.));
#2482 = VECTOR('',#2483,1.);
#2483 = DIRECTION('',(-0.,1.));
#2484 = ( GEOMETRIC_REPRESENTATION_CONTEXT(2) 
PARAMETRIC_REPRESENTATION_CONTEXT() REPRESENTATION_CONTEXT('2D SPACE',''
  ) );
#2485 = PCURVE('',#2425,#2486);
#2486 = DEFINITIONAL_REPRESENTATION('',(#2487),#2491);
#2487 = LINE('',#2488,#2489);
#2488 = CARTESIAN_POINT('',(-4.337839093259,-1.));
#2489 = VECTOR('',#2490,1.);
#2490 = DIRECTION('',(-0.,1.));
#2491 = ( GEOMETRIC_REPRESENTATION_CONTEXT(2) 
PARAMETRIC_REPRESENTATION_CONTEXT() REPRESENTATION_CONTEXT('2D SPACE',''
  ) );
#2492 = ORIENTED_EDGE('',*,*,#2493,.F.);
#2493 = EDGE_CURVE('',#2494,#2471,#2496,.T.);
#2494 = VERTEX_POINT('',#2495);
#2495 = CARTESIAN_POINT('',(11.346050749941,-3.907317798664,15.));
#2496 = SURFACE_CURVE('',#2497,(#2502,#2509),.PCURVE_S1.);
#2497 = CIRCLE('',#2498,12.);
#2498 = AXIS2_PLACEMENT_3D('',#2499,#2500,#2501);
#2499 = CARTESIAN_POINT('',(0.,0.,15.));
#2500 = DIRECTION('',(0.,-1.224646799147E-16,-1.));
#2501 = DIRECTION('',(1.,0.,0.));
#2502 = PCURVE('',#32,#2503);
#2503 = DEFINITIONAL_REPRESENTATION('',(#2504),#2508);
#2504 = LINE('',#2505,#2506);
#2505 = CARTESIAN_POINT('',(-0.,0.));
#2506 = VECTOR('',#2507,1.);
#2507 = DIRECTION('',(-1.,0.));
#2508 = ( GEOMETRIC_REPRESENTATION_CONTEXT(2) 
PARAMETRIC_REPRESENTATION_CONTEXT() REPRESENTATION_CONTEXT('2D SPACE',''
  ) );
#2509 = PCURVE('',#129,#2510);
#2510 = DEFINITIONAL_REPRESENTATION('',(#2511),#2515);
#2511 = CIRCLE('',#2512,12.);
#2512 = AXIS2_PLACEMENT_2D('',#2513,#2514);
#2513 = CARTESIAN_POINT('',(6.837200662697E-16,3.40453421458E-17));
#2514 = DIRECTION('',(1.,0.));
#2515 = ( GEOMETRIC_REPRESENTATION_CONTEXT(2) 
PARAMETRIC_REPRESENTATION_CONTEXT() REPRESENTATION_CONTEXT('2D SPACE',''
  ) );
#2516 = ORIENTED_EDGE('',*,*,#2517,.F.);
#2517 = EDGE_CURVE('',#2518,#2494,#2520,.T.);
#2518 = VERTEX_POINT('',#2519);
#2519 = CARTESIAN_POINT('',(11.346050749941,-3.907317798664,2.2));
#2520 = SURFACE_CURVE('',#2521,(#2525,#2532),.PCURVE_S1.);
#2521 = LINE('',#2522,#2523);
#2522 = CARTESIAN_POINT('',(11.346050749941,-3.907317798664,15.));
#2523 = VECTOR('',#2524,1.);
#2524 = DIRECTION('',(-0.,1.224646799147E-16,1.));
#2525 = PCURVE('',#32,#2526);
#2526 = DEFINITIONAL_REPRESENTATION('',(#2527),#2531);
#2527 = LINE('',#2528,#2529);
#2528 = CARTESIAN_POINT('',(-0.33165662091,0.));
#2529 = VECTOR('',#2530,1.);
#2530 = DIRECTION('',(-0.,1.));
#2531 = ( GEOMETRIC_REPRESENTATION_CONTEXT(2) 
PARAMETRIC_REPRESENTATION_CONTEXT() REPRESENTATION_CONTEXT('2D SPACE',''
  ) );
#2532 = PCURVE('',#2533,#2538);
#2533 = CYLINDRICAL_SURFACE('',#2534,0.9);
#2534 = AXIS2_PLACEMENT_3D('',#2535,#2536,#2537);
#2535 = CARTESIAN_POINT('',(11.880887663356,-3.183474254761,16.));
#2536 = DIRECTION('',(0.,1.224646799147E-16,1.));
#2537 = DIRECTION('',(0.965925826289,-0.258819045103,3.169619151432E-17)
  );
#2538 = DEFINITIONAL_REPRESENTATION('',(#2539),#2543);
#2539 = LINE('',#2540,#2541);
#2540 = CARTESIAN_POINT('',(-1.945346213921,-1.));
#2541 = VECTOR('',#2542,1.);
#2542 = DIRECTION('',(-0.,1.));
#2543 = ( GEOMETRIC_REPRESENTATION_CONTEXT(2) 
PARAMETRIC_REPRESENTATION_CONTEXT() REPRESENTATION_CONTEXT('2D SPACE',''
  ) );
#2544 = ORIENTED_EDGE('',*,*,#2545,.T.);
#2545 = EDGE_CURVE('',#2518,#2546,#2548,.T.);
#2546 = VERTEX_POINT('',#2547);
#2547 = CARTESIAN_POINT('',(11.779627081409,-2.289188900669,2.2));
#2548 = SURFACE_CURVE('',#2549,(#2554,#2561),.PCURVE_S1.);
#2549 = CIRCLE('',#2550,12.);
#2550 = AXIS2_PLACEMENT_3D('',#2551,#2552,#2553);
#2551 = CARTESIAN_POINT('',(0.,-1.567547902909E-15,2.2));
#2552 = DIRECTION('',(-0.,1.224646799147E-16,1.));
#2553 = DIRECTION('',(1.,0.,0.));
#2554 = PCURVE('',#32,#2555);
#2555 = DEFINITIONAL_REPRESENTATION('',(#2556),#2560);
#2556 = LINE('',#2557,#2558);
#2557 = CARTESIAN_POINT('',(-6.28318530718,-12.8));
#2558 = VECTOR('',#2559,1.);
#2559 = DIRECTION('',(1.,-0.));
#2560 = ( GEOMETRIC_REPRESENTATION_CONTEXT(2) 
PARAMETRIC_REPRESENTATION_CONTEXT() REPRESENTATION_CONTEXT('2D SPACE',''
  ) );
#2561 = PCURVE('',#2562,#2567);
#2562 = PLANE('',#2563);
#2563 = AXIS2_PLACEMENT_3D('',#2564,#2565,#2566);
#2564 = CARTESIAN_POINT('',(12.3,-1.578289059092E-15,2.2));
#2565 = DIRECTION('',(0.,-1.224646799147E-16,-1.));
#2566 = DIRECTION('',(1.,0.,0.));
#2567 = DEFINITIONAL_REPRESENTATION('',(#2568),#2576);
#2568 = ( BOUNDED_CURVE() B_SPLINE_CURVE(2,(#2569,#2570,#2571,#2572,
#2573,#2574,#2575),.UNSPECIFIED.,.T.,.F.) B_SPLINE_CURVE_WITH_KNOTS((1,2
    ,2,2,2,1),(-2.094395102393,0.,2.094395102393,4.188790204786,
6.28318530718,8.377580409573),.UNSPECIFIED.) CURVE() 
GEOMETRIC_REPRESENTATION_ITEM() RATIONAL_B_SPLINE_CURVE((1.,0.5,1.,0.5,
1.,0.5,1.)) REPRESENTATION_ITEM('') );
#2569 = CARTESIAN_POINT('',(-0.3,-1.07411561832E-17));
#2570 = CARTESIAN_POINT('',(-0.3,-20.78460969082));
#2571 = CARTESIAN_POINT('',(-18.3,-10.39230484541));
#2572 = CARTESIAN_POINT('',(-36.3,-2.949893474137E-15));
#2573 = CARTESIAN_POINT('',(-18.3,10.392304845413));
#2574 = CARTESIAN_POINT('',(-0.3,20.784609690827));
#2575 = CARTESIAN_POINT('',(-0.3,-1.07411561832E-17));
#2576 = ( GEOMETRIC_REPRESENTATION_CONTEXT(2) 
PARAMETRIC_REPRESENTATION_CONTEXT() REPRESENTATION_CONTEXT('2D SPACE',''
  ) );
#2577 = ORIENTED_EDGE('',*,*,#2578,.T.);
#2578 = EDGE_CURVE('',#2546,#2579,#2581,.T.);
#2579 = VERTEX_POINT('',#2580);
#2580 = CARTESIAN_POINT('',(11.779627081409,-2.289188900669,15.));
#2581 = SURFACE_CURVE('',#2582,(#2586,#2593),.PCURVE_S1.);
#2582 = LINE('',#2583,#2584);
#2583 = CARTESIAN_POINT('',(11.779627081409,-2.289188900669,15.));
#2584 = VECTOR('',#2585,1.);
#2585 = DIRECTION('',(-0.,1.224646799147E-16,1.));
#2586 = PCURVE('',#32,#2587);
#2587 = DEFINITIONAL_REPRESENTATION('',(#2588),#2592);
#2588 = LINE('',#2589,#2590);
#2589 = CARTESIAN_POINT('',(-0.191942154688,0.));
#2590 = VECTOR('',#2591,1.);
#2591 = DIRECTION('',(-0.,1.));
#2592 = ( GEOMETRIC_REPRESENTATION_CONTEXT(2) 
PARAMETRIC_REPRESENTATION_CONTEXT() REPRESENTATION_CONTEXT('2D SPACE',''
  ) );
#2593 = PCURVE('',#2533,#2594);
#2594 = DEFINITIONAL_REPRESENTATION('',(#2595),#2599);
#2595 = LINE('',#2596,#2597);
#2596 = CARTESIAN_POINT('',(-4.337839093259,-1.));
#2597 = VECTOR('',#2598,1.);
#2598 = DIRECTION('',(-0.,1.));
#2599 = ( GEOMETRIC_REPRESENTATION_CONTEXT(2) 
PARAMETRIC_REPRESENTATION_CONTEXT() REPRESENTATION_CONTEXT('2D SPACE',''
  ) );
#2600 = ORIENTED_EDGE('',*,*,#2601,.F.);
#2601 = EDGE_CURVE('',#2602,#2579,#2604,.T.);
#2602 = VERTEX_POINT('',#2603);
#2603 = CARTESIAN_POINT('',(11.970731707317,-0.837605152464,15.));
#2604 = SURFACE_CURVE('',#2605,(#2610,#2617),.PCURVE_S1.);
#2605 = CIRCLE('',#2606,12.);
#2606 = AXIS2_PLACEMENT_3D('',#2607,#2608,#2609);
#2607 = CARTESIAN_POINT('',(0.,0.,15.));
#2608 = DIRECTION('',(0.,-1.224646799147E-16,-1.));
#2609 = DIRECTION('',(1.,0.,0.));
#2610 = PCURVE('',#32,#2611);
#2611 = DEFINITIONAL_REPRESENTATION('',(#2612),#2616);
#2612 = LINE('',#2613,#2614);
#2613 = CARTESIAN_POINT('',(-0.,0.));
#2614 = VECTOR('',#2615,1.);
#2615 = DIRECTION('',(-1.,0.));
#2616 = ( GEOMETRIC_REPRESENTATION_CONTEXT(2) 
PARAMETRIC_REPRESENTATION_CONTEXT() REPRESENTATION_CONTEXT('2D SPACE',''
  ) );
#2617 = PCURVE('',#129,#2618);
#2618 = DEFINITIONAL_REPRESENTATION('',(#2619),#2623);
#2619 = CIRCLE('',#2620,12.);
#2620 = AXIS2_PLACEMENT_2D('',#2621,#2622);
#2621 = CARTESIAN_POINT('',(6.837200662697E-16,3.40453421458E-17));
#2622 = DIRECTION('',(1.,0.));
#2623 = ( GEOMETRIC_REPRESENTATION_CONTEXT(2) 
PARAMETRIC_REPRESENTATION_CONTEXT() REPRESENTATION_CONTEXT('2D SPACE',''
  ) );
#2624 = ORIENTED_EDGE('',*,*,#2625,.F.);
#2625 = EDGE_CURVE('',#2626,#2602,#2628,.T.);
#2626 = VERTEX_POINT('',#2627);
#2627 = CARTESIAN_POINT('',(11.970731707317,-0.837605152464,2.2));
#2628 = SURFACE_CURVE('',#2629,(#2633,#2640),.PCURVE_S1.);
#2629 = LINE('',#2630,#2631);
#2630 = CARTESIAN_POINT('',(11.970731707317,-0.837605152464,15.));
#2631 = VECTOR('',#2632,1.);
#2632 = DIRECTION('',(-0.,1.224646799147E-16,1.));
#2633 = PCURVE('',#32,#2634);
#2634 = DEFINITIONAL_REPRESENTATION('',(#2635),#2639);
#2635 = LINE('',#2636,#2637);
#2636 = CARTESIAN_POINT('',(-6.985723311068E-02,0.));
#2637 = VECTOR('',#2638,1.);
#2638 = DIRECTION('',(-0.,1.));
#2639 = ( GEOMETRIC_REPRESENTATION_CONTEXT(2) 
PARAMETRIC_REPRESENTATION_CONTEXT() REPRESENTATION_CONTEXT('2D SPACE',''
  ) );
#2640 = PCURVE('',#100,#2641);
#2641 = DEFINITIONAL_REPRESENTATION('',(#2642),#2646);
#2642 = LINE('',#2643,#2644);
#2643 = CARTESIAN_POINT('',(-1.945346213921,-1.));
#2644 = VECTOR('',#2645,1.);
#2645 = DIRECTION('',(-0.,1.));
#2646 = ( GEOMETRIC_REPRESENTATION_CONTEXT(2) 
PARAMETRIC_REPRESENTATION_CONTEXT() REPRESENTATION_CONTEXT('2D SPACE',''
  ) );
#2647 = ORIENTED_EDGE('',*,*,#2648,.T.);
#2648 = EDGE_CURVE('',#2626,#22,#2649,.T.);
#2649 = SURFACE_CURVE('',#2650,(#2655,#2662),.PCURVE_S1.);
#2650 = CIRCLE('',#2651,12.);
#2651 = AXIS2_PLACEMENT_3D('',#2652,#2653,#2654);
#2652 = CARTESIAN_POINT('',(0.,-1.567547902909E-15,2.2));
#2653 = DIRECTION('',(-0.,1.224646799147E-16,1.));
#2654 = DIRECTION('',(1.,0.,0.));
#2655 = PCURVE('',#32,#2656);
#2656 = DEFINITIONAL_REPRESENTATION('',(#2657),#2661);
#2657 = LINE('',#2658,#2659);
#2658 = CARTESIAN_POINT('',(-6.28318530718,-12.8));
#2659 = VECTOR('',#2660,1.);
#2660 = DIRECTION('',(1.,-0.));
#2661 = ( GEOMETRIC_REPRESENTATION_CONTEXT(2) 
PARAMETRIC_REPRESENTATION_CONTEXT() REPRESENTATION_CONTEXT('2D SPACE',''
  ) );
#2662 = PCURVE('',#68,#2663);
#2663 = DEFINITIONAL_REPRESENTATION('',(#2664),#2672);
#2664 = ( BOUNDED_CURVE() B_SPLINE_CURVE(2,(#2665,#2666,#2667,#2668,
#2669,#2670,#2671),.UNSPECIFIED.,.T.,.F.) B_SPLINE_CURVE_WITH_KNOTS((1,2
    ,2,2,2,1),(-2.094395102393,0.,2.094395102393,4.188790204786,
6.28318530718,8.377580409573),.UNSPECIFIED.) CURVE() 
GEOMETRIC_REPRESENTATION_ITEM() RATIONAL_B_SPLINE_CURVE((1.,0.5,1.,0.5,
1.,0.5,1.)) REPRESENTATION_ITEM('') );
#2665 = CARTESIAN_POINT('',(-0.3,-1.07411561832E-17));
#2666 = CARTESIAN_POINT('',(-0.3,-20.78460969082));
#2667 = CARTESIAN_POINT('',(-18.3,-10.39230484541));
#2668 = CARTESIAN_POINT('',(-36.3,-2.949893474137E-15));
#2669 = CARTESIAN_POINT('',(-18.3,10.392304845413));
#2670 = CARTESIAN_POINT('',(-0.3,20.784609690827));
#2671 = CARTESIAN_POINT('',(-0.3,-1.07411561832E-17));
#2672 = ( GEOMETRIC_REPRESENTATION_CONTEXT(2) 
PARAMETRIC_REPRESENTATION_CONTEXT() REPRESENTATION_CONTEXT('2D SPACE',''
  ) );
#2673 = ORIENTED_EDGE('',*,*,#21,.T.);
#2674 = ORIENTED_EDGE('',*,*,#2675,.T.);
#2675 = EDGE_CURVE('',#24,#24,#2676,.T.);
#2676 = SURFACE_CURVE('',#2677,(#2682,#2689),.PCURVE_S1.);
#2677 = CIRCLE('',#2678,12.);
#2678 = AXIS2_PLACEMENT_3D('',#2679,#2680,#2681);
#2679 = CARTESIAN_POINT('',(0.,-1.738998454789E-15,0.8));
#2680 = DIRECTION('',(0.,-1.224646799147E-16,-1.));
#2681 = DIRECTION('',(1.,0.,0.));
#2682 = PCURVE('',#32,#2683);
#2683 = DEFINITIONAL_REPRESENTATION('',(#2684),#2688);
#2684 = LINE('',#2685,#2686);
#2685 = CARTESIAN_POINT('',(-0.,-14.2));
#2686 = VECTOR('',#2687,1.);
#2687 = DIRECTION('',(-1.,0.));
#2688 = ( GEOMETRIC_REPRESENTATION_CONTEXT(2) 
PARAMETRIC_REPRESENTATION_CONTEXT() REPRESENTATION_CONTEXT('2D SPACE',''
  ) );
#2689 = PCURVE('',#2690,#2695);
#2690 = CONICAL_SURFACE('',#2691,12.,0.785398163397);
#2691 = AXIS2_PLACEMENT_3D('',#2692,#2693,#2694);
#2692 = CARTESIAN_POINT('',(0.,-1.738998454789E-15,0.8));
#2693 = DIRECTION('',(-0.,1.224646799147E-16,1.));
#2694 = DIRECTION('',(1.,0.,0.));
#2695 = DEFINITIONAL_REPRESENTATION('',(#2696),#2700);
#2696 = LINE('',#2697,#2698);
#2697 = CARTESIAN_POINT('',(-0.,-0.));
#2698 = VECTOR('',#2699,1.);
#2699 = DIRECTION('',(-1.,-0.));
#2700 = ( GEOMETRIC_REPRESENTATION_CONTEXT(2) 
PARAMETRIC_REPRESENTATION_CONTEXT() REPRESENTATION_CONTEXT('2D SPACE',''
  ) );
#2701 = ADVANCED_FACE('',(#2702),#2690,.T.);
#2702 = FACE_BOUND('',#2703,.T.);
#2703 = EDGE_LOOP('',(#2704,#2727,#2728,#2729));
#2704 = ORIENTED_EDGE('',*,*,#2705,.F.);
#2705 = EDGE_CURVE('',#24,#2706,#2708,.T.);
#2706 = VERTEX_POINT('',#2707);
#2707 = CARTESIAN_POINT('',(11.2,-1.836970198721E-15,1.7763568394E-15));
#2708 = SEAM_CURVE('',#2709,(#2713,#2720),.PCURVE_S1.);
#2709 = LINE('',#2710,#2711);
#2710 = CARTESIAN_POINT('',(12.,-1.738998454789E-15,0.8));
#2711 = VECTOR('',#2712,1.);
#2712 = DIRECTION('',(-0.707106781187,-8.659560562355E-17,
    -0.707106781187));
#2713 = PCURVE('',#2690,#2714);
#2714 = DEFINITIONAL_REPRESENTATION('',(#2715),#2719);
#2715 = LINE('',#2716,#2717);
#2716 = CARTESIAN_POINT('',(-0.,-0.));
#2717 = VECTOR('',#2718,1.);
#2718 = DIRECTION('',(-0.,-1.));
#2719 = ( GEOMETRIC_REPRESENTATION_CONTEXT(2) 
PARAMETRIC_REPRESENTATION_CONTEXT() REPRESENTATION_CONTEXT('2D SPACE',''
  ) );
#2720 = PCURVE('',#2690,#2721);
#2721 = DEFINITIONAL_REPRESENTATION('',(#2722),#2726);
#2722 = LINE('',#2723,#2724);
#2723 = CARTESIAN_POINT('',(-6.28318530718,-0.));
#2724 = VECTOR('',#2725,1.);
#2725 = DIRECTION('',(-0.,-1.));
#2726 = ( GEOMETRIC_REPRESENTATION_CONTEXT(2) 
PARAMETRIC_REPRESENTATION_CONTEXT() REPRESENTATION_CONTEXT('2D SPACE',''
  ) );
#2727 = ORIENTED_EDGE('',*,*,#2675,.T.);
#2728 = ORIENTED_EDGE('',*,*,#2705,.T.);
#2729 = ORIENTED_EDGE('',*,*,#2730,.F.);
#2730 = EDGE_CURVE('',#2706,#2706,#2731,.T.);
#2731 = SURFACE_CURVE('',#2732,(#2737,#2744),.PCURVE_S1.);
#2732 = CIRCLE('',#2733,11.2);
#2733 = AXIS2_PLACEMENT_3D('',#2734,#2735,#2736);
#2734 = CARTESIAN_POINT('',(0.,-1.836970198721E-15,1.7763568394E-15));
#2735 = DIRECTION('',(0.,-1.224646799147E-16,-1.));
#2736 = DIRECTION('',(1.,0.,0.));
#2737 = PCURVE('',#2690,#2738);
#2738 = DEFINITIONAL_REPRESENTATION('',(#2739),#2743);
#2739 = LINE('',#2740,#2741);
#2740 = CARTESIAN_POINT('',(-0.,-0.8));
#2741 = VECTOR('',#2742,1.);
#2742 = DIRECTION('',(-1.,-0.));
#2743 = ( GEOMETRIC_REPRESENTATION_CONTEXT(2) 
PARAMETRIC_REPRESENTATION_CONTEXT() REPRESENTATION_CONTEXT('2D SPACE',''
  ) );
#2744 = PCURVE('',#2745,#2750);
#2745 = PLANE('',#2746);
#2746 = AXIS2_PLACEMENT_3D('',#2747,#2748,#2749);
#2747 = CARTESIAN_POINT('',(-6.837200662697E-16,-1.802924856575E-15,
    1.7763568394E-15));
#2748 = DIRECTION('',(0.,-1.224646799147E-16,-1.));
#2749 = DIRECTION('',(1.,0.,0.));
#2750 = DEFINITIONAL_REPRESENTATION('',(#2751),#2755);
#2751 = CIRCLE('',#2752,11.2);
#2752 = AXIS2_PLACEMENT_2D('',#2753,#2754);
#2753 = CARTESIAN_POINT('',(6.837200662697E-16,3.40453421458E-17));
#2754 = DIRECTION('',(1.,0.));
#2755 = ( GEOMETRIC_REPRESENTATION_CONTEXT(2) 
PARAMETRIC_REPRESENTATION_CONTEXT() REPRESENTATION_CONTEXT('2D SPACE',''
  ) );
#2756 = ADVANCED_FACE('',(#2757),#68,.F.);
#2757 = FACE_BOUND('',#2758,.F.);
#2758 = EDGE_LOOP('',(#2759,#2760,#2782));
#2759 = ORIENTED_EDGE('',*,*,#2648,.F.);
#2760 = ORIENTED_EDGE('',*,*,#2761,.T.);
#2761 = EDGE_CURVE('',#2626,#52,#2762,.T.);
#2762 = SURFACE_CURVE('',#2763,(#2768,#2775),.PCURVE_S1.);
#2763 = CIRCLE('',#2764,0.9);
#2764 = AXIS2_PLACEMENT_3D('',#2765,#2766,#2767);
#2765 = CARTESIAN_POINT('',(12.3,-1.567547902909E-15,2.2));
#2766 = DIRECTION('',(0.,-1.224646799147E-16,-1.));
#2767 = DIRECTION('',(1.,0.,0.));
#2768 = PCURVE('',#68,#2769);
#2769 = DEFINITIONAL_REPRESENTATION('',(#2770),#2774);
#2770 = CIRCLE('',#2771,0.9);
#2771 = AXIS2_PLACEMENT_2D('',#2772,#2773);
#2772 = CARTESIAN_POINT('',(-3.552713678801E-15,-1.07411561832E-17));
#2773 = DIRECTION('',(1.,0.));
#2774 = ( GEOMETRIC_REPRESENTATION_CONTEXT(2) 
PARAMETRIC_REPRESENTATION_CONTEXT() REPRESENTATION_CONTEXT('2D SPACE',''
  ) );
#2775 = PCURVE('',#100,#2776);
#2776 = DEFINITIONAL_REPRESENTATION('',(#2777),#2781);
#2777 = LINE('',#2778,#2779);
#2778 = CARTESIAN_POINT('',(-0.,-13.8));
#2779 = VECTOR('',#2780,1.);
#2780 = DIRECTION('',(-1.,0.));
#2781 = ( GEOMETRIC_REPRESENTATION_CONTEXT(2) 
PARAMETRIC_REPRESENTATION_CONTEXT() REPRESENTATION_CONTEXT('2D SPACE',''
  ) );
#2782 = ORIENTED_EDGE('',*,*,#51,.F.);
#2783 = ADVANCED_FACE('',(#2784),#100,.F.);
#2784 = FACE_BOUND('',#2785,.T.);
#2785 = EDGE_LOOP('',(#2786,#2787,#2788,#2789));
#2786 = ORIENTED_EDGE('',*,*,#2625,.F.);
#2787 = ORIENTED_EDGE('',*,*,#2761,.T.);
#2788 = ORIENTED_EDGE('',*,*,#84,.T.);
#2789 = ORIENTED_EDGE('',*,*,#2790,.T.);
#2790 = EDGE_CURVE('',#85,#2602,#2791,.T.);
#2791 = SURFACE_CURVE('',#2792,(#2797,#2804),.PCURVE_S1.);
#2792 = CIRCLE('',#2793,0.9);
#2793 = AXIS2_PLACEMENT_3D('',#2794,#2795,#2796);
#2794 = CARTESIAN_POINT('',(12.3,0.,15.));
#2795 = DIRECTION('',(-0.,1.224646799147E-16,1.));
#2796 = DIRECTION('',(1.,0.,0.));
#2797 = PCURVE('',#100,#2798);
#2798 = DEFINITIONAL_REPRESENTATION('',(#2799),#2803);
#2799 = LINE('',#2800,#2801);
#2800 = CARTESIAN_POINT('',(-6.28318530718,-1.));
#2801 = VECTOR('',#2802,1.);
#2802 = DIRECTION('',(1.,-0.));
#2803 = ( GEOMETRIC_REPRESENTATION_CONTEXT(2) 
PARAMETRIC_REPRESENTATION_CONTEXT() REPRESENTATION_CONTEXT('2D SPACE',''
  ) );
#2804 = PCURVE('',#129,#2805);
#2805 = DEFINITIONAL_REPRESENTATION('',(#2806),#2814);
#2806 = ( BOUNDED_CURVE() B_SPLINE_CURVE(2,(#2807,#2808,#2809,#2810,
#2811,#2812,#2813),.UNSPECIFIED.,.T.,.F.) B_SPLINE_CURVE_WITH_KNOTS((1,2
    ,2,2,2,1),(-2.094395102393,0.,2.094395102393,4.188790204786,
6.28318530718,8.377580409573),.UNSPECIFIED.) CURVE() 
GEOMETRIC_REPRESENTATION_ITEM() RATIONAL_B_SPLINE_CURVE((1.,0.5,1.,0.5,
1.,0.5,1.)) REPRESENTATION_ITEM('') );
#2807 = CARTESIAN_POINT('',(13.2,3.40453421458E-17));
#2808 = CARTESIAN_POINT('',(13.2,-1.558845726812));
#2809 = CARTESIAN_POINT('',(11.85,-0.779422863406));
#2810 = CARTESIAN_POINT('',(10.5,-1.863910817007E-16));
#2811 = CARTESIAN_POINT('',(11.85,0.779422863406));
#2812 = CARTESIAN_POINT('',(13.2,1.558845726812));
#2813 = CARTESIAN_POINT('',(13.2,3.40453421458E-17));
#2814 = ( GEOMETRIC_REPRESENTATION_CONTEXT(2) 
PARAMETRIC_REPRESENTATION_CONTEXT() REPRESENTATION_CONTEXT('2D SPACE',''
  ) );
#2815 = ADVANCED_FACE('',(#2816,#3441),#129,.F.);
#2816 = FACE_BOUND('',#2817,.F.);
#2817 = EDGE_LOOP('',(#2818,#2819,#2820,#2846,#2847,#2873,#2874,#2900,
    #2901,#2927,#2928,#2954,#2955,#2981,#2982,#3008,#3009,#3035,#3036,
    #3062,#3063,#3089,#3090,#3116,#3117,#3143,#3144,#3170,#3171,#3197,
    #3198,#3224,#3225,#3251,#3252,#3278,#3279,#3305,#3306,#3332,#3333,
    #3359,#3360,#3386,#3387,#3413,#3414,#3440));
#2818 = ORIENTED_EDGE('',*,*,#2790,.T.);
#2819 = ORIENTED_EDGE('',*,*,#2601,.T.);
#2820 = ORIENTED_EDGE('',*,*,#2821,.T.);
#2821 = EDGE_CURVE('',#2579,#2494,#2822,.T.);
#2822 = SURFACE_CURVE('',#2823,(#2828,#2839),.PCURVE_S1.);
#2823 = CIRCLE('',#2824,0.9);
#2824 = AXIS2_PLACEMENT_3D('',#2825,#2826,#2827);
#2825 = CARTESIAN_POINT('',(11.880887663356,-3.183474254761,15.));
#2826 = DIRECTION('',(0.,1.224646799147E-16,1.));
#2827 = DIRECTION('',(0.965925826289,-0.258819045103,3.169619151432E-17)
  );
#2828 = PCURVE('',#129,#2829);
#2829 = DEFINITIONAL_REPRESENTATION('',(#2830),#2838);
#2830 = ( BOUNDED_CURVE() B_SPLINE_CURVE(2,(#2831,#2832,#2833,#2834,
#2835,#2836,#2837),.UNSPECIFIED.,.T.,.F.) B_SPLINE_CURVE_WITH_KNOTS((1,2
    ,2,2,2,1),(-2.094395102393,0.,2.094395102393,4.188790204786,
6.28318530718,8.377580409573),.UNSPECIFIED.) CURVE() 
GEOMETRIC_REPRESENTATION_ITEM() RATIONAL_B_SPLINE_CURVE((1.,0.5,1.,0.5,
1.,0.5,1.)) REPRESENTATION_ITEM('') );
#2831 = CARTESIAN_POINT('',(12.750220907016,3.416411395353));
#2832 = CARTESIAN_POINT('',(13.153679869491,1.910682048625));
#2833 = CARTESIAN_POINT('',(11.647950522763,2.314141011101));
#2834 = CARTESIAN_POINT('',(10.142221176035,2.717599973576));
#2835 = CARTESIAN_POINT('',(11.244491560288,3.819870357829));
#2836 = CARTESIAN_POINT('',(12.34676194454,4.922140742081));
#2837 = CARTESIAN_POINT('',(12.750220907016,3.416411395353));
#2838 = ( GEOMETRIC_REPRESENTATION_CONTEXT(2) 
PARAMETRIC_REPRESENTATION_CONTEXT() REPRESENTATION_CONTEXT('2D SPACE',''
  ) );
#2839 = PCURVE('',#2533,#2840);
#2840 = DEFINITIONAL_REPRESENTATION('',(#2841),#2845);
#2841 = LINE('',#2842,#2843);
#2842 = CARTESIAN_POINT('',(-6.28318530718,-1.));
#2843 = VECTOR('',#2844,1.);
#2844 = DIRECTION('',(1.,-0.));
#2845 = ( GEOMETRIC_REPRESENTATION_CONTEXT(2) 
PARAMETRIC_REPRESENTATION_CONTEXT() REPRESENTATION_CONTEXT('2D SPACE',''
  ) );
#2846 = ORIENTED_EDGE('',*,*,#2493,.T.);
#2847 = ORIENTED_EDGE('',*,*,#2848,.T.);
#2848 = EDGE_CURVE('',#2471,#2386,#2849,.T.);
#2849 = SURFACE_CURVE('',#2850,(#2855,#2866),.PCURVE_S1.);
#2850 = CIRCLE('',#2851,0.9);
#2851 = AXIS2_PLACEMENT_3D('',#2852,#2853,#2854);
#2852 = CARTESIAN_POINT('',(10.652112466549,-6.15,15.));
#2853 = DIRECTION('',(0.,1.224646799147E-16,1.));
#2854 = DIRECTION('',(0.866025403784,-0.5,6.123233995737E-17));
#2855 = PCURVE('',#129,#2856);
#2856 = DEFINITIONAL_REPRESENTATION('',(#2857),#2865);
#2857 = ( BOUNDED_CURVE() B_SPLINE_CURVE(2,(#2858,#2859,#2860,#2861,
#2862,#2863,#2864),.UNSPECIFIED.,.T.,.F.) B_SPLINE_CURVE_WITH_KNOTS((1,2
    ,2,2,2,1),(-2.094395102393,0.,2.094395102393,4.188790204786,
6.28318530718,8.377580409573),.UNSPECIFIED.) CURVE() 
GEOMETRIC_REPRESENTATION_ITEM() RATIONAL_B_SPLINE_CURVE((1.,0.5,1.,0.5,
1.,0.5,1.)) REPRESENTATION_ITEM('') );
#2858 = CARTESIAN_POINT('',(11.431535329955,6.6));
#2859 = CARTESIAN_POINT('',(12.210958193361,5.25));
#2860 = CARTESIAN_POINT('',(10.652112466549,5.25));
#2861 = CARTESIAN_POINT('',(9.093266739737,5.25));
#2862 = CARTESIAN_POINT('',(9.872689603143,6.6));
#2863 = CARTESIAN_POINT('',(10.652112466549,7.95));
#2864 = CARTESIAN_POINT('',(11.431535329955,6.6));
#2865 = ( GEOMETRIC_REPRESENTATION_CONTEXT(2) 
PARAMETRIC_REPRESENTATION_CONTEXT() REPRESENTATION_CONTEXT('2D SPACE',''
  ) );
#2866 = PCURVE('',#2425,#2867);
#2867 = DEFINITIONAL_REPRESENTATION('',(#2868),#2872);
#2868 = LINE('',#2869,#2870);
#2869 = CARTESIAN_POINT('',(-6.28318530718,-1.));
#2870 = VECTOR('',#2871,1.);
#2871 = DIRECTION('',(1.,-0.));
#2872 = ( GEOMETRIC_REPRESENTATION_CONTEXT(2) 
PARAMETRIC_REPRESENTATION_CONTEXT() REPRESENTATION_CONTEXT('2D SPACE',''
  ) );
#2873 = ORIENTED_EDGE('',*,*,#2385,.T.);
#2874 = ORIENTED_EDGE('',*,*,#2875,.T.);
#2875 = EDGE_CURVE('',#2363,#2278,#2876,.T.);
#2876 = SURFACE_CURVE('',#2877,(#2882,#2893),.PCURVE_S1.);
#2877 = CIRCLE('',#2878,0.9);
#2878 = AXIS2_PLACEMENT_3D('',#2879,#2880,#2881);
#2879 = CARTESIAN_POINT('',(8.697413408595,-8.697413408595,15.));
#2880 = DIRECTION('',(0.,1.224646799147E-16,1.));
#2881 = DIRECTION('',(0.707106781187,-0.707106781187,8.659560562355E-17)
  );
#2882 = PCURVE('',#129,#2883);
#2883 = DEFINITIONAL_REPRESENTATION('',(#2884),#2892);
#2884 = ( BOUNDED_CURVE() B_SPLINE_CURVE(2,(#2885,#2886,#2887,#2888,
#2889,#2890,#2891),.UNSPECIFIED.,.T.,.F.) B_SPLINE_CURVE_WITH_KNOTS((1,2
    ,2,2,2,1),(-2.094395102393,0.,2.094395102393,4.188790204786,
6.28318530718,8.377580409573),.UNSPECIFIED.) CURVE() 
GEOMETRIC_REPRESENTATION_ITEM() RATIONAL_B_SPLINE_CURVE((1.,0.5,1.,0.5,
1.,0.5,1.)) REPRESENTATION_ITEM('') );
#2885 = CARTESIAN_POINT('',(9.333809511662,9.333809511662));
#2886 = CARTESIAN_POINT('',(10.436079895915,8.23153912741));
#2887 = CARTESIAN_POINT('',(8.930350549187,7.828080164934));
#2888 = CARTESIAN_POINT('',(7.424621202459,7.424621202459));
#2889 = CARTESIAN_POINT('',(7.828080164934,8.930350549187));
#2890 = CARTESIAN_POINT('',(8.23153912741,10.436079895915));
#2891 = CARTESIAN_POINT('',(9.333809511662,9.333809511662));
#2892 = ( GEOMETRIC_REPRESENTATION_CONTEXT(2) 
PARAMETRIC_REPRESENTATION_CONTEXT() REPRESENTATION_CONTEXT('2D SPACE',''
  ) );
#2893 = PCURVE('',#2317,#2894);
#2894 = DEFINITIONAL_REPRESENTATION('',(#2895),#2899);
#2895 = LINE('',#2896,#2897);
#2896 = CARTESIAN_POINT('',(-6.28318530718,-1.));
#2897 = VECTOR('',#2898,1.);
#2898 = DIRECTION('',(1.,-0.));
#2899 = ( GEOMETRIC_REPRESENTATION_CONTEXT(2) 
PARAMETRIC_REPRESENTATION_CONTEXT() REPRESENTATION_CONTEXT('2D SPACE',''
  ) );
#2900 = ORIENTED_EDGE('',*,*,#2277,.T.);
#2901 = ORIENTED_EDGE('',*,*,#2902,.T.);
#2902 = EDGE_CURVE('',#2255,#2170,#2903,.T.);
#2903 = SURFACE_CURVE('',#2904,(#2909,#2920),.PCURVE_S1.);
#2904 = CIRCLE('',#2905,0.9);
#2905 = AXIS2_PLACEMENT_3D('',#2906,#2907,#2908);
#2906 = CARTESIAN_POINT('',(6.15,-10.65211246654,15.));
#2907 = DIRECTION('',(0.,1.224646799147E-16,1.));
#2908 = DIRECTION('',(0.5,-0.866025403784,1.060575238725E-16));
#2909 = PCURVE('',#129,#2910);
#2910 = DEFINITIONAL_REPRESENTATION('',(#2911),#2919);
#2911 = ( BOUNDED_CURVE() B_SPLINE_CURVE(2,(#2912,#2913,#2914,#2915,
#2916,#2917,#2918),.UNSPECIFIED.,.T.,.F.) B_SPLINE_CURVE_WITH_KNOTS((1,2
    ,2,2,2,1),(-2.094395102393,0.,2.094395102393,4.188790204786,
6.28318530718,8.377580409573),.UNSPECIFIED.) CURVE() 
GEOMETRIC_REPRESENTATION_ITEM() RATIONAL_B_SPLINE_CURVE((1.,0.5,1.,0.5,
1.,0.5,1.)) REPRESENTATION_ITEM('') );
#2912 = CARTESIAN_POINT('',(6.6,11.431535329955));
#2913 = CARTESIAN_POINT('',(7.95,10.652112466549));
#2914 = CARTESIAN_POINT('',(6.6,9.872689603143));
#2915 = CARTESIAN_POINT('',(5.25,9.093266739737));
#2916 = CARTESIAN_POINT('',(5.25,10.652112466549));
#2917 = CARTESIAN_POINT('',(5.25,12.210958193361));
#2918 = CARTESIAN_POINT('',(6.6,11.431535329955));
#2919 = ( GEOMETRIC_REPRESENTATION_CONTEXT(2) 
PARAMETRIC_REPRESENTATION_CONTEXT() REPRESENTATION_CONTEXT('2D SPACE',''
  ) );
#2920 = PCURVE('',#2209,#2921);
#2921 = DEFINITIONAL_REPRESENTATION('',(#2922),#2926);
#2922 = LINE('',#2923,#2924);
#2923 = CARTESIAN_POINT('',(-6.28318530718,-1.));
#2924 = VECTOR('',#2925,1.);
#2925 = DIRECTION('',(1.,-0.));
#2926 = ( GEOMETRIC_REPRESENTATION_CONTEXT(2) 
PARAMETRIC_REPRESENTATION_CONTEXT() REPRESENTATION_CONTEXT('2D SPACE',''
  ) );
#2927 = ORIENTED_EDGE('',*,*,#2169,.T.);
#2928 = ORIENTED_EDGE('',*,*,#2929,.T.);
#2929 = EDGE_CURVE('',#2147,#2062,#2930,.T.);
#2930 = SURFACE_CURVE('',#2931,(#2936,#2947),.PCURVE_S1.);
#2931 = CIRCLE('',#2932,0.9);
#2932 = AXIS2_PLACEMENT_3D('',#2933,#2934,#2935);
#2933 = CARTESIAN_POINT('',(3.183474254761,-11.88088766335,15.));
#2934 = DIRECTION('',(0.,1.224646799147E-16,1.));
#2935 = DIRECTION('',(0.258819045103,-0.965925826289,1.182917971379E-16)
  );
#2936 = PCURVE('',#129,#2937);
#2937 = DEFINITIONAL_REPRESENTATION('',(#2938),#2946);
#2938 = ( BOUNDED_CURVE() B_SPLINE_CURVE(2,(#2939,#2940,#2941,#2942,
#2943,#2944,#2945),.UNSPECIFIED.,.T.,.F.) B_SPLINE_CURVE_WITH_KNOTS((1,2
    ,2,2,2,1),(-2.094395102393,0.,2.094395102393,4.188790204786,
6.28318530718,8.377580409573),.UNSPECIFIED.) CURVE() 
GEOMETRIC_REPRESENTATION_ITEM() RATIONAL_B_SPLINE_CURVE((1.,0.5,1.,0.5,
1.,0.5,1.)) REPRESENTATION_ITEM('') );
#2939 = CARTESIAN_POINT('',(3.416411395353,12.750220907016));
#2940 = CARTESIAN_POINT('',(4.922140742081,12.34676194454));
#2941 = CARTESIAN_POINT('',(3.819870357829,11.244491560288));
#2942 = CARTESIAN_POINT('',(2.717599973576,10.142221176035));
#2943 = CARTESIAN_POINT('',(2.314141011101,11.647950522763));
#2944 = CARTESIAN_POINT('',(1.910682048625,13.153679869491));
#2945 = CARTESIAN_POINT('',(3.416411395353,12.750220907016));
#2946 = ( GEOMETRIC_REPRESENTATION_CONTEXT(2) 
PARAMETRIC_REPRESENTATION_CONTEXT() REPRESENTATION_CONTEXT('2D SPACE',''
  ) );
#2947 = PCURVE('',#2101,#2948);
#2948 = DEFINITIONAL_REPRESENTATION('',(#2949),#2953);
#2949 = LINE('',#2950,#2951);
#2950 = CARTESIAN_POINT('',(-6.28318530718,-1.));
#2951 = VECTOR('',#2952,1.);
#2952 = DIRECTION('',(1.,-0.));
#2953 = ( GEOMETRIC_REPRESENTATION_CONTEXT(2) 
PARAMETRIC_REPRESENTATION_CONTEXT() REPRESENTATION_CONTEXT('2D SPACE',''
  ) );
#2954 = ORIENTED_EDGE('',*,*,#2061,.T.);
#2955 = ORIENTED_EDGE('',*,*,#2956,.T.);
#2956 = EDGE_CURVE('',#2039,#1954,#2957,.T.);
#2957 = SURFACE_CURVE('',#2958,(#2963,#2974),.PCURVE_S1.);
#2958 = CIRCLE('',#2959,0.9);
#2959 = AXIS2_PLACEMENT_3D('',#2960,#2961,#2962);
#2960 = CARTESIAN_POINT('',(7.531577814756E-16,-12.3,15.));
#2961 = DIRECTION('',(0.,1.224646799147E-16,1.));
#2962 = DIRECTION('',(1.110223024625E-16,-1.,1.224646799147E-16));
#2963 = PCURVE('',#129,#2964);
#2964 = DEFINITIONAL_REPRESENTATION('',(#2965),#2973);
#2965 = ( BOUNDED_CURVE() B_SPLINE_CURVE(2,(#2966,#2967,#2968,#2969,
#2970,#2971,#2972),.UNSPECIFIED.,.T.,.F.) B_SPLINE_CURVE_WITH_KNOTS((1,2
    ,2,2,2,1),(-2.094395102393,0.,2.094395102393,4.188790204786,
6.28318530718,8.377580409573),.UNSPECIFIED.) CURVE() 
GEOMETRIC_REPRESENTATION_ITEM() RATIONAL_B_SPLINE_CURVE((1.,0.5,1.,0.5,
1.,0.5,1.)) REPRESENTATION_ITEM('') );
#2966 = CARTESIAN_POINT('',(1.536797919962E-15,13.2));
#2967 = CARTESIAN_POINT('',(1.558845726812,13.2));
#2968 = CARTESIAN_POINT('',(0.779422863406,11.85));
#2969 = CARTESIAN_POINT('',(1.457474127159E-15,10.5));
#2970 = CARTESIAN_POINT('',(-0.779422863406,11.85));
#2971 = CARTESIAN_POINT('',(-1.558845726812,13.2));
#2972 = CARTESIAN_POINT('',(1.536797919962E-15,13.2));
#2973 = ( GEOMETRIC_REPRESENTATION_CONTEXT(2) 
PARAMETRIC_REPRESENTATION_CONTEXT() REPRESENTATION_CONTEXT('2D SPACE',''
  ) );
#2974 = PCURVE('',#1993,#2975);
#2975 = DEFINITIONAL_REPRESENTATION('',(#2976),#2980);
#2976 = LINE('',#2977,#2978);
#2977 = CARTESIAN_POINT('',(-6.28318530718,-1.));
#2978 = VECTOR('',#2979,1.);
#2979 = DIRECTION('',(1.,-0.));
#2980 = ( GEOMETRIC_REPRESENTATION_CONTEXT(2) 
PARAMETRIC_REPRESENTATION_CONTEXT() REPRESENTATION_CONTEXT('2D SPACE',''
  ) );
#2981 = ORIENTED_EDGE('',*,*,#1953,.T.);
#2982 = ORIENTED_EDGE('',*,*,#2983,.T.);
#2983 = EDGE_CURVE('',#1931,#1846,#2984,.T.);
#2984 = SURFACE_CURVE('',#2985,(#2990,#3001),.PCURVE_S1.);
#2985 = CIRCLE('',#2986,0.9);
#2986 = AXIS2_PLACEMENT_3D('',#2987,#2988,#2989);
#2987 = CARTESIAN_POINT('',(-3.183474254761,-11.88088766335,15.));
#2988 = DIRECTION('',(0.,1.224646799147E-16,1.));
#2989 = DIRECTION('',(-0.258819045103,-0.965925826289,1.182917971379E-16
    ));
#2990 = PCURVE('',#129,#2991);
#2991 = DEFINITIONAL_REPRESENTATION('',(#2992),#3000);
#2992 = ( BOUNDED_CURVE() B_SPLINE_CURVE(2,(#2993,#2994,#2995,#2996,
#2997,#2998,#2999),.UNSPECIFIED.,.T.,.F.) B_SPLINE_CURVE_WITH_KNOTS((1,2
    ,2,2,2,1),(-2.094395102393,0.,2.094395102393,4.188790204786,
6.28318530718,8.377580409573),.UNSPECIFIED.) CURVE() 
GEOMETRIC_REPRESENTATION_ITEM() RATIONAL_B_SPLINE_CURVE((1.,0.5,1.,0.5,
1.,0.5,1.)) REPRESENTATION_ITEM('') );
#2993 = CARTESIAN_POINT('',(-3.416411395353,12.750220907016));
#2994 = CARTESIAN_POINT('',(-1.910682048625,13.153679869491));
#2995 = CARTESIAN_POINT('',(-2.314141011101,11.647950522763));
#2996 = CARTESIAN_POINT('',(-2.717599973576,10.142221176035));
#2997 = CARTESIAN_POINT('',(-3.819870357829,11.244491560288));
#2998 = CARTESIAN_POINT('',(-4.922140742081,12.34676194454));
#2999 = CARTESIAN_POINT('',(-3.416411395353,12.750220907016));
#3000 = ( GEOMETRIC_REPRESENTATION_CONTEXT(2) 
PARAMETRIC_REPRESENTATION_CONTEXT() REPRESENTATION_CONTEXT('2D SPACE',''
  ) );
#3001 = PCURVE('',#1885,#3002);
#3002 = DEFINITIONAL_REPRESENTATION('',(#3003),#3007);
#3003 = LINE('',#3004,#3005);
#3004 = CARTESIAN_POINT('',(-6.28318530718,-1.));
#3005 = VECTOR('',#3006,1.);
#3006 = DIRECTION('',(1.,-0.));
#3007 = ( GEOMETRIC_REPRESENTATION_CONTEXT(2) 
PARAMETRIC_REPRESENTATION_CONTEXT() REPRESENTATION_CONTEXT('2D SPACE',''
  ) );
#3008 = ORIENTED_EDGE('',*,*,#1845,.T.);
#3009 = ORIENTED_EDGE('',*,*,#3010,.T.);
#3010 = EDGE_CURVE('',#1823,#1738,#3011,.T.);
#3011 = SURFACE_CURVE('',#3012,(#3017,#3028),.PCURVE_S1.);
#3012 = CIRCLE('',#3013,0.9);
#3013 = AXIS2_PLACEMENT_3D('',#3014,#3015,#3016);
#3014 = CARTESIAN_POINT('',(-6.15,-10.65211246654,15.));
#3015 = DIRECTION('',(6.162975822039E-33,1.224646799147E-16,1.));
#3016 = DIRECTION('',(-0.5,-0.866025403784,1.060575238725E-16));
#3017 = PCURVE('',#129,#3018);
#3018 = DEFINITIONAL_REPRESENTATION('',(#3019),#3027);
#3019 = ( BOUNDED_CURVE() B_SPLINE_CURVE(2,(#3020,#3021,#3022,#3023,
#3024,#3025,#3026),.UNSPECIFIED.,.T.,.F.) B_SPLINE_CURVE_WITH_KNOTS((1,2
    ,2,2,2,1),(-2.094395102393,0.,2.094395102393,4.188790204786,
6.28318530718,8.377580409573),.UNSPECIFIED.) CURVE() 
GEOMETRIC_REPRESENTATION_ITEM() RATIONAL_B_SPLINE_CURVE((1.,0.5,1.,0.5,
1.,0.5,1.)) REPRESENTATION_ITEM('') );
#3020 = CARTESIAN_POINT('',(-6.6,11.431535329955));
#3021 = CARTESIAN_POINT('',(-5.25,12.210958193361));
#3022 = CARTESIAN_POINT('',(-5.25,10.652112466549));
#3023 = CARTESIAN_POINT('',(-5.25,9.093266739737));
#3024 = CARTESIAN_POINT('',(-6.6,9.872689603143));
#3025 = CARTESIAN_POINT('',(-7.95,10.652112466549));
#3026 = CARTESIAN_POINT('',(-6.6,11.431535329955));
#3027 = ( GEOMETRIC_REPRESENTATION_CONTEXT(2) 
PARAMETRIC_REPRESENTATION_CONTEXT() REPRESENTATION_CONTEXT('2D SPACE',''
  ) );
#3028 = PCURVE('',#1777,#3029);
#3029 = DEFINITIONAL_REPRESENTATION('',(#3030),#3034);
#3030 = LINE('',#3031,#3032);
#3031 = CARTESIAN_POINT('',(-6.28318530718,-1.));
#3032 = VECTOR('',#3033,1.);
#3033 = DIRECTION('',(1.,-0.));
#3034 = ( GEOMETRIC_REPRESENTATION_CONTEXT(2) 
PARAMETRIC_REPRESENTATION_CONTEXT() REPRESENTATION_CONTEXT('2D SPACE',''
  ) );
#3035 = ORIENTED_EDGE('',*,*,#1737,.T.);
#3036 = ORIENTED_EDGE('',*,*,#3037,.T.);
#3037 = EDGE_CURVE('',#1715,#1630,#3038,.T.);
#3038 = SURFACE_CURVE('',#3039,(#3044,#3055),.PCURVE_S1.);
#3039 = CIRCLE('',#3040,0.9);
#3040 = AXIS2_PLACEMENT_3D('',#3041,#3042,#3043);
#3041 = CARTESIAN_POINT('',(-8.697413408595,-8.697413408595,15.));
#3042 = DIRECTION('',(0.,1.224646799147E-16,1.));
#3043 = DIRECTION('',(-0.707106781187,-0.707106781187,8.659560562355E-17
    ));
#3044 = PCURVE('',#129,#3045);
#3045 = DEFINITIONAL_REPRESENTATION('',(#3046),#3054);
#3046 = ( BOUNDED_CURVE() B_SPLINE_CURVE(2,(#3047,#3048,#3049,#3050,
#3051,#3052,#3053),.UNSPECIFIED.,.T.,.F.) B_SPLINE_CURVE_WITH_KNOTS((1,2
    ,2,2,2,1),(-2.094395102393,0.,2.094395102393,4.188790204786,
6.28318530718,8.377580409573),.UNSPECIFIED.) CURVE() 
GEOMETRIC_REPRESENTATION_ITEM() RATIONAL_B_SPLINE_CURVE((1.,0.5,1.,0.5,
1.,0.5,1.)) REPRESENTATION_ITEM('') );
#3047 = CARTESIAN_POINT('',(-9.333809511662,9.333809511662));
#3048 = CARTESIAN_POINT('',(-8.23153912741,10.436079895915));
#3049 = CARTESIAN_POINT('',(-7.828080164934,8.930350549187));
#3050 = CARTESIAN_POINT('',(-7.424621202459,7.424621202459));
#3051 = CARTESIAN_POINT('',(-8.930350549187,7.828080164934));
#3052 = CARTESIAN_POINT('',(-10.43607989591,8.23153912741));
#3053 = CARTESIAN_POINT('',(-9.333809511662,9.333809511662));
#3054 = ( GEOMETRIC_REPRESENTATION_CONTEXT(2) 
PARAMETRIC_REPRESENTATION_CONTEXT() REPRESENTATION_CONTEXT('2D SPACE',''
  ) );
#3055 = PCURVE('',#1669,#3056);
#3056 = DEFINITIONAL_REPRESENTATION('',(#3057),#3061);
#3057 = LINE('',#3058,#3059);
#3058 = CARTESIAN_POINT('',(-6.28318530718,-1.));
#3059 = VECTOR('',#3060,1.);
#3060 = DIRECTION('',(1.,-0.));
#3061 = ( GEOMETRIC_REPRESENTATION_CONTEXT(2) 
PARAMETRIC_REPRESENTATION_CONTEXT() REPRESENTATION_CONTEXT('2D SPACE',''
  ) );
#3062 = ORIENTED_EDGE('',*,*,#1629,.T.);
#3063 = ORIENTED_EDGE('',*,*,#3064,.T.);
#3064 = EDGE_CURVE('',#1607,#1522,#3065,.T.);
#3065 = SURFACE_CURVE('',#3066,(#3071,#3082),.PCURVE_S1.);
#3066 = CIRCLE('',#3067,0.9);
#3067 = AXIS2_PLACEMENT_3D('',#3068,#3069,#3070);
#3068 = CARTESIAN_POINT('',(-10.65211246654,-6.15,15.));
#3069 = DIRECTION('',(-6.162975822039E-33,1.224646799147E-16,1.));
#3070 = DIRECTION('',(-0.866025403784,-0.5,6.123233995737E-17));
#3071 = PCURVE('',#129,#3072);
#3072 = DEFINITIONAL_REPRESENTATION('',(#3073),#3081);
#3073 = ( BOUNDED_CURVE() B_SPLINE_CURVE(2,(#3074,#3075,#3076,#3077,
#3078,#3079,#3080),.UNSPECIFIED.,.T.,.F.) B_SPLINE_CURVE_WITH_KNOTS((1,2
    ,2,2,2,1),(-2.094395102393,0.,2.094395102393,4.188790204786,
6.28318530718,8.377580409573),.UNSPECIFIED.) CURVE() 
GEOMETRIC_REPRESENTATION_ITEM() RATIONAL_B_SPLINE_CURVE((1.,0.5,1.,0.5,
1.,0.5,1.)) REPRESENTATION_ITEM('') );
#3074 = CARTESIAN_POINT('',(-11.43153532995,6.6));
#3075 = CARTESIAN_POINT('',(-10.65211246654,7.95));
#3076 = CARTESIAN_POINT('',(-9.872689603143,6.6));
#3077 = CARTESIAN_POINT('',(-9.093266739737,5.25));
#3078 = CARTESIAN_POINT('',(-10.65211246654,5.25));
#3079 = CARTESIAN_POINT('',(-12.21095819336,5.25));
#3080 = CARTESIAN_POINT('',(-11.43153532995,6.6));
#3081 = ( GEOMETRIC_REPRESENTATION_CONTEXT(2) 
PARAMETRIC_REPRESENTATION_CONTEXT() REPRESENTATION_CONTEXT('2D SPACE',''
  ) );
#3082 = PCURVE('',#1561,#3083);
#3083 = DEFINITIONAL_REPRESENTATION('',(#3084),#3088);
#3084 = LINE('',#3085,#3086);
#3085 = CARTESIAN_POINT('',(-6.28318530718,-1.));
#3086 = VECTOR('',#3087,1.);
#3087 = DIRECTION('',(1.,-0.));
#3088 = ( GEOMETRIC_REPRESENTATION_CONTEXT(2) 
PARAMETRIC_REPRESENTATION_CONTEXT() REPRESENTATION_CONTEXT('2D SPACE',''
  ) );
#3089 = ORIENTED_EDGE('',*,*,#1521,.T.);
#3090 = ORIENTED_EDGE('',*,*,#3091,.T.);
#3091 = EDGE_CURVE('',#1499,#1414,#3092,.T.);
#3092 = SURFACE_CURVE('',#3093,(#3098,#3109),.PCURVE_S1.);
#3093 = CIRCLE('',#3094,0.9);
#3094 = AXIS2_PLACEMENT_3D('',#3095,#3096,#3097);
#3095 = CARTESIAN_POINT('',(-11.88088766335,-3.183474254761,15.));
#3096 = DIRECTION('',(0.,1.224646799147E-16,1.));
#3097 = DIRECTION('',(-0.965925826289,-0.258819045103,3.169619151432E-17
    ));
#3098 = PCURVE('',#129,#3099);
#3099 = DEFINITIONAL_REPRESENTATION('',(#3100),#3108);
#3100 = ( BOUNDED_CURVE() B_SPLINE_CURVE(2,(#3101,#3102,#3103,#3104,
#3105,#3106,#3107),.UNSPECIFIED.,.T.,.F.) B_SPLINE_CURVE_WITH_KNOTS((1,2
    ,2,2,2,1),(-2.094395102393,0.,2.094395102393,4.188790204786,
6.28318530718,8.377580409573),.UNSPECIFIED.) CURVE() 
GEOMETRIC_REPRESENTATION_ITEM() RATIONAL_B_SPLINE_CURVE((1.,0.5,1.,0.5,
1.,0.5,1.)) REPRESENTATION_ITEM('') );
#3101 = CARTESIAN_POINT('',(-12.75022090701,3.416411395353));
#3102 = CARTESIAN_POINT('',(-12.34676194454,4.922140742081));
#3103 = CARTESIAN_POINT('',(-11.24449156028,3.819870357829));
#3104 = CARTESIAN_POINT('',(-10.14222117603,2.717599973576));
#3105 = CARTESIAN_POINT('',(-11.64795052276,2.314141011101));
#3106 = CARTESIAN_POINT('',(-13.15367986949,1.910682048625));
#3107 = CARTESIAN_POINT('',(-12.75022090701,3.416411395353));
#3108 = ( GEOMETRIC_REPRESENTATION_CONTEXT(2) 
PARAMETRIC_REPRESENTATION_CONTEXT() REPRESENTATION_CONTEXT('2D SPACE',''
  ) );
#3109 = PCURVE('',#1453,#3110);
#3110 = DEFINITIONAL_REPRESENTATION('',(#3111),#3115);
#3111 = LINE('',#3112,#3113);
#3112 = CARTESIAN_POINT('',(-6.28318530718,-1.));
#3113 = VECTOR('',#3114,1.);
#3114 = DIRECTION('',(1.,-0.));
#3115 = ( GEOMETRIC_REPRESENTATION_CONTEXT(2) 
PARAMETRIC_REPRESENTATION_CONTEXT() REPRESENTATION_CONTEXT('2D SPACE',''
  ) );
#3116 = ORIENTED_EDGE('',*,*,#1413,.T.);
#3117 = ORIENTED_EDGE('',*,*,#3118,.T.);
#3118 = EDGE_CURVE('',#1391,#1306,#3119,.T.);
#3119 = SURFACE_CURVE('',#3120,(#3125,#3136),.PCURVE_S1.);
#3120 = CIRCLE('',#3121,0.9);
#3121 = AXIS2_PLACEMENT_3D('',#3122,#3123,#3124);
#3122 = CARTESIAN_POINT('',(-12.3,-1.506315562951E-15,15.));
#3123 = DIRECTION('',(0.,1.224646799147E-16,1.));
#3124 = DIRECTION('',(-1.,-1.224646799147E-16,1.499759782662E-32));
#3125 = PCURVE('',#129,#3126);
#3126 = DEFINITIONAL_REPRESENTATION('',(#3127),#3135);
#3127 = ( BOUNDED_CURVE() B_SPLINE_CURVE(2,(#3128,#3129,#3130,#3131,
#3132,#3133,#3134),.UNSPECIFIED.,.T.,.F.) B_SPLINE_CURVE_WITH_KNOTS((1,2
    ,2,2,2,1),(-2.094395102393,0.,2.094395102393,4.188790204786,
6.28318530718,8.377580409573),.UNSPECIFIED.) CURVE() 
GEOMETRIC_REPRESENTATION_ITEM() RATIONAL_B_SPLINE_CURVE((1.,0.5,1.,0.5,
1.,0.5,1.)) REPRESENTATION_ITEM('') );
#3128 = CARTESIAN_POINT('',(-13.2,1.65057911702E-15));
#3129 = CARTESIAN_POINT('',(-13.2,1.558845726812));
#3130 = CARTESIAN_POINT('',(-11.85,0.779422863406));
#3131 = CARTESIAN_POINT('',(-10.5,1.540360905097E-15));
#3132 = CARTESIAN_POINT('',(-11.85,-0.779422863406));
#3133 = CARTESIAN_POINT('',(-13.2,-1.558845726812));
#3134 = CARTESIAN_POINT('',(-13.2,1.65057911702E-15));
#3135 = ( GEOMETRIC_REPRESENTATION_CONTEXT(2) 
PARAMETRIC_REPRESENTATION_CONTEXT() REPRESENTATION_CONTEXT('2D SPACE',''
  ) );
#3136 = PCURVE('',#1345,#3137);
#3137 = DEFINITIONAL_REPRESENTATION('',(#3138),#3142);
#3138 = LINE('',#3139,#3140);
#3139 = CARTESIAN_POINT('',(-6.28318530718,-1.));
#3140 = VECTOR('',#3141,1.);
#3141 = DIRECTION('',(1.,-0.));
#3142 = ( GEOMETRIC_REPRESENTATION_CONTEXT(2) 
PARAMETRIC_REPRESENTATION_CONTEXT() REPRESENTATION_CONTEXT('2D SPACE',''
  ) );
#3143 = ORIENTED_EDGE('',*,*,#1305,.T.);
#3144 = ORIENTED_EDGE('',*,*,#3145,.T.);
#3145 = EDGE_CURVE('',#1283,#1198,#3146,.T.);
#3146 = SURFACE_CURVE('',#3147,(#3152,#3163),.PCURVE_S1.);
#3147 = CIRCLE('',#3148,0.9);
#3148 = AXIS2_PLACEMENT_3D('',#3149,#3150,#3151);
#3149 = CARTESIAN_POINT('',(-11.88088766335,3.183474254761,15.));
#3150 = DIRECTION('',(0.,1.224646799147E-16,1.));
#3151 = DIRECTION('',(-0.965925826289,0.258819045103,-3.169619151432E-17
    ));
#3152 = PCURVE('',#129,#3153);
#3153 = DEFINITIONAL_REPRESENTATION('',(#3154),#3162);
#3154 = ( BOUNDED_CURVE() B_SPLINE_CURVE(2,(#3155,#3156,#3157,#3158,
#3159,#3160,#3161),.UNSPECIFIED.,.T.,.F.) B_SPLINE_CURVE_WITH_KNOTS((1,2
    ,2,2,2,1),(-2.094395102393,0.,2.094395102393,4.188790204786,
6.28318530718,8.377580409573),.UNSPECIFIED.) CURVE() 
GEOMETRIC_REPRESENTATION_ITEM() RATIONAL_B_SPLINE_CURVE((1.,0.5,1.,0.5,
1.,0.5,1.)) REPRESENTATION_ITEM('') );
#3155 = CARTESIAN_POINT('',(-12.75022090701,-3.416411395353));
#3156 = CARTESIAN_POINT('',(-13.15367986949,-1.910682048625));
#3157 = CARTESIAN_POINT('',(-11.64795052276,-2.314141011101));
#3158 = CARTESIAN_POINT('',(-10.14222117603,-2.717599973576));
#3159 = CARTESIAN_POINT('',(-11.24449156028,-3.819870357829));
#3160 = CARTESIAN_POINT('',(-12.34676194454,-4.922140742081));
#3161 = CARTESIAN_POINT('',(-12.75022090701,-3.416411395353));
#3162 = ( GEOMETRIC_REPRESENTATION_CONTEXT(2) 
PARAMETRIC_REPRESENTATION_CONTEXT() REPRESENTATION_CONTEXT('2D SPACE',''
  ) );
#3163 = PCURVE('',#1237,#3164);
#3164 = DEFINITIONAL_REPRESENTATION('',(#3165),#3169);
#3165 = LINE('',#3166,#3167);
#3166 = CARTESIAN_POINT('',(-6.28318530718,-1.));
#3167 = VECTOR('',#3168,1.);
#3168 = DIRECTION('',(1.,-0.));
#3169 = ( GEOMETRIC_REPRESENTATION_CONTEXT(2) 
PARAMETRIC_REPRESENTATION_CONTEXT() REPRESENTATION_CONTEXT('2D SPACE',''
  ) );
#3170 = ORIENTED_EDGE('',*,*,#1197,.T.);
#3171 = ORIENTED_EDGE('',*,*,#3172,.T.);
#3172 = EDGE_CURVE('',#1175,#1090,#3173,.T.);
#3173 = SURFACE_CURVE('',#3174,(#3179,#3190),.PCURVE_S1.);
#3174 = CIRCLE('',#3175,0.9);
#3175 = AXIS2_PLACEMENT_3D('',#3176,#3177,#3178);
#3176 = CARTESIAN_POINT('',(-10.65211246654,6.15,15.));
#3177 = DIRECTION('',(0.,1.224646799147E-16,1.));
#3178 = DIRECTION('',(-0.866025403784,0.5,-6.123233995737E-17));
#3179 = PCURVE('',#129,#3180);
#3180 = DEFINITIONAL_REPRESENTATION('',(#3181),#3189);
#3181 = ( BOUNDED_CURVE() B_SPLINE_CURVE(2,(#3182,#3183,#3184,#3185,
#3186,#3187,#3188),.UNSPECIFIED.,.T.,.F.) B_SPLINE_CURVE_WITH_KNOTS((1,2
    ,2,2,2,1),(-2.094395102393,0.,2.094395102393,4.188790204786,
6.28318530718,8.377580409573),.UNSPECIFIED.) CURVE() 
GEOMETRIC_REPRESENTATION_ITEM() RATIONAL_B_SPLINE_CURVE((1.,0.5,1.,0.5,
1.,0.5,1.)) REPRESENTATION_ITEM('') );
#3182 = CARTESIAN_POINT('',(-11.43153532995,-6.6));
#3183 = CARTESIAN_POINT('',(-12.21095819336,-5.25));
#3184 = CARTESIAN_POINT('',(-10.65211246654,-5.25));
#3185 = CARTESIAN_POINT('',(-9.093266739737,-5.25));
#3186 = CARTESIAN_POINT('',(-9.872689603143,-6.6));
#3187 = CARTESIAN_POINT('',(-10.65211246654,-7.95));
#3188 = CARTESIAN_POINT('',(-11.43153532995,-6.6));
#3189 = ( GEOMETRIC_REPRESENTATION_CONTEXT(2) 
PARAMETRIC_REPRESENTATION_CONTEXT() REPRESENTATION_CONTEXT('2D SPACE',''
  ) );
#3190 = PCURVE('',#1129,#3191);
#3191 = DEFINITIONAL_REPRESENTATION('',(#3192),#3196);
#3192 = LINE('',#3193,#3194);
#3193 = CARTESIAN_POINT('',(-6.28318530718,-1.));
#3194 = VECTOR('',#3195,1.);
#3195 = DIRECTION('',(1.,-0.));
#3196 = ( GEOMETRIC_REPRESENTATION_CONTEXT(2) 
PARAMETRIC_REPRESENTATION_CONTEXT() REPRESENTATION_CONTEXT('2D SPACE',''
  ) );
#3197 = ORIENTED_EDGE('',*,*,#1089,.T.);
#3198 = ORIENTED_EDGE('',*,*,#3199,.T.);
#3199 = EDGE_CURVE('',#1067,#982,#3200,.T.);
#3200 = SURFACE_CURVE('',#3201,(#3206,#3217),.PCURVE_S1.);
#3201 = CIRCLE('',#3202,0.9);
#3202 = AXIS2_PLACEMENT_3D('',#3203,#3204,#3205);
#3203 = CARTESIAN_POINT('',(-8.697413408595,8.697413408595,15.));
#3204 = DIRECTION('',(1.232595164408E-32,1.224646799147E-16,1.));
#3205 = DIRECTION('',(-0.707106781187,0.707106781187,-8.659560562355E-17
    ));
#3206 = PCURVE('',#129,#3207);
#3207 = DEFINITIONAL_REPRESENTATION('',(#3208),#3216);
#3208 = ( BOUNDED_CURVE() B_SPLINE_CURVE(2,(#3209,#3210,#3211,#3212,
#3213,#3214,#3215),.UNSPECIFIED.,.T.,.F.) B_SPLINE_CURVE_WITH_KNOTS((1,2
    ,2,2,2,1),(-2.094395102393,0.,2.094395102393,4.188790204786,
6.28318530718,8.377580409573),.UNSPECIFIED.) CURVE() 
GEOMETRIC_REPRESENTATION_ITEM() RATIONAL_B_SPLINE_CURVE((1.,0.5,1.,0.5,
1.,0.5,1.)) REPRESENTATION_ITEM('') );
#3209 = CARTESIAN_POINT('',(-9.333809511662,-9.333809511662));
#3210 = CARTESIAN_POINT('',(-10.43607989591,-8.23153912741));
#3211 = CARTESIAN_POINT('',(-8.930350549187,-7.828080164934));
#3212 = CARTESIAN_POINT('',(-7.424621202459,-7.424621202459));
#3213 = CARTESIAN_POINT('',(-7.828080164934,-8.930350549187));
#3214 = CARTESIAN_POINT('',(-8.23153912741,-10.43607989591));
#3215 = CARTESIAN_POINT('',(-9.333809511662,-9.333809511662));
#3216 = ( GEOMETRIC_REPRESENTATION_CONTEXT(2) 
PARAMETRIC_REPRESENTATION_CONTEXT() REPRESENTATION_CONTEXT('2D SPACE',''
  ) );
#3217 = PCURVE('',#1021,#3218);
#3218 = DEFINITIONAL_REPRESENTATION('',(#3219),#3223);
#3219 = LINE('',#3220,#3221);
#3220 = CARTESIAN_POINT('',(-6.28318530718,-1.));
#3221 = VECTOR('',#3222,1.);
#3222 = DIRECTION('',(1.,-0.));
#3223 = ( GEOMETRIC_REPRESENTATION_CONTEXT(2) 
PARAMETRIC_REPRESENTATION_CONTEXT() REPRESENTATION_CONTEXT('2D SPACE',''
  ) );
#3224 = ORIENTED_EDGE('',*,*,#981,.T.);
#3225 = ORIENTED_EDGE('',*,*,#3226,.T.);
#3226 = EDGE_CURVE('',#959,#874,#3227,.T.);
#3227 = SURFACE_CURVE('',#3228,(#3233,#3244),.PCURVE_S1.);
#3228 = CIRCLE('',#3229,0.9);
#3229 = AXIS2_PLACEMENT_3D('',#3230,#3231,#3232);
#3230 = CARTESIAN_POINT('',(-6.15,10.652112466549,15.));
#3231 = DIRECTION('',(-6.162975822039E-33,1.224646799147E-16,1.));
#3232 = DIRECTION('',(-0.5,0.866025403784,-1.060575238725E-16));
#3233 = PCURVE('',#129,#3234);
#3234 = DEFINITIONAL_REPRESENTATION('',(#3235),#3243);
#3235 = ( BOUNDED_CURVE() B_SPLINE_CURVE(2,(#3236,#3237,#3238,#3239,
#3240,#3241,#3242),.UNSPECIFIED.,.T.,.F.) B_SPLINE_CURVE_WITH_KNOTS((1,2
    ,2,2,2,1),(-2.094395102393,0.,2.094395102393,4.188790204786,
6.28318530718,8.377580409573),.UNSPECIFIED.) CURVE() 
GEOMETRIC_REPRESENTATION_ITEM() RATIONAL_B_SPLINE_CURVE((1.,0.5,1.,0.5,
1.,0.5,1.)) REPRESENTATION_ITEM('') );
#3236 = CARTESIAN_POINT('',(-6.6,-11.43153532995));
#3237 = CARTESIAN_POINT('',(-7.95,-10.65211246654));
#3238 = CARTESIAN_POINT('',(-6.6,-9.872689603143));
#3239 = CARTESIAN_POINT('',(-5.25,-9.093266739737));
#3240 = CARTESIAN_POINT('',(-5.25,-10.65211246654));
#3241 = CARTESIAN_POINT('',(-5.25,-12.21095819336));
#3242 = CARTESIAN_POINT('',(-6.6,-11.43153532995));
#3243 = ( GEOMETRIC_REPRESENTATION_CONTEXT(2) 
PARAMETRIC_REPRESENTATION_CONTEXT() REPRESENTATION_CONTEXT('2D SPACE',''
  ) );
#3244 = PCURVE('',#913,#3245);
#3245 = DEFINITIONAL_REPRESENTATION('',(#3246),#3250);
#3246 = LINE('',#3247,#3248);
#3247 = CARTESIAN_POINT('',(-6.28318530718,-1.));
#3248 = VECTOR('',#3249,1.);
#3249 = DIRECTION('',(1.,-0.));
#3250 = ( GEOMETRIC_REPRESENTATION_CONTEXT(2) 
PARAMETRIC_REPRESENTATION_CONTEXT() REPRESENTATION_CONTEXT('2D SPACE',''
  ) );
#3251 = ORIENTED_EDGE('',*,*,#873,.T.);
#3252 = ORIENTED_EDGE('',*,*,#3253,.T.);
#3253 = EDGE_CURVE('',#851,#766,#3254,.T.);
#3254 = SURFACE_CURVE('',#3255,(#3260,#3271),.PCURVE_S1.);
#3255 = CIRCLE('',#3256,0.9);
#3256 = AXIS2_PLACEMENT_3D('',#3257,#3258,#3259);
#3257 = CARTESIAN_POINT('',(-3.183474254761,11.880887663356,15.));
#3258 = DIRECTION('',(0.,1.224646799147E-16,1.));
#3259 = DIRECTION('',(-0.258819045103,0.965925826289,-1.182917971379E-16
    ));
#3260 = PCURVE('',#129,#3261);
#3261 = DEFINITIONAL_REPRESENTATION('',(#3262),#3270);
#3262 = ( BOUNDED_CURVE() B_SPLINE_CURVE(2,(#3263,#3264,#3265,#3266,
#3267,#3268,#3269),.UNSPECIFIED.,.T.,.F.) B_SPLINE_CURVE_WITH_KNOTS((1,2
    ,2,2,2,1),(-2.094395102393,0.,2.094395102393,4.188790204786,
6.28318530718,8.377580409573),.UNSPECIFIED.) CURVE() 
GEOMETRIC_REPRESENTATION_ITEM() RATIONAL_B_SPLINE_CURVE((1.,0.5,1.,0.5,
1.,0.5,1.)) REPRESENTATION_ITEM('') );
#3263 = CARTESIAN_POINT('',(-3.416411395353,-12.75022090701));
#3264 = CARTESIAN_POINT('',(-4.922140742081,-12.34676194454));
#3265 = CARTESIAN_POINT('',(-3.819870357829,-11.24449156028));
#3266 = CARTESIAN_POINT('',(-2.717599973576,-10.14222117603));
#3267 = CARTESIAN_POINT('',(-2.314141011101,-11.64795052276));
#3268 = CARTESIAN_POINT('',(-1.910682048625,-13.15367986949));
#3269 = CARTESIAN_POINT('',(-3.416411395353,-12.75022090701));
#3270 = ( GEOMETRIC_REPRESENTATION_CONTEXT(2) 
PARAMETRIC_REPRESENTATION_CONTEXT() REPRESENTATION_CONTEXT('2D SPACE',''
  ) );
#3271 = PCURVE('',#805,#3272);
#3272 = DEFINITIONAL_REPRESENTATION('',(#3273),#3277);
#3273 = LINE('',#3274,#3275);
#3274 = CARTESIAN_POINT('',(-6.28318530718,-1.));
#3275 = VECTOR('',#3276,1.);
#3276 = DIRECTION('',(1.,-0.));
#3277 = ( GEOMETRIC_REPRESENTATION_CONTEXT(2) 
PARAMETRIC_REPRESENTATION_CONTEXT() REPRESENTATION_CONTEXT('2D SPACE',''
  ) );
#3278 = ORIENTED_EDGE('',*,*,#765,.T.);
#3279 = ORIENTED_EDGE('',*,*,#3280,.T.);
#3280 = EDGE_CURVE('',#743,#658,#3281,.T.);
#3281 = SURFACE_CURVE('',#3282,(#3287,#3298),.PCURVE_S1.);
#3282 = CIRCLE('',#3283,0.9);
#3283 = AXIS2_PLACEMENT_3D('',#3284,#3285,#3286);
#3284 = CARTESIAN_POINT('',(-2.259473344427E-15,12.3,15.));
#3285 = DIRECTION('',(0.,1.224646799147E-16,1.));
#3286 = DIRECTION('',(-2.22044604925E-16,1.,-1.224646799147E-16));
#3287 = PCURVE('',#129,#3288);
#3288 = DEFINITIONAL_REPRESENTATION('',(#3289),#3297);
#3289 = ( BOUNDED_CURVE() B_SPLINE_CURVE(2,(#3290,#3291,#3292,#3293,
#3294,#3295,#3296),.UNSPECIFIED.,.T.,.F.) B_SPLINE_CURVE_WITH_KNOTS((1,2
    ,2,2,2,1),(-2.094395102393,0.,2.094395102393,4.188790204786,
6.28318530718,8.377580409573),.UNSPECIFIED.) CURVE() 
GEOMETRIC_REPRESENTATION_ITEM() RATIONAL_B_SPLINE_CURVE((1.,0.5,1.,0.5,
1.,0.5,1.)) REPRESENTATION_ITEM('') );
#3290 = CARTESIAN_POINT('',(-1.77559342259E-15,-13.2));
#3291 = CARTESIAN_POINT('',(-1.558845726812,-13.2));
#3292 = CARTESIAN_POINT('',(-0.779422863406,-11.85));
#3293 = CARTESIAN_POINT('',(-1.396509413139E-15,-10.5));
#3294 = CARTESIAN_POINT('',(0.779422863406,-11.85));
#3295 = CARTESIAN_POINT('',(1.558845726812,-13.2));
#3296 = CARTESIAN_POINT('',(-1.77559342259E-15,-13.2));
#3297 = ( GEOMETRIC_REPRESENTATION_CONTEXT(2) 
PARAMETRIC_REPRESENTATION_CONTEXT() REPRESENTATION_CONTEXT('2D SPACE',''
  ) );
#3298 = PCURVE('',#697,#3299);
#3299 = DEFINITIONAL_REPRESENTATION('',(#3300),#3304);
#3300 = LINE('',#3301,#3302);
#3301 = CARTESIAN_POINT('',(-6.28318530718,-1.));
#3302 = VECTOR('',#3303,1.);
#3303 = DIRECTION('',(1.,-0.));
#3304 = ( GEOMETRIC_REPRESENTATION_CONTEXT(2) 
PARAMETRIC_REPRESENTATION_CONTEXT() REPRESENTATION_CONTEXT('2D SPACE',''
  ) );
#3305 = ORIENTED_EDGE('',*,*,#657,.T.);
#3306 = ORIENTED_EDGE('',*,*,#3307,.T.);
#3307 = EDGE_CURVE('',#635,#550,#3308,.T.);
#3308 = SURFACE_CURVE('',#3309,(#3314,#3325),.PCURVE_S1.);
#3309 = CIRCLE('',#3310,0.9);
#3310 = AXIS2_PLACEMENT_3D('',#3311,#3312,#3313);
#3311 = CARTESIAN_POINT('',(3.183474254761,11.880887663356,15.));
#3312 = DIRECTION('',(-6.162975822039E-33,1.224646799147E-16,1.));
#3313 = DIRECTION('',(0.258819045103,0.965925826289,-1.182917971379E-16)
  );
#3314 = PCURVE('',#129,#3315);
#3315 = DEFINITIONAL_REPRESENTATION('',(#3316),#3324);
#3316 = ( BOUNDED_CURVE() B_SPLINE_CURVE(2,(#3317,#3318,#3319,#3320,
#3321,#3322,#3323),.UNSPECIFIED.,.T.,.F.) B_SPLINE_CURVE_WITH_KNOTS((1,2
    ,2,2,2,1),(-2.094395102393,0.,2.094395102393,4.188790204786,
6.28318530718,8.377580409573),.UNSPECIFIED.) CURVE() 
GEOMETRIC_REPRESENTATION_ITEM() RATIONAL_B_SPLINE_CURVE((1.,0.5,1.,0.5,
1.,0.5,1.)) REPRESENTATION_ITEM('') );
#3317 = CARTESIAN_POINT('',(3.416411395353,-12.75022090701));
#3318 = CARTESIAN_POINT('',(1.910682048625,-13.15367986949));
#3319 = CARTESIAN_POINT('',(2.314141011101,-11.64795052276));
#3320 = CARTESIAN_POINT('',(2.717599973576,-10.14222117603));
#3321 = CARTESIAN_POINT('',(3.819870357829,-11.24449156028));
#3322 = CARTESIAN_POINT('',(4.922140742081,-12.34676194454));
#3323 = CARTESIAN_POINT('',(3.416411395353,-12.75022090701));
#3324 = ( GEOMETRIC_REPRESENTATION_CONTEXT(2) 
PARAMETRIC_REPRESENTATION_CONTEXT() REPRESENTATION_CONTEXT('2D SPACE',''
  ) );
#3325 = PCURVE('',#589,#3326);
#3326 = DEFINITIONAL_REPRESENTATION('',(#3327),#3331);
#3327 = LINE('',#3328,#3329);
#3328 = CARTESIAN_POINT('',(-6.28318530718,-1.));
#3329 = VECTOR('',#3330,1.);
#3330 = DIRECTION('',(1.,-0.));
#3331 = ( GEOMETRIC_REPRESENTATION_CONTEXT(2) 
PARAMETRIC_REPRESENTATION_CONTEXT() REPRESENTATION_CONTEXT('2D SPACE',''
  ) );
#3332 = ORIENTED_EDGE('',*,*,#549,.T.);
#3333 = ORIENTED_EDGE('',*,*,#3334,.T.);
#3334 = EDGE_CURVE('',#527,#442,#3335,.T.);
#3335 = SURFACE_CURVE('',#3336,(#3341,#3352),.PCURVE_S1.);
#3336 = CIRCLE('',#3337,0.9);
#3337 = AXIS2_PLACEMENT_3D('',#3338,#3339,#3340);
#3338 = CARTESIAN_POINT('',(6.15,10.652112466549,15.));
#3339 = DIRECTION('',(0.,1.224646799147E-16,1.));
#3340 = DIRECTION('',(0.5,0.866025403784,-1.060575238725E-16));
#3341 = PCURVE('',#129,#3342);
#3342 = DEFINITIONAL_REPRESENTATION('',(#3343),#3351);
#3343 = ( BOUNDED_CURVE() B_SPLINE_CURVE(2,(#3344,#3345,#3346,#3347,
#3348,#3349,#3350),.UNSPECIFIED.,.T.,.F.) B_SPLINE_CURVE_WITH_KNOTS((1,2
    ,2,2,2,1),(-2.094395102393,0.,2.094395102393,4.188790204786,
6.28318530718,8.377580409573),.UNSPECIFIED.) CURVE() 
GEOMETRIC_REPRESENTATION_ITEM() RATIONAL_B_SPLINE_CURVE((1.,0.5,1.,0.5,
1.,0.5,1.)) REPRESENTATION_ITEM('') );
#3344 = CARTESIAN_POINT('',(6.6,-11.43153532995));
#3345 = CARTESIAN_POINT('',(5.25,-12.21095819336));
#3346 = CARTESIAN_POINT('',(5.25,-10.65211246654));
#3347 = CARTESIAN_POINT('',(5.25,-9.093266739737));
#3348 = CARTESIAN_POINT('',(6.6,-9.872689603143));
#3349 = CARTESIAN_POINT('',(7.95,-10.65211246654));
#3350 = CARTESIAN_POINT('',(6.6,-11.43153532995));
#3351 = ( GEOMETRIC_REPRESENTATION_CONTEXT(2) 
PARAMETRIC_REPRESENTATION_CONTEXT() REPRESENTATION_CONTEXT('2D SPACE',''
  ) );
#3352 = PCURVE('',#481,#3353);
#3353 = DEFINITIONAL_REPRESENTATION('',(#3354),#3358);
#3354 = LINE('',#3355,#3356);
#3355 = CARTESIAN_POINT('',(-6.28318530718,-1.));
#3356 = VECTOR('',#3357,1.);
#3357 = DIRECTION('',(1.,-0.));
#3358 = ( GEOMETRIC_REPRESENTATION_CONTEXT(2) 
PARAMETRIC_REPRESENTATION_CONTEXT() REPRESENTATION_CONTEXT('2D SPACE',''
  ) );
#3359 = ORIENTED_EDGE('',*,*,#441,.T.);
#3360 = ORIENTED_EDGE('',*,*,#3361,.T.);
#3361 = EDGE_CURVE('',#419,#334,#3362,.T.);
#3362 = SURFACE_CURVE('',#3363,(#3368,#3379),.PCURVE_S1.);
#3363 = CIRCLE('',#3364,0.9);
#3364 = AXIS2_PLACEMENT_3D('',#3365,#3366,#3367);
#3365 = CARTESIAN_POINT('',(8.697413408595,8.697413408595,15.));
#3366 = DIRECTION('',(0.,1.224646799147E-16,1.));
#3367 = DIRECTION('',(0.707106781187,0.707106781187,-8.659560562355E-17)
  );
#3368 = PCURVE('',#129,#3369);
#3369 = DEFINITIONAL_REPRESENTATION('',(#3370),#3378);
#3370 = ( BOUNDED_CURVE() B_SPLINE_CURVE(2,(#3371,#3372,#3373,#3374,
#3375,#3376,#3377),.UNSPECIFIED.,.T.,.F.) B_SPLINE_CURVE_WITH_KNOTS((1,2
    ,2,2,2,1),(-2.094395102393,0.,2.094395102393,4.188790204786,
6.28318530718,8.377580409573),.UNSPECIFIED.) CURVE() 
GEOMETRIC_REPRESENTATION_ITEM() RATIONAL_B_SPLINE_CURVE((1.,0.5,1.,0.5,
1.,0.5,1.)) REPRESENTATION_ITEM('') );
#3371 = CARTESIAN_POINT('',(9.333809511662,-9.333809511662));
#3372 = CARTESIAN_POINT('',(8.23153912741,-10.43607989591));
#3373 = CARTESIAN_POINT('',(7.828080164934,-8.930350549187));
#3374 = CARTESIAN_POINT('',(7.424621202459,-7.424621202459));
#3375 = CARTESIAN_POINT('',(8.930350549187,-7.828080164934));
#3376 = CARTESIAN_POINT('',(10.436079895915,-8.23153912741));
#3377 = CARTESIAN_POINT('',(9.333809511662,-9.333809511662));
#3378 = ( GEOMETRIC_REPRESENTATION_CONTEXT(2) 
PARAMETRIC_REPRESENTATION_CONTEXT() REPRESENTATION_CONTEXT('2D SPACE',''
  ) );
#3379 = PCURVE('',#373,#3380);
#3380 = DEFINITIONAL_REPRESENTATION('',(#3381),#3385);
#3381 = LINE('',#3382,#3383);
#3382 = CARTESIAN_POINT('',(-6.28318530718,-1.));
#3383 = VECTOR('',#3384,1.);
#3384 = DIRECTION('',(1.,-0.));
#3385 = ( GEOMETRIC_REPRESENTATION_CONTEXT(2) 
PARAMETRIC_REPRESENTATION_CONTEXT() REPRESENTATION_CONTEXT('2D SPACE',''
  ) );
#3386 = ORIENTED_EDGE('',*,*,#333,.T.);
#3387 = ORIENTED_EDGE('',*,*,#3388,.T.);
#3388 = EDGE_CURVE('',#311,#226,#3389,.T.);
#3389 = SURFACE_CURVE('',#3390,(#3395,#3406),.PCURVE_S1.);
#3390 = CIRCLE('',#3391,0.9);
#3391 = AXIS2_PLACEMENT_3D('',#3392,#3393,#3394);
#3392 = CARTESIAN_POINT('',(10.652112466549,6.15,15.));
#3393 = DIRECTION('',(-6.162975822039E-33,1.224646799147E-16,1.));
#3394 = DIRECTION('',(0.866025403784,0.5,-6.123233995737E-17));
#3395 = PCURVE('',#129,#3396);
#3396 = DEFINITIONAL_REPRESENTATION('',(#3397),#3405);
#3397 = ( BOUNDED_CURVE() B_SPLINE_CURVE(2,(#3398,#3399,#3400,#3401,
#3402,#3403,#3404),.UNSPECIFIED.,.T.,.F.) B_SPLINE_CURVE_WITH_KNOTS((1,2
    ,2,2,2,1),(-2.094395102393,0.,2.094395102393,4.188790204786,
6.28318530718,8.377580409573),.UNSPECIFIED.) CURVE() 
GEOMETRIC_REPRESENTATION_ITEM() RATIONAL_B_SPLINE_CURVE((1.,0.5,1.,0.5,
1.,0.5,1.)) REPRESENTATION_ITEM('') );
#3398 = CARTESIAN_POINT('',(11.431535329955,-6.6));
#3399 = CARTESIAN_POINT('',(10.652112466549,-7.95));
#3400 = CARTESIAN_POINT('',(9.872689603143,-6.6));
#3401 = CARTESIAN_POINT('',(9.093266739737,-5.25));
#3402 = CARTESIAN_POINT('',(10.652112466549,-5.25));
#3403 = CARTESIAN_POINT('',(12.210958193361,-5.25));
#3404 = CARTESIAN_POINT('',(11.431535329955,-6.6));
#3405 = ( GEOMETRIC_REPRESENTATION_CONTEXT(2) 
PARAMETRIC_REPRESENTATION_CONTEXT() REPRESENTATION_CONTEXT('2D SPACE',''
  ) );
#3406 = PCURVE('',#265,#3407);
#3407 = DEFINITIONAL_REPRESENTATION('',(#3408),#3412);
#3408 = LINE('',#3409,#3410);
#3409 = CARTESIAN_POINT('',(-6.28318530718,-1.));
#3410 = VECTOR('',#3411,1.);
#3411 = DIRECTION('',(1.,-0.));
#3412 = ( GEOMETRIC_REPRESENTATION_CONTEXT(2) 
PARAMETRIC_REPRESENTATION_CONTEXT() REPRESENTATION_CONTEXT('2D SPACE',''
  ) );
#3413 = ORIENTED_EDGE('',*,*,#225,.T.);
#3414 = ORIENTED_EDGE('',*,*,#3415,.T.);
#3415 = EDGE_CURVE('',#203,#113,#3416,.T.);
#3416 = SURFACE_CURVE('',#3417,(#3422,#3433),.PCURVE_S1.);
#3417 = CIRCLE('',#3418,0.9);
#3418 = AXIS2_PLACEMENT_3D('',#3419,#3420,#3421);
#3419 = CARTESIAN_POINT('',(11.880887663356,3.183474254761,15.));
#3420 = DIRECTION('',(-6.162975822039E-33,1.224646799147E-16,1.));
#3421 = DIRECTION('',(0.965925826289,0.258819045103,-3.169619151432E-17)
  );
#3422 = PCURVE('',#129,#3423);
#3423 = DEFINITIONAL_REPRESENTATION('',(#3424),#3432);
#3424 = ( BOUNDED_CURVE() B_SPLINE_CURVE(2,(#3425,#3426,#3427,#3428,
#3429,#3430,#3431),.UNSPECIFIED.,.T.,.F.) B_SPLINE_CURVE_WITH_KNOTS((1,2
    ,2,2,2,1),(-2.094395102393,0.,2.094395102393,4.188790204786,
6.28318530718,8.377580409573),.UNSPECIFIED.) CURVE() 
GEOMETRIC_REPRESENTATION_ITEM() RATIONAL_B_SPLINE_CURVE((1.,0.5,1.,0.5,
1.,0.5,1.)) REPRESENTATION_ITEM('') );
#3425 = CARTESIAN_POINT('',(12.750220907016,-3.416411395353));
#3426 = CARTESIAN_POINT('',(12.34676194454,-4.922140742081));
#3427 = CARTESIAN_POINT('',(11.244491560288,-3.819870357829));
#3428 = CARTESIAN_POINT('',(10.142221176035,-2.717599973576));
#3429 = CARTESIAN_POINT('',(11.647950522763,-2.314141011101));
#3430 = CARTESIAN_POINT('',(13.153679869491,-1.910682048625));
#3431 = CARTESIAN_POINT('',(12.750220907016,-3.416411395353));
#3432 = ( GEOMETRIC_REPRESENTATION_CONTEXT(2) 
PARAMETRIC_REPRESENTATION_CONTEXT() REPRESENTATION_CONTEXT('2D SPACE',''
  ) );
#3433 = PCURVE('',#157,#3434);
#3434 = DEFINITIONAL_REPRESENTATION('',(#3435),#3439);
#3435 = LINE('',#3436,#3437);
#3436 = CARTESIAN_POINT('',(-6.28318530718,-1.));
#3437 = VECTOR('',#3438,1.);
#3438 = DIRECTION('',(1.,-0.));
#3439 = ( GEOMETRIC_REPRESENTATION_CONTEXT(2) 
PARAMETRIC_REPRESENTATION_CONTEXT() REPRESENTATION_CONTEXT('2D SPACE',''
  ) );
#3440 = ORIENTED_EDGE('',*,*,#112,.T.);
#3441 = FACE_BOUND('',#3442,.F.);
#3442 = EDGE_LOOP('',(#3443));
#3443 = ORIENTED_EDGE('',*,*,#3444,.F.);
#3444 = EDGE_CURVE('',#3445,#3445,#3447,.T.);
#3445 = VERTEX_POINT('',#3446);
#3446 = CARTESIAN_POINT('',(11.1,0.,15.));
#3447 = SURFACE_CURVE('',#3448,(#3453,#3460),.PCURVE_S1.);
#3448 = CIRCLE('',#3449,11.1);
#3449 = AXIS2_PLACEMENT_3D('',#3450,#3451,#3452);
#3450 = CARTESIAN_POINT('',(0.,0.,15.));
#3451 = DIRECTION('',(0.,-1.224646799147E-16,-1.));
#3452 = DIRECTION('',(1.,0.,0.));
#3453 = PCURVE('',#129,#3454);
#3454 = DEFINITIONAL_REPRESENTATION('',(#3455),#3459);
#3455 = CIRCLE('',#3456,11.1);
#3456 = AXIS2_PLACEMENT_2D('',#3457,#3458);
#3457 = CARTESIAN_POINT('',(6.837200662697E-16,3.40453421458E-17));
#3458 = DIRECTION('',(1.,0.));
#3459 = ( GEOMETRIC_REPRESENTATION_CONTEXT(2) 
PARAMETRIC_REPRESENTATION_CONTEXT() REPRESENTATION_CONTEXT('2D SPACE',''
  ) );
#3460 = PCURVE('',#3461,#3466);
#3461 = CONICAL_SURFACE('',#3462,11.1,0.785398163397);
#3462 = AXIS2_PLACEMENT_3D('',#3463,#3464,#3465);
#3463 = CARTESIAN_POINT('',(0.,0.,15.));
#3464 = DIRECTION('',(-0.,1.224646799147E-16,1.));
#3465 = DIRECTION('',(1.,0.,0.));
#3466 = DEFINITIONAL_REPRESENTATION('',(#3467),#3471);
#3467 = LINE('',#3468,#3469);
#3468 = CARTESIAN_POINT('',(-0.,-0.));
#3469 = VECTOR('',#3470,1.);
#3470 = DIRECTION('',(-1.,-0.));
#3471 = ( GEOMETRIC_REPRESENTATION_CONTEXT(2) 
PARAMETRIC_REPRESENTATION_CONTEXT() REPRESENTATION_CONTEXT('2D SPACE',''
  ) );
#3472 = ADVANCED_FACE('',(#3473),#157,.F.);
#3473 = FACE_BOUND('',#3474,.T.);
#3474 = EDGE_LOOP('',(#3475,#3476,#3498,#3499));
#3475 = ORIENTED_EDGE('',*,*,#141,.F.);
#3476 = ORIENTED_EDGE('',*,*,#3477,.T.);
#3477 = EDGE_CURVE('',#142,#170,#3478,.T.);
#3478 = SURFACE_CURVE('',#3479,(#3484,#3491),.PCURVE_S1.);
#3479 = CIRCLE('',#3480,0.9);
#3480 = AXIS2_PLACEMENT_3D('',#3481,#3482,#3483);
#3481 = CARTESIAN_POINT('',(11.880887663356,3.183474254761,2.2));
#3482 = DIRECTION('',(6.162975822039E-33,-1.224646799147E-16,-1.));
#3483 = DIRECTION('',(0.965925826289,0.258819045103,-3.169619151432E-17)
  );
#3484 = PCURVE('',#157,#3485);
#3485 = DEFINITIONAL_REPRESENTATION('',(#3486),#3490);
#3486 = LINE('',#3487,#3488);
#3487 = CARTESIAN_POINT('',(-0.,-13.8));
#3488 = VECTOR('',#3489,1.);
#3489 = DIRECTION('',(-1.,0.));
#3490 = ( GEOMETRIC_REPRESENTATION_CONTEXT(2) 
PARAMETRIC_REPRESENTATION_CONTEXT() REPRESENTATION_CONTEXT('2D SPACE',''
  ) );
#3491 = PCURVE('',#186,#3492);
#3492 = DEFINITIONAL_REPRESENTATION('',(#3493),#3497);
#3493 = CIRCLE('',#3494,0.9);
#3494 = AXIS2_PLACEMENT_2D('',#3495,#3496);
#3495 = CARTESIAN_POINT('',(-0.419112336644,-3.183474254761));
#3496 = DIRECTION('',(0.965925826289,-0.258819045103));
#3497 = ( GEOMETRIC_REPRESENTATION_CONTEXT(2) 
PARAMETRIC_REPRESENTATION_CONTEXT() REPRESENTATION_CONTEXT('2D SPACE',''
  ) );
#3498 = ORIENTED_EDGE('',*,*,#202,.T.);
#3499 = ORIENTED_EDGE('',*,*,#3415,.T.);
#3500 = ADVANCED_FACE('',(#3501),#186,.F.);
#3501 = FACE_BOUND('',#3502,.F.);
#3502 = EDGE_LOOP('',(#3503,#3504));
#3503 = ORIENTED_EDGE('',*,*,#169,.F.);
#3504 = ORIENTED_EDGE('',*,*,#3477,.T.);
#3505 = ADVANCED_FACE('',(#3506),#2533,.F.);
#3506 = FACE_BOUND('',#3507,.T.);
#3507 = EDGE_LOOP('',(#3508,#3509,#3531,#3532));
#3508 = ORIENTED_EDGE('',*,*,#2517,.F.);
#3509 = ORIENTED_EDGE('',*,*,#3510,.T.);
#3510 = EDGE_CURVE('',#2518,#2546,#3511,.T.);
#3511 = SURFACE_CURVE('',#3512,(#3517,#3524),.PCURVE_S1.);
#3512 = CIRCLE('',#3513,0.9);
#3513 = AXIS2_PLACEMENT_3D('',#3514,#3515,#3516);
#3514 = CARTESIAN_POINT('',(11.880887663356,-3.183474254761,2.2));
#3515 = DIRECTION('',(0.,-1.224646799147E-16,-1.));
#3516 = DIRECTION('',(0.965925826289,-0.258819045103,3.169619151432E-17)
  );
#3517 = PCURVE('',#2533,#3518);
#3518 = DEFINITIONAL_REPRESENTATION('',(#3519),#3523);
#3519 = LINE('',#3520,#3521);
#3520 = CARTESIAN_POINT('',(-0.,-13.8));
#3521 = VECTOR('',#3522,1.);
#3522 = DIRECTION('',(-1.,0.));
#3523 = ( GEOMETRIC_REPRESENTATION_CONTEXT(2) 
PARAMETRIC_REPRESENTATION_CONTEXT() REPRESENTATION_CONTEXT('2D SPACE',''
  ) );
#3524 = PCURVE('',#2562,#3525);
#3525 = DEFINITIONAL_REPRESENTATION('',(#3526),#3530);
#3526 = CIRCLE('',#3527,0.9);
#3527 = AXIS2_PLACEMENT_2D('',#3528,#3529);
#3528 = CARTESIAN_POINT('',(-0.419112336644,3.183474254761));
#3529 = DIRECTION('',(0.965925826289,0.258819045103));
#3530 = ( GEOMETRIC_REPRESENTATION_CONTEXT(2) 
PARAMETRIC_REPRESENTATION_CONTEXT() REPRESENTATION_CONTEXT('2D SPACE',''
  ) );
#3531 = ORIENTED_EDGE('',*,*,#2578,.T.);
#3532 = ORIENTED_EDGE('',*,*,#2821,.T.);
#3533 = ADVANCED_FACE('',(#3534),#2562,.F.);
#3534 = FACE_BOUND('',#3535,.F.);
#3535 = EDGE_LOOP('',(#3536,#3537));
#3536 = ORIENTED_EDGE('',*,*,#2545,.F.);
#3537 = ORIENTED_EDGE('',*,*,#3510,.T.);
#3538 = ADVANCED_FACE('',(#3539),#265,.F.);
#3539 = FACE_BOUND('',#3540,.T.);
#3540 = EDGE_LOOP('',(#3541,#3542,#3564,#3565));
#3541 = ORIENTED_EDGE('',*,*,#249,.F.);
#3542 = ORIENTED_EDGE('',*,*,#3543,.T.);
#3543 = EDGE_CURVE('',#250,#278,#3544,.T.);
#3544 = SURFACE_CURVE('',#3545,(#3550,#3557),.PCURVE_S1.);
#3545 = CIRCLE('',#3546,0.9);
#3546 = AXIS2_PLACEMENT_3D('',#3547,#3548,#3549);
#3547 = CARTESIAN_POINT('',(10.652112466549,6.15,2.2));
#3548 = DIRECTION('',(6.162975822039E-33,-1.224646799147E-16,-1.));
#3549 = DIRECTION('',(0.866025403784,0.5,-6.123233995737E-17));
#3550 = PCURVE('',#265,#3551);
#3551 = DEFINITIONAL_REPRESENTATION('',(#3552),#3556);
#3552 = LINE('',#3553,#3554);
#3553 = CARTESIAN_POINT('',(-0.,-13.8));
#3554 = VECTOR('',#3555,1.);
#3555 = DIRECTION('',(-1.,0.));
#3556 = ( GEOMETRIC_REPRESENTATION_CONTEXT(2) 
PARAMETRIC_REPRESENTATION_CONTEXT() REPRESENTATION_CONTEXT('2D SPACE',''
  ) );
#3557 = PCURVE('',#294,#3558);
#3558 = DEFINITIONAL_REPRESENTATION('',(#3559),#3563);
#3559 = CIRCLE('',#3560,0.9);
#3560 = AXIS2_PLACEMENT_2D('',#3561,#3562);
#3561 = CARTESIAN_POINT('',(-1.647887533451,-6.15));
#3562 = DIRECTION('',(0.866025403784,-0.5));
#3563 = ( GEOMETRIC_REPRESENTATION_CONTEXT(2) 
PARAMETRIC_REPRESENTATION_CONTEXT() REPRESENTATION_CONTEXT('2D SPACE',''
  ) );
#3564 = ORIENTED_EDGE('',*,*,#310,.T.);
#3565 = ORIENTED_EDGE('',*,*,#3388,.T.);
#3566 = ADVANCED_FACE('',(#3567),#294,.F.);
#3567 = FACE_BOUND('',#3568,.F.);
#3568 = EDGE_LOOP('',(#3569,#3570));
#3569 = ORIENTED_EDGE('',*,*,#277,.F.);
#3570 = ORIENTED_EDGE('',*,*,#3543,.T.);
#3571 = ADVANCED_FACE('',(#3572),#2425,.F.);
#3572 = FACE_BOUND('',#3573,.T.);
#3573 = EDGE_LOOP('',(#3574,#3575,#3597,#3598));
#3574 = ORIENTED_EDGE('',*,*,#2409,.F.);
#3575 = ORIENTED_EDGE('',*,*,#3576,.T.);
#3576 = EDGE_CURVE('',#2410,#2438,#3577,.T.);
#3577 = SURFACE_CURVE('',#3578,(#3583,#3590),.PCURVE_S1.);
#3578 = CIRCLE('',#3579,0.9);
#3579 = AXIS2_PLACEMENT_3D('',#3580,#3581,#3582);
#3580 = CARTESIAN_POINT('',(10.652112466549,-6.15,2.2));
#3581 = DIRECTION('',(0.,-1.224646799147E-16,-1.));
#3582 = DIRECTION('',(0.866025403784,-0.5,6.123233995737E-17));
#3583 = PCURVE('',#2425,#3584);
#3584 = DEFINITIONAL_REPRESENTATION('',(#3585),#3589);
#3585 = LINE('',#3586,#3587);
#3586 = CARTESIAN_POINT('',(-0.,-13.8));
#3587 = VECTOR('',#3588,1.);
#3588 = DIRECTION('',(-1.,0.));
#3589 = ( GEOMETRIC_REPRESENTATION_CONTEXT(2) 
PARAMETRIC_REPRESENTATION_CONTEXT() REPRESENTATION_CONTEXT('2D SPACE',''
  ) );
#3590 = PCURVE('',#2454,#3591);
#3591 = DEFINITIONAL_REPRESENTATION('',(#3592),#3596);
#3592 = CIRCLE('',#3593,0.9);
#3593 = AXIS2_PLACEMENT_2D('',#3594,#3595);
#3594 = CARTESIAN_POINT('',(-1.647887533451,6.15));
#3595 = DIRECTION('',(0.866025403784,0.5));
#3596 = ( GEOMETRIC_REPRESENTATION_CONTEXT(2) 
PARAMETRIC_REPRESENTATION_CONTEXT() REPRESENTATION_CONTEXT('2D SPACE',''
  ) );
#3597 = ORIENTED_EDGE('',*,*,#2470,.T.);
#3598 = ORIENTED_EDGE('',*,*,#2848,.T.);
#3599 = ADVANCED_FACE('',(#3600),#2454,.F.);
#3600 = FACE_BOUND('',#3601,.F.);
#3601 = EDGE_LOOP('',(#3602,#3603));
#3602 = ORIENTED_EDGE('',*,*,#2437,.F.);
#3603 = ORIENTED_EDGE('',*,*,#3576,.T.);
#3604 = ADVANCED_FACE('',(#3605),#373,.F.);
#3605 = FACE_BOUND('',#3606,.T.);
#3606 = EDGE_LOOP('',(#3607,#3608,#3630,#3631));
#3607 = ORIENTED_EDGE('',*,*,#357,.F.);
#3608 = ORIENTED_EDGE('',*,*,#3609,.T.);
#3609 = EDGE_CURVE('',#358,#386,#3610,.T.);
#3610 = SURFACE_CURVE('',#3611,(#3616,#3623),.PCURVE_S1.);
#3611 = CIRCLE('',#3612,0.9);
#3612 = AXIS2_PLACEMENT_3D('',#3613,#3614,#3615);
#3613 = CARTESIAN_POINT('',(8.697413408595,8.697413408595,2.2));
#3614 = DIRECTION('',(0.,-1.224646799147E-16,-1.));
#3615 = DIRECTION('',(0.707106781187,0.707106781187,-8.659560562355E-17)
  );
#3616 = PCURVE('',#373,#3617);
#3617 = DEFINITIONAL_REPRESENTATION('',(#3618),#3622);
#3618 = LINE('',#3619,#3620);
#3619 = CARTESIAN_POINT('',(-0.,-13.8));
#3620 = VECTOR('',#3621,1.);
#3621 = DIRECTION('',(-1.,0.));
#3622 = ( GEOMETRIC_REPRESENTATION_CONTEXT(2) 
PARAMETRIC_REPRESENTATION_CONTEXT() REPRESENTATION_CONTEXT('2D SPACE',''
  ) );
#3623 = PCURVE('',#402,#3624);
#3624 = DEFINITIONAL_REPRESENTATION('',(#3625),#3629);
#3625 = CIRCLE('',#3626,0.9);
#3626 = AXIS2_PLACEMENT_2D('',#3627,#3628);
#3627 = CARTESIAN_POINT('',(-3.602586591405,-8.697413408595));
#3628 = DIRECTION('',(0.707106781187,-0.707106781187));
#3629 = ( GEOMETRIC_REPRESENTATION_CONTEXT(2) 
PARAMETRIC_REPRESENTATION_CONTEXT() REPRESENTATION_CONTEXT('2D SPACE',''
  ) );
#3630 = ORIENTED_EDGE('',*,*,#418,.T.);
#3631 = ORIENTED_EDGE('',*,*,#3361,.T.);
#3632 = ADVANCED_FACE('',(#3633),#402,.F.);
#3633 = FACE_BOUND('',#3634,.F.);
#3634 = EDGE_LOOP('',(#3635,#3636));
#3635 = ORIENTED_EDGE('',*,*,#385,.F.);
#3636 = ORIENTED_EDGE('',*,*,#3609,.T.);
#3637 = ADVANCED_FACE('',(#3638),#2317,.F.);
#3638 = FACE_BOUND('',#3639,.T.);
#3639 = EDGE_LOOP('',(#3640,#3641,#3663,#3664));
#3640 = ORIENTED_EDGE('',*,*,#2301,.F.);
#3641 = ORIENTED_EDGE('',*,*,#3642,.T.);
#3642 = EDGE_CURVE('',#2302,#2330,#3643,.T.);
#3643 = SURFACE_CURVE('',#3644,(#3649,#3656),.PCURVE_S1.);
#3644 = CIRCLE('',#3645,0.9);
#3645 = AXIS2_PLACEMENT_3D('',#3646,#3647,#3648);
#3646 = CARTESIAN_POINT('',(8.697413408595,-8.697413408595,2.2));
#3647 = DIRECTION('',(0.,-1.224646799147E-16,-1.));
#3648 = DIRECTION('',(0.707106781187,-0.707106781187,8.659560562355E-17)
  );
#3649 = PCURVE('',#2317,#3650);
#3650 = DEFINITIONAL_REPRESENTATION('',(#3651),#3655);
#3651 = LINE('',#3652,#3653);
#3652 = CARTESIAN_POINT('',(-0.,-13.8));
#3653 = VECTOR('',#3654,1.);
#3654 = DIRECTION('',(-1.,0.));
#3655 = ( GEOMETRIC_REPRESENTATION_CONTEXT(2) 
PARAMETRIC_REPRESENTATION_CONTEXT() REPRESENTATION_CONTEXT('2D SPACE',''
  ) );
#3656 = PCURVE('',#2346,#3657);
#3657 = DEFINITIONAL_REPRESENTATION('',(#3658),#3662);
#3658 = CIRCLE('',#3659,0.9);
#3659 = AXIS2_PLACEMENT_2D('',#3660,#3661);
#3660 = CARTESIAN_POINT('',(-3.602586591405,8.697413408595));
#3661 = DIRECTION('',(0.707106781187,0.707106781187));
#3662 = ( GEOMETRIC_REPRESENTATION_CONTEXT(2) 
PARAMETRIC_REPRESENTATION_CONTEXT() REPRESENTATION_CONTEXT('2D SPACE',''
  ) );
#3663 = ORIENTED_EDGE('',*,*,#2362,.T.);
#3664 = ORIENTED_EDGE('',*,*,#2875,.T.);
#3665 = ADVANCED_FACE('',(#3666),#2346,.F.);
#3666 = FACE_BOUND('',#3667,.F.);
#3667 = EDGE_LOOP('',(#3668,#3669));
#3668 = ORIENTED_EDGE('',*,*,#2329,.F.);
#3669 = ORIENTED_EDGE('',*,*,#3642,.T.);
#3670 = ADVANCED_FACE('',(#3671),#481,.F.);
#3671 = FACE_BOUND('',#3672,.T.);
#3672 = EDGE_LOOP('',(#3673,#3674,#3696,#3697));
#3673 = ORIENTED_EDGE('',*,*,#465,.F.);
#3674 = ORIENTED_EDGE('',*,*,#3675,.T.);
#3675 = EDGE_CURVE('',#466,#494,#3676,.T.);
#3676 = SURFACE_CURVE('',#3677,(#3682,#3689),.PCURVE_S1.);
#3677 = CIRCLE('',#3678,0.9);
#3678 = AXIS2_PLACEMENT_3D('',#3679,#3680,#3681);
#3679 = CARTESIAN_POINT('',(6.15,10.652112466549,2.2));
#3680 = DIRECTION('',(0.,-1.224646799147E-16,-1.));
#3681 = DIRECTION('',(0.5,0.866025403784,-1.060575238725E-16));
#3682 = PCURVE('',#481,#3683);
#3683 = DEFINITIONAL_REPRESENTATION('',(#3684),#3688);
#3684 = LINE('',#3685,#3686);
#3685 = CARTESIAN_POINT('',(-0.,-13.8));
#3686 = VECTOR('',#3687,1.);
#3687 = DIRECTION('',(-1.,0.));
#3688 = ( GEOMETRIC_REPRESENTATION_CONTEXT(2) 
PARAMETRIC_REPRESENTATION_CONTEXT() REPRESENTATION_CONTEXT('2D SPACE',''
  ) );
#3689 = PCURVE('',#510,#3690);
#3690 = DEFINITIONAL_REPRESENTATION('',(#3691),#3695);
#3691 = CIRCLE('',#3692,0.9);
#3692 = AXIS2_PLACEMENT_2D('',#3693,#3694);
#3693 = CARTESIAN_POINT('',(-6.15,-10.65211246654));
#3694 = DIRECTION('',(0.5,-0.866025403784));
#3695 = ( GEOMETRIC_REPRESENTATION_CONTEXT(2) 
PARAMETRIC_REPRESENTATION_CONTEXT() REPRESENTATION_CONTEXT('2D SPACE',''
  ) );
#3696 = ORIENTED_EDGE('',*,*,#526,.T.);
#3697 = ORIENTED_EDGE('',*,*,#3334,.T.);
#3698 = ADVANCED_FACE('',(#3699),#510,.F.);
#3699 = FACE_BOUND('',#3700,.F.);
#3700 = EDGE_LOOP('',(#3701,#3702));
#3701 = ORIENTED_EDGE('',*,*,#493,.F.);
#3702 = ORIENTED_EDGE('',*,*,#3675,.T.);
#3703 = ADVANCED_FACE('',(#3704),#2209,.F.);
#3704 = FACE_BOUND('',#3705,.T.);
#3705 = EDGE_LOOP('',(#3706,#3707,#3729,#3730));
#3706 = ORIENTED_EDGE('',*,*,#2193,.F.);
#3707 = ORIENTED_EDGE('',*,*,#3708,.T.);
#3708 = EDGE_CURVE('',#2194,#2222,#3709,.T.);
#3709 = SURFACE_CURVE('',#3710,(#3715,#3722),.PCURVE_S1.);
#3710 = CIRCLE('',#3711,0.9);
#3711 = AXIS2_PLACEMENT_3D('',#3712,#3713,#3714);
#3712 = CARTESIAN_POINT('',(6.15,-10.65211246654,2.2));
#3713 = DIRECTION('',(0.,-1.224646799147E-16,-1.));
#3714 = DIRECTION('',(0.5,-0.866025403784,1.060575238725E-16));
#3715 = PCURVE('',#2209,#3716);
#3716 = DEFINITIONAL_REPRESENTATION('',(#3717),#3721);
#3717 = LINE('',#3718,#3719);
#3718 = CARTESIAN_POINT('',(-0.,-13.8));
#3719 = VECTOR('',#3720,1.);
#3720 = DIRECTION('',(-1.,0.));
#3721 = ( GEOMETRIC_REPRESENTATION_CONTEXT(2) 
PARAMETRIC_REPRESENTATION_CONTEXT() REPRESENTATION_CONTEXT('2D SPACE',''
  ) );
#3722 = PCURVE('',#2238,#3723);
#3723 = DEFINITIONAL_REPRESENTATION('',(#3724),#3728);
#3724 = CIRCLE('',#3725,0.9);
#3725 = AXIS2_PLACEMENT_2D('',#3726,#3727);
#3726 = CARTESIAN_POINT('',(-6.15,10.652112466549));
#3727 = DIRECTION('',(0.5,0.866025403784));
#3728 = ( GEOMETRIC_REPRESENTATION_CONTEXT(2) 
PARAMETRIC_REPRESENTATION_CONTEXT() REPRESENTATION_CONTEXT('2D SPACE',''
  ) );
#3729 = ORIENTED_EDGE('',*,*,#2254,.T.);
#3730 = ORIENTED_EDGE('',*,*,#2902,.T.);
#3731 = ADVANCED_FACE('',(#3732),#2238,.F.);
#3732 = FACE_BOUND('',#3733,.F.);
#3733 = EDGE_LOOP('',(#3734,#3735));
#3734 = ORIENTED_EDGE('',*,*,#2221,.F.);
#3735 = ORIENTED_EDGE('',*,*,#3708,.T.);
#3736 = ADVANCED_FACE('',(#3737),#589,.F.);
#3737 = FACE_BOUND('',#3738,.T.);
#3738 = EDGE_LOOP('',(#3739,#3740,#3762,#3763));
#3739 = ORIENTED_EDGE('',*,*,#573,.F.);
#3740 = ORIENTED_EDGE('',*,*,#3741,.T.);
#3741 = EDGE_CURVE('',#574,#602,#3742,.T.);
#3742 = SURFACE_CURVE('',#3743,(#3748,#3755),.PCURVE_S1.);
#3743 = CIRCLE('',#3744,0.9);
#3744 = AXIS2_PLACEMENT_3D('',#3745,#3746,#3747);
#3745 = CARTESIAN_POINT('',(3.183474254761,11.880887663356,2.2));
#3746 = DIRECTION('',(6.162975822039E-33,-1.224646799147E-16,-1.));
#3747 = DIRECTION('',(0.258819045103,0.965925826289,-1.182917971379E-16)
  );
#3748 = PCURVE('',#589,#3749);
#3749 = DEFINITIONAL_REPRESENTATION('',(#3750),#3754);
#3750 = LINE('',#3751,#3752);
#3751 = CARTESIAN_POINT('',(-0.,-13.8));
#3752 = VECTOR('',#3753,1.);
#3753 = DIRECTION('',(-1.,0.));
#3754 = ( GEOMETRIC_REPRESENTATION_CONTEXT(2) 
PARAMETRIC_REPRESENTATION_CONTEXT() REPRESENTATION_CONTEXT('2D SPACE',''
  ) );
#3755 = PCURVE('',#618,#3756);
#3756 = DEFINITIONAL_REPRESENTATION('',(#3757),#3761);
#3757 = CIRCLE('',#3758,0.9);
#3758 = AXIS2_PLACEMENT_2D('',#3759,#3760);
#3759 = CARTESIAN_POINT('',(-9.116525745239,-11.88088766335));
#3760 = DIRECTION('',(0.258819045103,-0.965925826289));
#3761 = ( GEOMETRIC_REPRESENTATION_CONTEXT(2) 
PARAMETRIC_REPRESENTATION_CONTEXT() REPRESENTATION_CONTEXT('2D SPACE',''
  ) );
#3762 = ORIENTED_EDGE('',*,*,#634,.T.);
#3763 = ORIENTED_EDGE('',*,*,#3307,.T.);
#3764 = ADVANCED_FACE('',(#3765),#618,.F.);
#3765 = FACE_BOUND('',#3766,.F.);
#3766 = EDGE_LOOP('',(#3767,#3768));
#3767 = ORIENTED_EDGE('',*,*,#601,.F.);
#3768 = ORIENTED_EDGE('',*,*,#3741,.T.);
#3769 = ADVANCED_FACE('',(#3770),#2101,.F.);
#3770 = FACE_BOUND('',#3771,.T.);
#3771 = EDGE_LOOP('',(#3772,#3773,#3795,#3796));
#3772 = ORIENTED_EDGE('',*,*,#2085,.F.);
#3773 = ORIENTED_EDGE('',*,*,#3774,.T.);
#3774 = EDGE_CURVE('',#2086,#2114,#3775,.T.);
#3775 = SURFACE_CURVE('',#3776,(#3781,#3788),.PCURVE_S1.);
#3776 = CIRCLE('',#3777,0.9);
#3777 = AXIS2_PLACEMENT_3D('',#3778,#3779,#3780);
#3778 = CARTESIAN_POINT('',(3.183474254761,-11.88088766335,2.2));
#3779 = DIRECTION('',(0.,-1.224646799147E-16,-1.));
#3780 = DIRECTION('',(0.258819045103,-0.965925826289,1.182917971379E-16)
  );
#3781 = PCURVE('',#2101,#3782);
#3782 = DEFINITIONAL_REPRESENTATION('',(#3783),#3787);
#3783 = LINE('',#3784,#3785);
#3784 = CARTESIAN_POINT('',(-0.,-13.8));
#3785 = VECTOR('',#3786,1.);
#3786 = DIRECTION('',(-1.,0.));
#3787 = ( GEOMETRIC_REPRESENTATION_CONTEXT(2) 
PARAMETRIC_REPRESENTATION_CONTEXT() REPRESENTATION_CONTEXT('2D SPACE',''
  ) );
#3788 = PCURVE('',#2130,#3789);
#3789 = DEFINITIONAL_REPRESENTATION('',(#3790),#3794);
#3790 = CIRCLE('',#3791,0.9);
#3791 = AXIS2_PLACEMENT_2D('',#3792,#3793);
#3792 = CARTESIAN_POINT('',(-9.116525745239,11.880887663356));
#3793 = DIRECTION('',(0.258819045103,0.965925826289));
#3794 = ( GEOMETRIC_REPRESENTATION_CONTEXT(2) 
PARAMETRIC_REPRESENTATION_CONTEXT() REPRESENTATION_CONTEXT('2D SPACE',''
  ) );
#3795 = ORIENTED_EDGE('',*,*,#2146,.T.);
#3796 = ORIENTED_EDGE('',*,*,#2929,.T.);
#3797 = ADVANCED_FACE('',(#3798),#2130,.F.);
#3798 = FACE_BOUND('',#3799,.F.);
#3799 = EDGE_LOOP('',(#3800,#3801));
#3800 = ORIENTED_EDGE('',*,*,#2113,.F.);
#3801 = ORIENTED_EDGE('',*,*,#3774,.T.);
#3802 = ADVANCED_FACE('',(#3803),#697,.F.);
#3803 = FACE_BOUND('',#3804,.T.);
#3804 = EDGE_LOOP('',(#3805,#3806,#3828,#3829));
#3805 = ORIENTED_EDGE('',*,*,#681,.F.);
#3806 = ORIENTED_EDGE('',*,*,#3807,.T.);
#3807 = EDGE_CURVE('',#682,#710,#3808,.T.);
#3808 = SURFACE_CURVE('',#3809,(#3814,#3821),.PCURVE_S1.);
#3809 = CIRCLE('',#3810,0.9);
#3810 = AXIS2_PLACEMENT_3D('',#3811,#3812,#3813);
#3811 = CARTESIAN_POINT('',(-2.259473344427E-15,12.3,2.2));
#3812 = DIRECTION('',(0.,-1.224646799147E-16,-1.));
#3813 = DIRECTION('',(-2.22044604925E-16,1.,-1.224646799147E-16));
#3814 = PCURVE('',#697,#3815);
#3815 = DEFINITIONAL_REPRESENTATION('',(#3816),#3820);
#3816 = LINE('',#3817,#3818);
#3817 = CARTESIAN_POINT('',(-0.,-13.8));
#3818 = VECTOR('',#3819,1.);
#3819 = DIRECTION('',(-1.,0.));
#3820 = ( GEOMETRIC_REPRESENTATION_CONTEXT(2) 
PARAMETRIC_REPRESENTATION_CONTEXT() REPRESENTATION_CONTEXT('2D SPACE',''
  ) );
#3821 = PCURVE('',#726,#3822);
#3822 = DEFINITIONAL_REPRESENTATION('',(#3823),#3827);
#3823 = CIRCLE('',#3824,0.9);
#3824 = AXIS2_PLACEMENT_2D('',#3825,#3826);
#3825 = CARTESIAN_POINT('',(-12.3,-12.3));
#3826 = DIRECTION('',(-2.22044604925E-16,-1.));
#3827 = ( GEOMETRIC_REPRESENTATION_CONTEXT(2) 
PARAMETRIC_REPRESENTATION_CONTEXT() REPRESENTATION_CONTEXT('2D SPACE',''
  ) );
#3828 = ORIENTED_EDGE('',*,*,#742,.T.);
#3829 = ORIENTED_EDGE('',*,*,#3280,.T.);
#3830 = ADVANCED_FACE('',(#3831),#726,.F.);
#3831 = FACE_BOUND('',#3832,.F.);
#3832 = EDGE_LOOP('',(#3833,#3834));
#3833 = ORIENTED_EDGE('',*,*,#709,.F.);
#3834 = ORIENTED_EDGE('',*,*,#3807,.T.);
#3835 = ADVANCED_FACE('',(#3836),#1993,.F.);
#3836 = FACE_BOUND('',#3837,.T.);
#3837 = EDGE_LOOP('',(#3838,#3839,#3861,#3862));
#3838 = ORIENTED_EDGE('',*,*,#1977,.F.);
#3839 = ORIENTED_EDGE('',*,*,#3840,.T.);
#3840 = EDGE_CURVE('',#1978,#2006,#3841,.T.);
#3841 = SURFACE_CURVE('',#3842,(#3847,#3854),.PCURVE_S1.);
#3842 = CIRCLE('',#3843,0.9);
#3843 = AXIS2_PLACEMENT_3D('',#3844,#3845,#3846);
#3844 = CARTESIAN_POINT('',(7.531577814756E-16,-12.3,2.2));
#3845 = DIRECTION('',(0.,-1.224646799147E-16,-1.));
#3846 = DIRECTION('',(1.110223024625E-16,-1.,1.224646799147E-16));
#3847 = PCURVE('',#1993,#3848);
#3848 = DEFINITIONAL_REPRESENTATION('',(#3849),#3853);
#3849 = LINE('',#3850,#3851);
#3850 = CARTESIAN_POINT('',(-0.,-13.8));
#3851 = VECTOR('',#3852,1.);
#3852 = DIRECTION('',(-1.,0.));
#3853 = ( GEOMETRIC_REPRESENTATION_CONTEXT(2) 
PARAMETRIC_REPRESENTATION_CONTEXT() REPRESENTATION_CONTEXT('2D SPACE',''
  ) );
#3854 = PCURVE('',#2022,#3855);
#3855 = DEFINITIONAL_REPRESENTATION('',(#3856),#3860);
#3856 = CIRCLE('',#3857,0.9);
#3857 = AXIS2_PLACEMENT_2D('',#3858,#3859);
#3858 = CARTESIAN_POINT('',(-12.3,12.3));
#3859 = DIRECTION('',(1.110223024625E-16,1.));
#3860 = ( GEOMETRIC_REPRESENTATION_CONTEXT(2) 
PARAMETRIC_REPRESENTATION_CONTEXT() REPRESENTATION_CONTEXT('2D SPACE',''
  ) );
#3861 = ORIENTED_EDGE('',*,*,#2038,.T.);
#3862 = ORIENTED_EDGE('',*,*,#2956,.T.);
#3863 = ADVANCED_FACE('',(#3864),#2022,.F.);
#3864 = FACE_BOUND('',#3865,.F.);
#3865 = EDGE_LOOP('',(#3866,#3867));
#3866 = ORIENTED_EDGE('',*,*,#2005,.F.);
#3867 = ORIENTED_EDGE('',*,*,#3840,.T.);
#3868 = ADVANCED_FACE('',(#3869),#805,.F.);
#3869 = FACE_BOUND('',#3870,.T.);
#3870 = EDGE_LOOP('',(#3871,#3872,#3894,#3895));
#3871 = ORIENTED_EDGE('',*,*,#789,.F.);
#3872 = ORIENTED_EDGE('',*,*,#3873,.T.);
#3873 = EDGE_CURVE('',#790,#818,#3874,.T.);
#3874 = SURFACE_CURVE('',#3875,(#3880,#3887),.PCURVE_S1.);
#3875 = CIRCLE('',#3876,0.9);
#3876 = AXIS2_PLACEMENT_3D('',#3877,#3878,#3879);
#3877 = CARTESIAN_POINT('',(-3.183474254761,11.880887663356,2.2));
#3878 = DIRECTION('',(0.,-1.224646799147E-16,-1.));
#3879 = DIRECTION('',(-0.258819045103,0.965925826289,-1.182917971379E-16
    ));
#3880 = PCURVE('',#805,#3881);
#3881 = DEFINITIONAL_REPRESENTATION('',(#3882),#3886);
#3882 = LINE('',#3883,#3884);
#3883 = CARTESIAN_POINT('',(-0.,-13.8));
#3884 = VECTOR('',#3885,1.);
#3885 = DIRECTION('',(-1.,0.));
#3886 = ( GEOMETRIC_REPRESENTATION_CONTEXT(2) 
PARAMETRIC_REPRESENTATION_CONTEXT() REPRESENTATION_CONTEXT('2D SPACE',''
  ) );
#3887 = PCURVE('',#834,#3888);
#3888 = DEFINITIONAL_REPRESENTATION('',(#3889),#3893);
#3889 = CIRCLE('',#3890,0.9);
#3890 = AXIS2_PLACEMENT_2D('',#3891,#3892);
#3891 = CARTESIAN_POINT('',(-15.48347425476,-11.88088766335));
#3892 = DIRECTION('',(-0.258819045103,-0.965925826289));
#3893 = ( GEOMETRIC_REPRESENTATION_CONTEXT(2) 
PARAMETRIC_REPRESENTATION_CONTEXT() REPRESENTATION_CONTEXT('2D SPACE',''
  ) );
#3894 = ORIENTED_EDGE('',*,*,#850,.T.);
#3895 = ORIENTED_EDGE('',*,*,#3253,.T.);
#3896 = ADVANCED_FACE('',(#3897),#834,.F.);
#3897 = FACE_BOUND('',#3898,.F.);
#3898 = EDGE_LOOP('',(#3899,#3900));
#3899 = ORIENTED_EDGE('',*,*,#817,.F.);
#3900 = ORIENTED_EDGE('',*,*,#3873,.T.);
#3901 = ADVANCED_FACE('',(#3902),#1885,.F.);
#3902 = FACE_BOUND('',#3903,.T.);
#3903 = EDGE_LOOP('',(#3904,#3905,#3927,#3928));
#3904 = ORIENTED_EDGE('',*,*,#1869,.F.);
#3905 = ORIENTED_EDGE('',*,*,#3906,.T.);
#3906 = EDGE_CURVE('',#1870,#1898,#3907,.T.);
#3907 = SURFACE_CURVE('',#3908,(#3913,#3920),.PCURVE_S1.);
#3908 = CIRCLE('',#3909,0.9);
#3909 = AXIS2_PLACEMENT_3D('',#3910,#3911,#3912);
#3910 = CARTESIAN_POINT('',(-3.183474254761,-11.88088766335,2.2));
#3911 = DIRECTION('',(0.,-1.224646799147E-16,-1.));
#3912 = DIRECTION('',(-0.258819045103,-0.965925826289,1.182917971379E-16
    ));
#3913 = PCURVE('',#1885,#3914);
#3914 = DEFINITIONAL_REPRESENTATION('',(#3915),#3919);
#3915 = LINE('',#3916,#3917);
#3916 = CARTESIAN_POINT('',(-0.,-13.8));
#3917 = VECTOR('',#3918,1.);
#3918 = DIRECTION('',(-1.,0.));
#3919 = ( GEOMETRIC_REPRESENTATION_CONTEXT(2) 
PARAMETRIC_REPRESENTATION_CONTEXT() REPRESENTATION_CONTEXT('2D SPACE',''
  ) );
#3920 = PCURVE('',#1914,#3921);
#3921 = DEFINITIONAL_REPRESENTATION('',(#3922),#3926);
#3922 = CIRCLE('',#3923,0.9);
#3923 = AXIS2_PLACEMENT_2D('',#3924,#3925);
#3924 = CARTESIAN_POINT('',(-15.48347425476,11.880887663356));
#3925 = DIRECTION('',(-0.258819045103,0.965925826289));
#3926 = ( GEOMETRIC_REPRESENTATION_CONTEXT(2) 
PARAMETRIC_REPRESENTATION_CONTEXT() REPRESENTATION_CONTEXT('2D SPACE',''
  ) );
#3927 = ORIENTED_EDGE('',*,*,#1930,.T.);
#3928 = ORIENTED_EDGE('',*,*,#2983,.T.);
#3929 = ADVANCED_FACE('',(#3930),#1914,.F.);
#3930 = FACE_BOUND('',#3931,.F.);
#3931 = EDGE_LOOP('',(#3932,#3933));
#3932 = ORIENTED_EDGE('',*,*,#1897,.F.);
#3933 = ORIENTED_EDGE('',*,*,#3906,.T.);
#3934 = ADVANCED_FACE('',(#3935),#913,.F.);
#3935 = FACE_BOUND('',#3936,.T.);
#3936 = EDGE_LOOP('',(#3937,#3938,#3960,#3961));
#3937 = ORIENTED_EDGE('',*,*,#897,.F.);
#3938 = ORIENTED_EDGE('',*,*,#3939,.T.);
#3939 = EDGE_CURVE('',#898,#926,#3940,.T.);
#3940 = SURFACE_CURVE('',#3941,(#3946,#3953),.PCURVE_S1.);
#3941 = CIRCLE('',#3942,0.9);
#3942 = AXIS2_PLACEMENT_3D('',#3943,#3944,#3945);
#3943 = CARTESIAN_POINT('',(-6.15,10.652112466549,2.2));
#3944 = DIRECTION('',(6.162975822039E-33,-1.224646799147E-16,-1.));
#3945 = DIRECTION('',(-0.5,0.866025403784,-1.060575238725E-16));
#3946 = PCURVE('',#913,#3947);
#3947 = DEFINITIONAL_REPRESENTATION('',(#3948),#3952);
#3948 = LINE('',#3949,#3950);
#3949 = CARTESIAN_POINT('',(-0.,-13.8));
#3950 = VECTOR('',#3951,1.);
#3951 = DIRECTION('',(-1.,0.));
#3952 = ( GEOMETRIC_REPRESENTATION_CONTEXT(2) 
PARAMETRIC_REPRESENTATION_CONTEXT() REPRESENTATION_CONTEXT('2D SPACE',''
  ) );
#3953 = PCURVE('',#942,#3954);
#3954 = DEFINITIONAL_REPRESENTATION('',(#3955),#3959);
#3955 = CIRCLE('',#3956,0.9);
#3956 = AXIS2_PLACEMENT_2D('',#3957,#3958);
#3957 = CARTESIAN_POINT('',(-18.45,-10.65211246654));
#3958 = DIRECTION('',(-0.5,-0.866025403784));
#3959 = ( GEOMETRIC_REPRESENTATION_CONTEXT(2) 
PARAMETRIC_REPRESENTATION_CONTEXT() REPRESENTATION_CONTEXT('2D SPACE',''
  ) );
#3960 = ORIENTED_EDGE('',*,*,#958,.T.);
#3961 = ORIENTED_EDGE('',*,*,#3226,.T.);
#3962 = ADVANCED_FACE('',(#3963),#942,.F.);
#3963 = FACE_BOUND('',#3964,.F.);
#3964 = EDGE_LOOP('',(#3965,#3966));
#3965 = ORIENTED_EDGE('',*,*,#925,.F.);
#3966 = ORIENTED_EDGE('',*,*,#3939,.T.);
#3967 = ADVANCED_FACE('',(#3968),#1777,.F.);
#3968 = FACE_BOUND('',#3969,.T.);
#3969 = EDGE_LOOP('',(#3970,#3971,#3993,#3994));
#3970 = ORIENTED_EDGE('',*,*,#1761,.F.);
#3971 = ORIENTED_EDGE('',*,*,#3972,.T.);
#3972 = EDGE_CURVE('',#1762,#1790,#3973,.T.);
#3973 = SURFACE_CURVE('',#3974,(#3979,#3986),.PCURVE_S1.);
#3974 = CIRCLE('',#3975,0.9);
#3975 = AXIS2_PLACEMENT_3D('',#3976,#3977,#3978);
#3976 = CARTESIAN_POINT('',(-6.15,-10.65211246654,2.2));
#3977 = DIRECTION('',(-6.162975822039E-33,-1.224646799147E-16,-1.));
#3978 = DIRECTION('',(-0.5,-0.866025403784,1.060575238725E-16));
#3979 = PCURVE('',#1777,#3980);
#3980 = DEFINITIONAL_REPRESENTATION('',(#3981),#3985);
#3981 = LINE('',#3982,#3983);
#3982 = CARTESIAN_POINT('',(-0.,-13.8));
#3983 = VECTOR('',#3984,1.);
#3984 = DIRECTION('',(-1.,0.));
#3985 = ( GEOMETRIC_REPRESENTATION_CONTEXT(2) 
PARAMETRIC_REPRESENTATION_CONTEXT() REPRESENTATION_CONTEXT('2D SPACE',''
  ) );
#3986 = PCURVE('',#1806,#3987);
#3987 = DEFINITIONAL_REPRESENTATION('',(#3988),#3992);
#3988 = CIRCLE('',#3989,0.9);
#3989 = AXIS2_PLACEMENT_2D('',#3990,#3991);
#3990 = CARTESIAN_POINT('',(-18.45,10.652112466549));
#3991 = DIRECTION('',(-0.5,0.866025403784));
#3992 = ( GEOMETRIC_REPRESENTATION_CONTEXT(2) 
PARAMETRIC_REPRESENTATION_CONTEXT() REPRESENTATION_CONTEXT('2D SPACE',''
  ) );
#3993 = ORIENTED_EDGE('',*,*,#1822,.T.);
#3994 = ORIENTED_EDGE('',*,*,#3010,.T.);
#3995 = ADVANCED_FACE('',(#3996),#1806,.F.);
#3996 = FACE_BOUND('',#3997,.F.);
#3997 = EDGE_LOOP('',(#3998,#3999));
#3998 = ORIENTED_EDGE('',*,*,#1789,.F.);
#3999 = ORIENTED_EDGE('',*,*,#3972,.T.);
#4000 = ADVANCED_FACE('',(#4001),#1021,.F.);
#4001 = FACE_BOUND('',#4002,.T.);
#4002 = EDGE_LOOP('',(#4003,#4004,#4026,#4027));
#4003 = ORIENTED_EDGE('',*,*,#1005,.F.);
#4004 = ORIENTED_EDGE('',*,*,#4005,.T.);
#4005 = EDGE_CURVE('',#1006,#1034,#4006,.T.);
#4006 = SURFACE_CURVE('',#4007,(#4012,#4019),.PCURVE_S1.);
#4007 = CIRCLE('',#4008,0.9);
#4008 = AXIS2_PLACEMENT_3D('',#4009,#4010,#4011);
#4009 = CARTESIAN_POINT('',(-8.697413408595,8.697413408595,2.2));
#4010 = DIRECTION('',(-1.232595164408E-32,-1.224646799147E-16,-1.));
#4011 = DIRECTION('',(-0.707106781187,0.707106781187,-8.659560562355E-17
    ));
#4012 = PCURVE('',#1021,#4013);
#4013 = DEFINITIONAL_REPRESENTATION('',(#4014),#4018);
#4014 = LINE('',#4015,#4016);
#4015 = CARTESIAN_POINT('',(-0.,-13.8));
#4016 = VECTOR('',#4017,1.);
#4017 = DIRECTION('',(-1.,0.));
#4018 = ( GEOMETRIC_REPRESENTATION_CONTEXT(2) 
PARAMETRIC_REPRESENTATION_CONTEXT() REPRESENTATION_CONTEXT('2D SPACE',''
  ) );
#4019 = PCURVE('',#1050,#4020);
#4020 = DEFINITIONAL_REPRESENTATION('',(#4021),#4025);
#4021 = CIRCLE('',#4022,0.9);
#4022 = AXIS2_PLACEMENT_2D('',#4023,#4024);
#4023 = CARTESIAN_POINT('',(-20.99741340859,-8.697413408595));
#4024 = DIRECTION('',(-0.707106781187,-0.707106781187));
#4025 = ( GEOMETRIC_REPRESENTATION_CONTEXT(2) 
PARAMETRIC_REPRESENTATION_CONTEXT() REPRESENTATION_CONTEXT('2D SPACE',''
  ) );
#4026 = ORIENTED_EDGE('',*,*,#1066,.T.);
#4027 = ORIENTED_EDGE('',*,*,#3199,.T.);
#4028 = ADVANCED_FACE('',(#4029),#1050,.F.);
#4029 = FACE_BOUND('',#4030,.F.);
#4030 = EDGE_LOOP('',(#4031,#4032));
#4031 = ORIENTED_EDGE('',*,*,#1033,.F.);
#4032 = ORIENTED_EDGE('',*,*,#4005,.T.);
#4033 = ADVANCED_FACE('',(#4034),#1669,.F.);
#4034 = FACE_BOUND('',#4035,.T.);
#4035 = EDGE_LOOP('',(#4036,#4037,#4059,#4060));
#4036 = ORIENTED_EDGE('',*,*,#1653,.F.);
#4037 = ORIENTED_EDGE('',*,*,#4038,.T.);
#4038 = EDGE_CURVE('',#1654,#1682,#4039,.T.);
#4039 = SURFACE_CURVE('',#4040,(#4045,#4052),.PCURVE_S1.);
#4040 = CIRCLE('',#4041,0.9);
#4041 = AXIS2_PLACEMENT_3D('',#4042,#4043,#4044);
#4042 = CARTESIAN_POINT('',(-8.697413408595,-8.697413408595,2.2));
#4043 = DIRECTION('',(0.,-1.224646799147E-16,-1.));
#4044 = DIRECTION('',(-0.707106781187,-0.707106781187,8.659560562355E-17
    ));
#4045 = PCURVE('',#1669,#4046);
#4046 = DEFINITIONAL_REPRESENTATION('',(#4047),#4051);
#4047 = LINE('',#4048,#4049);
#4048 = CARTESIAN_POINT('',(-0.,-13.8));
#4049 = VECTOR('',#4050,1.);
#4050 = DIRECTION('',(-1.,0.));
#4051 = ( GEOMETRIC_REPRESENTATION_CONTEXT(2) 
PARAMETRIC_REPRESENTATION_CONTEXT() REPRESENTATION_CONTEXT('2D SPACE',''
  ) );
#4052 = PCURVE('',#1698,#4053);
#4053 = DEFINITIONAL_REPRESENTATION('',(#4054),#4058);
#4054 = CIRCLE('',#4055,0.9);
#4055 = AXIS2_PLACEMENT_2D('',#4056,#4057);
#4056 = CARTESIAN_POINT('',(-20.99741340859,8.697413408595));
#4057 = DIRECTION('',(-0.707106781187,0.707106781187));
#4058 = ( GEOMETRIC_REPRESENTATION_CONTEXT(2) 
PARAMETRIC_REPRESENTATION_CONTEXT() REPRESENTATION_CONTEXT('2D SPACE',''
  ) );
#4059 = ORIENTED_EDGE('',*,*,#1714,.T.);
#4060 = ORIENTED_EDGE('',*,*,#3037,.T.);
#4061 = ADVANCED_FACE('',(#4062),#1698,.F.);
#4062 = FACE_BOUND('',#4063,.F.);
#4063 = EDGE_LOOP('',(#4064,#4065));
#4064 = ORIENTED_EDGE('',*,*,#1681,.F.);
#4065 = ORIENTED_EDGE('',*,*,#4038,.T.);
#4066 = ADVANCED_FACE('',(#4067),#1129,.F.);
#4067 = FACE_BOUND('',#4068,.T.);
#4068 = EDGE_LOOP('',(#4069,#4070,#4092,#4093));
#4069 = ORIENTED_EDGE('',*,*,#1113,.F.);
#4070 = ORIENTED_EDGE('',*,*,#4071,.T.);
#4071 = EDGE_CURVE('',#1114,#1142,#4072,.T.);
#4072 = SURFACE_CURVE('',#4073,(#4078,#4085),.PCURVE_S1.);
#4073 = CIRCLE('',#4074,0.9);
#4074 = AXIS2_PLACEMENT_3D('',#4075,#4076,#4077);
#4075 = CARTESIAN_POINT('',(-10.65211246654,6.15,2.2));
#4076 = DIRECTION('',(0.,-1.224646799147E-16,-1.));
#4077 = DIRECTION('',(-0.866025403784,0.5,-6.123233995737E-17));
#4078 = PCURVE('',#1129,#4079);
#4079 = DEFINITIONAL_REPRESENTATION('',(#4080),#4084);
#4080 = LINE('',#4081,#4082);
#4081 = CARTESIAN_POINT('',(-0.,-13.8));
#4082 = VECTOR('',#4083,1.);
#4083 = DIRECTION('',(-1.,0.));
#4084 = ( GEOMETRIC_REPRESENTATION_CONTEXT(2) 
PARAMETRIC_REPRESENTATION_CONTEXT() REPRESENTATION_CONTEXT('2D SPACE',''
  ) );
#4085 = PCURVE('',#1158,#4086);
#4086 = DEFINITIONAL_REPRESENTATION('',(#4087),#4091);
#4087 = CIRCLE('',#4088,0.9);
#4088 = AXIS2_PLACEMENT_2D('',#4089,#4090);
#4089 = CARTESIAN_POINT('',(-22.95211246654,-6.15));
#4090 = DIRECTION('',(-0.866025403784,-0.5));
#4091 = ( GEOMETRIC_REPRESENTATION_CONTEXT(2) 
PARAMETRIC_REPRESENTATION_CONTEXT() REPRESENTATION_CONTEXT('2D SPACE',''
  ) );
#4092 = ORIENTED_EDGE('',*,*,#1174,.T.);
#4093 = ORIENTED_EDGE('',*,*,#3172,.T.);
#4094 = ADVANCED_FACE('',(#4095),#1158,.F.);
#4095 = FACE_BOUND('',#4096,.F.);
#4096 = EDGE_LOOP('',(#4097,#4098));
#4097 = ORIENTED_EDGE('',*,*,#1141,.F.);
#4098 = ORIENTED_EDGE('',*,*,#4071,.T.);
#4099 = ADVANCED_FACE('',(#4100),#1561,.F.);
#4100 = FACE_BOUND('',#4101,.T.);
#4101 = EDGE_LOOP('',(#4102,#4103,#4125,#4126));
#4102 = ORIENTED_EDGE('',*,*,#1545,.F.);
#4103 = ORIENTED_EDGE('',*,*,#4104,.T.);
#4104 = EDGE_CURVE('',#1546,#1574,#4105,.T.);
#4105 = SURFACE_CURVE('',#4106,(#4111,#4118),.PCURVE_S1.);
#4106 = CIRCLE('',#4107,0.9);
#4107 = AXIS2_PLACEMENT_3D('',#4108,#4109,#4110);
#4108 = CARTESIAN_POINT('',(-10.65211246654,-6.15,2.2));
#4109 = DIRECTION('',(6.162975822039E-33,-1.224646799147E-16,-1.));
#4110 = DIRECTION('',(-0.866025403784,-0.5,6.123233995737E-17));
#4111 = PCURVE('',#1561,#4112);
#4112 = DEFINITIONAL_REPRESENTATION('',(#4113),#4117);
#4113 = LINE('',#4114,#4115);
#4114 = CARTESIAN_POINT('',(-0.,-13.8));
#4115 = VECTOR('',#4116,1.);
#4116 = DIRECTION('',(-1.,0.));
#4117 = ( GEOMETRIC_REPRESENTATION_CONTEXT(2) 
PARAMETRIC_REPRESENTATION_CONTEXT() REPRESENTATION_CONTEXT('2D SPACE',''
  ) );
#4118 = PCURVE('',#1590,#4119);
#4119 = DEFINITIONAL_REPRESENTATION('',(#4120),#4124);
#4120 = CIRCLE('',#4121,0.9);
#4121 = AXIS2_PLACEMENT_2D('',#4122,#4123);
#4122 = CARTESIAN_POINT('',(-22.95211246654,6.15));
#4123 = DIRECTION('',(-0.866025403784,0.5));
#4124 = ( GEOMETRIC_REPRESENTATION_CONTEXT(2) 
PARAMETRIC_REPRESENTATION_CONTEXT() REPRESENTATION_CONTEXT('2D SPACE',''
  ) );
#4125 = ORIENTED_EDGE('',*,*,#1606,.T.);
#4126 = ORIENTED_EDGE('',*,*,#3064,.T.);
#4127 = ADVANCED_FACE('',(#4128),#1590,.F.);
#4128 = FACE_BOUND('',#4129,.F.);
#4129 = EDGE_LOOP('',(#4130,#4131));
#4130 = ORIENTED_EDGE('',*,*,#1573,.F.);
#4131 = ORIENTED_EDGE('',*,*,#4104,.T.);
#4132 = ADVANCED_FACE('',(#4133),#1237,.F.);
#4133 = FACE_BOUND('',#4134,.T.);
#4134 = EDGE_LOOP('',(#4135,#4136,#4158,#4159));
#4135 = ORIENTED_EDGE('',*,*,#1221,.F.);
#4136 = ORIENTED_EDGE('',*,*,#4137,.T.);
#4137 = EDGE_CURVE('',#1222,#1250,#4138,.T.);
#4138 = SURFACE_CURVE('',#4139,(#4144,#4151),.PCURVE_S1.);
#4139 = CIRCLE('',#4140,0.9);
#4140 = AXIS2_PLACEMENT_3D('',#4141,#4142,#4143);
#4141 = CARTESIAN_POINT('',(-11.88088766335,3.183474254761,2.2));
#4142 = DIRECTION('',(0.,-1.224646799147E-16,-1.));
#4143 = DIRECTION('',(-0.965925826289,0.258819045103,-3.169619151432E-17
    ));
#4144 = PCURVE('',#1237,#4145);
#4145 = DEFINITIONAL_REPRESENTATION('',(#4146),#4150);
#4146 = LINE('',#4147,#4148);
#4147 = CARTESIAN_POINT('',(-0.,-13.8));
#4148 = VECTOR('',#4149,1.);
#4149 = DIRECTION('',(-1.,0.));
#4150 = ( GEOMETRIC_REPRESENTATION_CONTEXT(2) 
PARAMETRIC_REPRESENTATION_CONTEXT() REPRESENTATION_CONTEXT('2D SPACE',''
  ) );
#4151 = PCURVE('',#1266,#4152);
#4152 = DEFINITIONAL_REPRESENTATION('',(#4153),#4157);
#4153 = CIRCLE('',#4154,0.9);
#4154 = AXIS2_PLACEMENT_2D('',#4155,#4156);
#4155 = CARTESIAN_POINT('',(-24.18088766335,-3.183474254761));
#4156 = DIRECTION('',(-0.965925826289,-0.258819045103));
#4157 = ( GEOMETRIC_REPRESENTATION_CONTEXT(2) 
PARAMETRIC_REPRESENTATION_CONTEXT() REPRESENTATION_CONTEXT('2D SPACE',''
  ) );
#4158 = ORIENTED_EDGE('',*,*,#1282,.T.);
#4159 = ORIENTED_EDGE('',*,*,#3145,.T.);
#4160 = ADVANCED_FACE('',(#4161),#1266,.F.);
#4161 = FACE_BOUND('',#4162,.F.);
#4162 = EDGE_LOOP('',(#4163,#4164));
#4163 = ORIENTED_EDGE('',*,*,#1249,.F.);
#4164 = ORIENTED_EDGE('',*,*,#4137,.T.);
#4165 = ADVANCED_FACE('',(#4166),#1453,.F.);
#4166 = FACE_BOUND('',#4167,.T.);
#4167 = EDGE_LOOP('',(#4168,#4169,#4191,#4192));
#4168 = ORIENTED_EDGE('',*,*,#1437,.F.);
#4169 = ORIENTED_EDGE('',*,*,#4170,.T.);
#4170 = EDGE_CURVE('',#1438,#1466,#4171,.T.);
#4171 = SURFACE_CURVE('',#4172,(#4177,#4184),.PCURVE_S1.);
#4172 = CIRCLE('',#4173,0.9);
#4173 = AXIS2_PLACEMENT_3D('',#4174,#4175,#4176);
#4174 = CARTESIAN_POINT('',(-11.88088766335,-3.183474254761,2.2));
#4175 = DIRECTION('',(0.,-1.224646799147E-16,-1.));
#4176 = DIRECTION('',(-0.965925826289,-0.258819045103,3.169619151432E-17
    ));
#4177 = PCURVE('',#1453,#4178);
#4178 = DEFINITIONAL_REPRESENTATION('',(#4179),#4183);
#4179 = LINE('',#4180,#4181);
#4180 = CARTESIAN_POINT('',(-0.,-13.8));
#4181 = VECTOR('',#4182,1.);
#4182 = DIRECTION('',(-1.,0.));
#4183 = ( GEOMETRIC_REPRESENTATION_CONTEXT(2) 
PARAMETRIC_REPRESENTATION_CONTEXT() REPRESENTATION_CONTEXT('2D SPACE',''
  ) );
#4184 = PCURVE('',#1482,#4185);
#4185 = DEFINITIONAL_REPRESENTATION('',(#4186),#4190);
#4186 = CIRCLE('',#4187,0.9);
#4187 = AXIS2_PLACEMENT_2D('',#4188,#4189);
#4188 = CARTESIAN_POINT('',(-24.18088766335,3.183474254761));
#4189 = DIRECTION('',(-0.965925826289,0.258819045103));
#4190 = ( GEOMETRIC_REPRESENTATION_CONTEXT(2) 
PARAMETRIC_REPRESENTATION_CONTEXT() REPRESENTATION_CONTEXT('2D SPACE',''
  ) );
#4191 = ORIENTED_EDGE('',*,*,#1498,.T.);
#4192 = ORIENTED_EDGE('',*,*,#3091,.T.);
#4193 = ADVANCED_FACE('',(#4194),#1482,.F.);
#4194 = FACE_BOUND('',#4195,.F.);
#4195 = EDGE_LOOP('',(#4196,#4197));
#4196 = ORIENTED_EDGE('',*,*,#1465,.F.);
#4197 = ORIENTED_EDGE('',*,*,#4170,.T.);
#4198 = ADVANCED_FACE('',(#4199),#1345,.F.);
#4199 = FACE_BOUND('',#4200,.T.);
#4200 = EDGE_LOOP('',(#4201,#4202,#4224,#4225));
#4201 = ORIENTED_EDGE('',*,*,#1329,.F.);
#4202 = ORIENTED_EDGE('',*,*,#4203,.T.);
#4203 = EDGE_CURVE('',#1330,#1358,#4204,.T.);
#4204 = SURFACE_CURVE('',#4205,(#4210,#4217),.PCURVE_S1.);
#4205 = CIRCLE('',#4206,0.9);
#4206 = AXIS2_PLACEMENT_3D('',#4207,#4208,#4209);
#4207 = CARTESIAN_POINT('',(-12.3,-3.07386346586E-15,2.2));
#4208 = DIRECTION('',(0.,-1.224646799147E-16,-1.));
#4209 = DIRECTION('',(-1.,-1.224646799147E-16,1.499759782662E-32));
#4210 = PCURVE('',#1345,#4211);
#4211 = DEFINITIONAL_REPRESENTATION('',(#4212),#4216);
#4212 = LINE('',#4213,#4214);
#4213 = CARTESIAN_POINT('',(-0.,-13.8));
#4214 = VECTOR('',#4215,1.);
#4215 = DIRECTION('',(-1.,0.));
#4216 = ( GEOMETRIC_REPRESENTATION_CONTEXT(2) 
PARAMETRIC_REPRESENTATION_CONTEXT() REPRESENTATION_CONTEXT('2D SPACE',''
  ) );
#4217 = PCURVE('',#1374,#4218);
#4218 = DEFINITIONAL_REPRESENTATION('',(#4219),#4223);
#4219 = CIRCLE('',#4220,0.9);
#4220 = AXIS2_PLACEMENT_2D('',#4221,#4222);
#4221 = CARTESIAN_POINT('',(-24.6,1.495574406768E-15));
#4222 = DIRECTION('',(-1.,1.224646799147E-16));
#4223 = ( GEOMETRIC_REPRESENTATION_CONTEXT(2) 
PARAMETRIC_REPRESENTATION_CONTEXT() REPRESENTATION_CONTEXT('2D SPACE',''
  ) );
#4224 = ORIENTED_EDGE('',*,*,#1390,.T.);
#4225 = ORIENTED_EDGE('',*,*,#3118,.T.);
#4226 = ADVANCED_FACE('',(#4227),#1374,.F.);
#4227 = FACE_BOUND('',#4228,.F.);
#4228 = EDGE_LOOP('',(#4229,#4230));
#4229 = ORIENTED_EDGE('',*,*,#1357,.F.);
#4230 = ORIENTED_EDGE('',*,*,#4203,.T.);
#4231 = ADVANCED_FACE('',(#4232),#2745,.T.);
#4232 = FACE_BOUND('',#4233,.T.);
#4233 = EDGE_LOOP('',(#4234));
#4234 = ORIENTED_EDGE('',*,*,#2730,.T.);
#4235 = ADVANCED_FACE('',(#4236),#3461,.F.);
#4236 = FACE_BOUND('',#4237,.F.);
#4237 = EDGE_LOOP('',(#4238,#4239,#4262,#4289));
#4238 = ORIENTED_EDGE('',*,*,#3444,.T.);
#4239 = ORIENTED_EDGE('',*,*,#4240,.T.);
#4240 = EDGE_CURVE('',#3445,#4241,#4243,.T.);
#4241 = VERTEX_POINT('',#4242);
#4242 = CARTESIAN_POINT('',(10.2,-1.102182119233E-16,14.1));
#4243 = SEAM_CURVE('',#4244,(#4248,#4255),.PCURVE_S1.);
#4244 = LINE('',#4245,#4246);
#4245 = CARTESIAN_POINT('',(11.1,0.,15.));
#4246 = VECTOR('',#4247,1.);
#4247 = DIRECTION('',(-0.707106781187,-8.659560562355E-17,
    -0.707106781187));
#4248 = PCURVE('',#3461,#4249);
#4249 = DEFINITIONAL_REPRESENTATION('',(#4250),#4254);
#4250 = LINE('',#4251,#4252);
#4251 = CARTESIAN_POINT('',(-0.,-0.));
#4252 = VECTOR('',#4253,1.);
#4253 = DIRECTION('',(-0.,-1.));
#4254 = ( GEOMETRIC_REPRESENTATION_CONTEXT(2) 
PARAMETRIC_REPRESENTATION_CONTEXT() REPRESENTATION_CONTEXT('2D SPACE',''
  ) );
#4255 = PCURVE('',#3461,#4256);
#4256 = DEFINITIONAL_REPRESENTATION('',(#4257),#4261);
#4257 = LINE('',#4258,#4259);
#4258 = CARTESIAN_POINT('',(-6.28318530718,-0.));
#4259 = VECTOR('',#4260,1.);
#4260 = DIRECTION('',(-0.,-1.));
#4261 = ( GEOMETRIC_REPRESENTATION_CONTEXT(2) 
PARAMETRIC_REPRESENTATION_CONTEXT() REPRESENTATION_CONTEXT('2D SPACE',''
  ) );
#4262 = ORIENTED_EDGE('',*,*,#4263,.F.);
#4263 = EDGE_CURVE('',#4241,#4241,#4264,.T.);
#4264 = SURFACE_CURVE('',#4265,(#4270,#4277),.PCURVE_S1.);
#4265 = CIRCLE('',#4266,10.2);
#4266 = AXIS2_PLACEMENT_3D('',#4267,#4268,#4269);
#4267 = CARTESIAN_POINT('',(0.,-1.102182119233E-16,14.1));
#4268 = DIRECTION('',(0.,-1.224646799147E-16,-1.));
#4269 = DIRECTION('',(1.,0.,0.));
#4270 = PCURVE('',#3461,#4271);
#4271 = DEFINITIONAL_REPRESENTATION('',(#4272),#4276);
#4272 = LINE('',#4273,#4274);
#4273 = CARTESIAN_POINT('',(-0.,-0.9));
#4274 = VECTOR('',#4275,1.);
#4275 = DIRECTION('',(-1.,-0.));
#4276 = ( GEOMETRIC_REPRESENTATION_CONTEXT(2) 
PARAMETRIC_REPRESENTATION_CONTEXT() REPRESENTATION_CONTEXT('2D SPACE',''
  ) );
#4277 = PCURVE('',#4278,#4283);
#4278 = CYLINDRICAL_SURFACE('',#4279,10.2);
#4279 = AXIS2_PLACEMENT_3D('',#4280,#4281,#4282);
#4280 = CARTESIAN_POINT('',(0.,0.,15.));
#4281 = DIRECTION('',(0.,1.224646799147E-16,1.));
#4282 = DIRECTION('',(1.,0.,0.));
#4283 = DEFINITIONAL_REPRESENTATION('',(#4284),#4288);
#4284 = LINE('',#4285,#4286);
#4285 = CARTESIAN_POINT('',(6.28318530718,-0.9));
#4286 = VECTOR('',#4287,1.);
#4287 = DIRECTION('',(-1.,0.));
#4288 = ( GEOMETRIC_REPRESENTATION_CONTEXT(2) 
PARAMETRIC_REPRESENTATION_CONTEXT() REPRESENTATION_CONTEXT('2D SPACE',''
  ) );
#4289 = ORIENTED_EDGE('',*,*,#4240,.F.);
#4290 = ADVANCED_FACE('',(#4291),#4278,.F.);
#4291 = FACE_BOUND('',#4292,.F.);
#4292 = EDGE_LOOP('',(#4293,#4324,#4570,#4598,#4844,#4866,#4887,#4888));
#4293 = ORIENTED_EDGE('',*,*,#4294,.T.);
#4294 = EDGE_CURVE('',#4295,#4297,#4299,.T.);
#4295 = VERTEX_POINT('',#4296);
#4296 = CARTESIAN_POINT('',(10.2,-1.387933039034E-16,13.866666666667));
#4297 = VERTEX_POINT('',#4298);
#4298 = CARTESIAN_POINT('',(-5.821179325668,8.375781738974,
    13.866662165195));
#4299 = SURFACE_CURVE('',#4300,(#4305,#4312),.PCURVE_S1.);
#4300 = CIRCLE('',#4301,10.2);
#4301 = AXIS2_PLACEMENT_3D('',#4302,#4303,#4304);
#4302 = CARTESIAN_POINT('',(0.,-1.387933039034E-16,13.866666666667));
#4303 = DIRECTION('',(-0.,1.224646799147E-16,1.));
#4304 = DIRECTION('',(0.,-1.,1.224646799147E-16));
#4305 = PCURVE('',#4278,#4306);
#4306 = DEFINITIONAL_REPRESENTATION('',(#4307),#4311);
#4307 = LINE('',#4308,#4309);
#4308 = CARTESIAN_POINT('',(-1.570796326795,-1.133333333333));
#4309 = VECTOR('',#4310,1.);
#4310 = DIRECTION('',(1.,0.));
#4311 = ( GEOMETRIC_REPRESENTATION_CONTEXT(2) 
PARAMETRIC_REPRESENTATION_CONTEXT() REPRESENTATION_CONTEXT('2D SPACE',''
  ) );
#4312 = PCURVE('',#4313,#4318);
#4313 = CONICAL_SURFACE('',#4314,10.75,1.025932411343);
#4314 = AXIS2_PLACEMENT_3D('',#4315,#4316,#4317);
#4315 = CARTESIAN_POINT('',(0.,-9.797174393179E-17,14.2));
#4316 = DIRECTION('',(-0.,1.224646799147E-16,1.));
#4317 = DIRECTION('',(1.,0.,0.));
#4318 = DEFINITIONAL_REPRESENTATION('',(#4319),#4323);
#4319 = LINE('',#4320,#4321);
#4320 = CARTESIAN_POINT('',(-7.853981633974,-0.333333333333));
#4321 = VECTOR('',#4322,1.);
#4322 = DIRECTION('',(1.,-0.));
#4323 = ( GEOMETRIC_REPRESENTATION_CONTEXT(2) 
PARAMETRIC_REPRESENTATION_CONTEXT() REPRESENTATION_CONTEXT('2D SPACE',''
  ) );
#4324 = ORIENTED_EDGE('',*,*,#4325,.T.);
#4325 = EDGE_CURVE('',#4297,#4326,#4328,.T.);
#4326 = VERTEX_POINT('',#4327);
#4327 = CARTESIAN_POINT('',(10.200002726706,2.365656417763E-13,
    12.999999865896));
#4328 = SURFACE_CURVE('',#4329,(#4404,#4414),.PCURVE_S1.);
#4329 = B_SPLINE_CURVE_WITH_KNOTS('',10,(#4330,#4331,#4332,#4333,#4334,
    #4335,#4336,#4337,#4338,#4339,#4340,#4341,#4342,#4343,#4344,#4345,
    #4346,#4347,#4348,#4349,#4350,#4351,#4352,#4353,#4354,#4355,#4356,
    #4357,#4358,#4359,#4360,#4361,#4362,#4363,#4364,#4365,#4366,#4367,
    #4368,#4369,#4370,#4371,#4372,#4373,#4374,#4375,#4376,#4377,#4378,
    #4379,#4380,#4381,#4382,#4383,#4384,#4385,#4386,#4387,#4388,#4389,
    #4390,#4391,#4392,#4393,#4394,#4395,#4396,#4397,#4398,#4399,#4400,
    #4401,#4402,#4403),.UNSPECIFIED.,.F.,.F.,(11,9,9,9,9,9,9,9,11),(0.,
    5.274577639062,10.549155278124,15.823732917185,21.098310556247,
    26.372888195309,31.647465834371,36.922043473433,42.196621112495),
  .UNSPECIFIED.);
#4330 = CARTESIAN_POINT('',(10.2,3.613946018758E-15,15.5));
#4331 = CARTESIAN_POINT('',(10.199999386296,-4.998902208771,15.305));
#4332 = CARTESIAN_POINT('',(7.478162899529,-9.998055618341,
    15.110000000001));
#4333 = CARTESIAN_POINT('',(2.031890714295,-13.32764370143,
    14.914999999998));
#4334 = CARTESIAN_POINT('',(-4.959180828182,-13.32956430637,
    14.720000000003));
#4335 = CARTESIAN_POINT('',(-11.19815955814,-9.263915244654,
    14.524999999997));
#4336 = CARTESIAN_POINT('',(-14.02271490696,-2.373639180214,
    14.330000000003));
#4337 = CARTESIAN_POINT('',(-12.71083698442,4.493259401777,
    14.134999999999));
#4338 = CARTESIAN_POINT('',(-8.419694833088,9.219149197338,13.94));
#4339 = CARTESIAN_POINT('',(-2.999068420692,10.956031213654,13.745));
#4340 = CARTESIAN_POINT('',(6.821647219323,9.082628592241,13.355));
#4341 = CARTESIAN_POINT('',(11.222230532921,5.472255109563,
    13.160000000001));
#4342 = CARTESIAN_POINT('',(13.472312877827,-0.501450854724,
    12.964999999996));
#4343 = CARTESIAN_POINT('',(12.164203218085,-7.369051585759,
    12.770000000006));
#4344 = CARTESIAN_POINT('',(7.001500006639,-12.73569381561,
    12.574999999994));
#4345 = CARTESIAN_POINT('',(-0.295999267987,-14.2191098144,
    12.380000000005));
#4346 = CARTESIAN_POINT('',(-6.795444758337,-11.64374020551,
    12.184999999998));
#4347 = CARTESIAN_POINT('',(-10.63354620892,-6.543062614218,
    11.990000000001));
#4348 = CARTESIAN_POINT('',(-11.32393916232,-0.892991138599,11.795));
#4349 = CARTESIAN_POINT('',(-7.643501045977,8.402731976225,11.405));
#4350 = CARTESIAN_POINT('',(-3.272490116538,12.048852336144,
    11.210000000002));
#4351 = CARTESIAN_POINT('',(3.017028478428,13.139718653963,
    11.014999999996));
#4352 = CARTESIAN_POINT('',(9.517869813147,10.567919166452,
    10.820000000006));
#4353 = CARTESIAN_POINT('',(13.822059939087,4.491053140317,
    10.624999999994));
#4354 = CARTESIAN_POINT('',(13.911785555772,-2.955151794538,
    10.430000000003));
#4355 = CARTESIAN_POINT('',(10.164158182491,-8.856898096521,
    10.234999999999));
#4356 = CARTESIAN_POINT('',(4.434639119389,-11.67124454477,10.04));
#4357 = CARTESIAN_POINT('',(-1.244720796076,-11.2906909207,9.845));
#4358 = CARTESIAN_POINT('',(-9.686145765565,-5.933598664549,
    9.454999999999));
#4359 = CARTESIAN_POINT('',(-12.44892958941,-0.954479114625,
    9.260000000003));
#4360 = CARTESIAN_POINT('',(-12.34032910787,5.415302496512,
    9.064999999995));
#4361 = CARTESIAN_POINT('',(-8.600077538396,11.351849616597,
    8.870000000003));
#4362 = CARTESIAN_POINT('',(-1.817932312661,14.390408432602,8.675));
#4363 = CARTESIAN_POINT('',(5.506800365314,13.133966217475,
    8.479999999999));
#4364 = CARTESIAN_POINT('',(10.605905644758,8.314081920931,8.285));
#4365 = CARTESIAN_POINT('',(12.295191170671,2.171432737939,8.09));
#4366 = CARTESIAN_POINT('',(10.857464324267,-3.338337876005,7.895));
#4367 = CARTESIAN_POINT('',(4.013495592307,-10.6264230122,7.504999999999
    ));
#4368 = CARTESIAN_POINT('',(-1.395124126268,-12.40727637214,
    7.310000000004));
#4369 = CARTESIAN_POINT('',(-7.631729691812,-11.10702145178,
    7.114999999993));
#4370 = CARTESIAN_POINT('',(-12.76227098526,-6.320622017109,
    6.920000000007));
#4371 = CARTESIAN_POINT('',(-14.47616128269,0.910761916115,
    6.724999999996));
#4372 = CARTESIAN_POINT('',(-11.86945607531,7.870319646708,
    6.530000000002));
#4373 = CARTESIAN_POINT('',(-6.179468130361,11.975949497197,
    6.334999999999));
#4374 = CARTESIAN_POINT('',(0.170918390354,12.484295453191,6.14));
#4375 = CARTESIAN_POINT('',(5.313692672372,10.039606641232,5.945));
#4376 = CARTESIAN_POINT('',(11.190253925908,1.951212437809,
    5.554999999998));
#4377 = CARTESIAN_POINT('',(11.92667038841,-3.693043139094,5.36000000001
    ));
#4378 = CARTESIAN_POINT('',(9.477626692824,-9.587974729686,
    5.164999999974));
#4379 = CARTESIAN_POINT('',(3.822859589671,-13.69877753106,
    4.970000000042));
#4380 = CARTESIAN_POINT('',(-3.614308495878,-14.07677780481,
    4.774999999952));
#4381 = CARTESIAN_POINT('',(-9.949424651012,-10.16265952356,
    4.580000000039));
#4382 = CARTESIAN_POINT('',(-12.9243546988,-3.836119272218,
    4.384999999978));
#4383 = CARTESIAN_POINT('',(-12.23055616074,2.509475909854,
    4.190000000008));
#4384 = CARTESIAN_POINT('',(-8.86609088776,7.100807256693,3.994999999999
    ));
#4385 = CARTESIAN_POINT('',(0.180193390061,11.357664515525,
    3.605000000001));
#4386 = CARTESIAN_POINT('',(5.862464367938,11.023408987621,
    3.409999999997));
#4387 = CARTESIAN_POINT('',(11.194075486122,7.513144559404,
    3.215000000008));
#4388 = CARTESIAN_POINT('',(14.172466974743,1.188251292412,
    3.019999999987));
#4389 = CARTESIAN_POINT('',(13.150185491684,-6.188014283063,
    2.825000000017));
#4390 = CARTESIAN_POINT('',(8.118314613096,-11.67748549144,
    2.629999999984));
#4391 = CARTESIAN_POINT('',(1.346388479634,-13.41424591323,
    2.435000000011));
#4392 = CARTESIAN_POINT('',(-4.756803883672,-11.54369049388,
    2.239999999995));
#4393 = CARTESIAN_POINT('',(-8.636372203993,-7.37848944265,
    2.045000000002));
#4394 = CARTESIAN_POINT('',(-11.12272417718,2.305215773559,
    1.654999999998));
#4395 = CARTESIAN_POINT('',(-9.729637829073,7.824204894699,
    1.460000000012));
#4396 = CARTESIAN_POINT('',(-5.282505530803,12.403620480199,
    1.264999999971));
#4397 = CARTESIAN_POINT('',(1.488451392324,14.144089822238,
    1.070000000048));
#4398 = CARTESIAN_POINT('',(8.542506589813,11.757741133038,
    0.874999999946));
#4399 = CARTESIAN_POINT('',(12.991865573829,5.786374563886,
    0.680000000044));
#4400 = CARTESIAN_POINT('',(13.428930791273,-1.191038997006,
    0.484999999975));
#4401 = CARTESIAN_POINT('',(10.447883826033,-6.835619546348,
    0.29000000001));
#4402 = CARTESIAN_POINT('',(5.629501337242,-9.865989466431,
    9.499999999786E-02));
#4403 = CARTESIAN_POINT('',(0.640463292281,-10.17987252001,
    -9.999999999999E-02));
#4404 = PCURVE('',#4278,#4405);
#4405 = DEFINITIONAL_REPRESENTATION('',(#4406),#4413);
#4406 = B_SPLINE_CURVE_WITH_KNOTS('',5,(#4407,#4408,#4409,#4410,#4411,
    #4412),.UNSPECIFIED.,.F.,.F.,(6,6),(4.41803447205,6.762279387178),
  .PIECEWISE_BEZIER_KNOTS.);
#4407 = CARTESIAN_POINT('',(2.17815958502,-1.133337834805));
#4408 = CARTESIAN_POINT('',(1.742527733715,-1.306670294665));
#4409 = CARTESIAN_POINT('',(1.306896667307,-1.480002754525));
#4410 = CARTESIAN_POINT('',(0.871261918511,-1.653335214385));
#4411 = CARTESIAN_POINT('',(0.435632012409,-1.826667674244));
#4412 = CARTESIAN_POINT('',(5.181038011551E-14,-2.000000134104));
#4413 = ( GEOMETRIC_REPRESENTATION_CONTEXT(2) 
PARAMETRIC_REPRESENTATION_CONTEXT() REPRESENTATION_CONTEXT('2D SPACE',''
  ) );
#4414 = PCURVE('',#4415,#4564);
#4415 = B_SPLINE_SURFACE_WITH_KNOTS('',1,10,(
    (#4416,#4417,#4418,#4419,#4420,#4421,#4422,#4423,#4424,#4425,#4426
      ,#4427,#4428,#4429,#4430,#4431,#4432,#4433,#4434,#4435,#4436,#4437
      ,#4438,#4439,#4440,#4441,#4442,#4443,#4444,#4445,#4446,#4447,#4448
      ,#4449,#4450,#4451,#4452,#4453,#4454,#4455,#4456,#4457,#4458,#4459
      ,#4460,#4461,#4462,#4463,#4464,#4465,#4466,#4467,#4468,#4469,#4470
      ,#4471,#4472,#4473,#4474,#4475,#4476,#4477,#4478,#4479,#4480,#4481
      ,#4482,#4483,#4484,#4485,#4486,#4487,#4488,#4489)
    ,(#4490,#4491,#4492,#4493,#4494,#4495,#4496,#4497,#4498,#4499,#4500
      ,#4501,#4502,#4503,#4504,#4505,#4506,#4507,#4508,#4509,#4510,#4511
      ,#4512,#4513,#4514,#4515,#4516,#4517,#4518,#4519,#4520,#4521,#4522
      ,#4523,#4524,#4525,#4526,#4527,#4528,#4529,#4530,#4531,#4532,#4533
      ,#4534,#4535,#4536,#4537,#4538,#4539,#4540,#4541,#4542,#4543,#4544
      ,#4545,#4546,#4547,#4548,#4549,#4550,#4551,#4552,#4553,#4554,#4555
      ,#4556,#4557,#4558,#4559,#4560,#4561,#4562,#4563
  )),.UNSPECIFIED.,.F.,.F.,.F.,(2,2),(11,9,9,9,9,9,9,9,11),(0.,
    1.141271221051),(0.,5.274577639062,10.549155278124,15.823732917185,
    21.098310556247,26.372888195309,31.647465834371,36.922043473433,
    42.196621112495),.UNSPECIFIED.);
#4416 = CARTESIAN_POINT('',(9.2,3.681301592711E-15,16.05));
#4417 = CARTESIAN_POINT('',(9.19999980847,-4.50881289228,15.855000772499
    ));
#4418 = CARTESIAN_POINT('',(6.745007788298,-9.017858157521,
    15.659997834366));
#4419 = CARTESIAN_POINT('',(1.832692093711,-12.02100275593,
    15.465003813701));
#4420 = CARTESIAN_POINT('',(-4.472999983681,-12.02275704912,
    15.269996847449));
#4421 = CARTESIAN_POINT('',(-10.10028226582,-8.355677668194,
    15.075000279551));
#4422 = CARTESIAN_POINT('',(-12.64795634934,-2.14093405688,
    14.880002895552));
#4423 = CARTESIAN_POINT('',(-11.46466574699,4.05274377144,
    14.684996647226));
#4424 = CARTESIAN_POINT('',(-7.594238755423,8.315312130423,
    14.490002074532));
#4425 = CARTESIAN_POINT('',(-2.705041290746,9.88191011486,
    14.294999502535));
#4426 = CARTESIAN_POINT('',(6.152857478707,8.192175264449,
    13.905000637529));
#4427 = CARTESIAN_POINT('',(10.122015522665,4.935756989999,
    13.709998040602));
#4428 = CARTESIAN_POINT('',(12.151490002633,-0.452281158657,
    13.515003558103));
#4429 = CARTESIAN_POINT('',(10.971644350117,-6.64661094037,
    13.31999710657));
#4430 = CARTESIAN_POINT('',(6.315071476633,-11.48707631202,
    13.125000065249));
#4431 = CARTESIAN_POINT('',(-0.266978459254,-12.8250973424,12.9300030379
    ));
#4432 = CARTESIAN_POINT('',(-6.1292226759,-10.50218652375,12.73499657408
    ));
#4433 = CARTESIAN_POINT('',(-9.59104353289,-5.901589796701,
    12.540002101022));
#4434 = CARTESIAN_POINT('',(-10.21374851172,-0.80544226351,
    12.344999497839));
#4435 = CARTESIAN_POINT('',(-6.894138795191,7.578934026693,
    11.955000639833));
#4436 = CARTESIAN_POINT('',(-2.951654589067,10.86759543371,
    11.759998037084));
#4437 = CARTESIAN_POINT('',(2.721232186751,11.85150466781,11.56500356246
    ));
#4438 = CARTESIAN_POINT('',(8.584762328781,9.531855670179,
    11.369997102155));
#4439 = CARTESIAN_POINT('',(12.466935004442,4.050750737952,11.1750000689
    ));
#4440 = CARTESIAN_POINT('',(12.547902834144,-2.665433135863,
    10.980003035473));
#4441 = CARTESIAN_POINT('',(9.167662124665,-7.988570808565,
    10.784996575329));
#4442 = CARTESIAN_POINT('',(3.999874070887,-10.52700743768,
    10.590002100569));
#4443 = CARTESIAN_POINT('',(-1.122689956331,-10.1837597754,
    10.39499949792));
#4444 = CARTESIAN_POINT('',(-8.736523058914,-5.35187402218,
    10.005000639791));
#4445 = CARTESIAN_POINT('',(-11.22844888563,-0.860900885611,
    9.809998037148));
#4446 = CARTESIAN_POINT('',(-11.13048799704,4.884388606108,
    9.615003562395));
#4447 = CARTESIAN_POINT('',(-7.756937412139,10.238923378502,
    9.419997102196));
#4448 = CARTESIAN_POINT('',(-1.639703263261,12.979585487921,
    9.225000068887));
#4449 = CARTESIAN_POINT('',(4.966922353272,11.846321758918,
    9.030003035477));
#4450 = CARTESIAN_POINT('',(9.566105713046,7.498975122579,8.83499657532)
  );
#4451 = CARTESIAN_POINT('',(11.08978332802,1.958548279069,8.640002100578
    ));
#4452 = CARTESIAN_POINT('',(9.793006271969,-3.011050324764,
    8.444999497917));
#4453 = CARTESIAN_POINT('',(3.620016443806,-9.584616406242,
    8.055000639792));
#4454 = CARTESIAN_POINT('',(-1.258349548874,-11.19087892549,
    7.859998037147));
#4455 = CARTESIAN_POINT('',(-6.883518128248,-10.01809329592,
    7.665003562393));
#4456 = CARTESIAN_POINT('',(-11.51106902534,-5.700957802037,
    7.469997102198));
#4457 = CARTESIAN_POINT('',(-13.05693109752,0.821472181023,
    7.275000068886));
#4458 = CARTESIAN_POINT('',(-10.70578239181,7.098723847171,
    7.080003035475));
#4459 = CARTESIAN_POINT('',(-5.573638192465,10.801831497562,
    6.884996575324));
#4460 = CARTESIAN_POINT('',(0.15416117401,11.260348127669,6.690002100574
    ));
#4461 = CARTESIAN_POINT('',(4.792742734306,9.055330639123,6.49499949792)
  );
#4462 = CARTESIAN_POINT('',(10.09316993904,1.759917978178,6.105000639787
    ));
#4463 = CARTESIAN_POINT('',(10.757389926084,-3.330984434376,
    5.909998037178));
#4464 = CARTESIAN_POINT('',(8.548447229234,-8.647966088894,
    5.715003562305));
#4465 = CARTESIAN_POINT('',(3.448066239891,-12.35577824193,
    5.519997102363));
#4466 = CARTESIAN_POINT('',(-3.259955859332,-12.69668215485,
    5.325000068673));
#4467 = CARTESIAN_POINT('',(-8.974002189501,-9.166334274923,
    5.130003035677));
#4468 = CARTESIAN_POINT('',(-11.65725243222,-3.460022850617,
    4.934996575177));
#4469 = CARTESIAN_POINT('',(-11.03148605532,2.263447279524,
    4.740002100662));
#4470 = CARTESIAN_POINT('',(-7.996865403916,6.404649843091,
    4.544999497873));
#4471 = CARTESIAN_POINT('',(0.162526459218,10.244167894889,
    4.155000639878));
#4472 = CARTESIAN_POINT('',(5.287717408147,9.942682733226,3.959998036683
    ));
#4473 = CARTESIAN_POINT('',(10.096606113273,6.776563472874,
    3.765003563648));
#4474 = CARTESIAN_POINT('',(12.783026624804,1.071749536815,
    3.569997099788));
#4475 = CARTESIAN_POINT('',(11.860934192684,-5.581334070704,
    3.375000072495));
#4476 = CARTESIAN_POINT('',(7.322412967018,-10.53264770623,
    3.180003031112));
#4477 = CARTESIAN_POINT('',(1.214385047975,-12.09911407184,
    2.984996579633));
#4478 = CARTESIAN_POINT('',(-4.290449764083,-10.41196038289,
    2.790002097098));
#4479 = CARTESIAN_POINT('',(-7.789669038315,-6.655107224421,
    2.59499950019));
#4480 = CARTESIAN_POINT('',(-10.03226109565,2.079213314598,
    2.205000635168));
#4481 = CARTESIAN_POINT('',(-8.775751049119,7.057130363192,
    2.009998063222));
#4482 = CARTESIAN_POINT('',(-4.764616573126,11.187568814248,
    1.815003490397));
#4483 = CARTESIAN_POINT('',(1.342534420198,12.75742995214,1.619997242298
    ));
#4484 = CARTESIAN_POINT('',(7.704990751732,10.605006670064,
    1.424999858006));
#4485 = CARTESIAN_POINT('',(11.718168912905,5.219091593898,1.2300032904)
  );
#4486 = CARTESIAN_POINT('',(12.112358577466,-1.074273014203,
    1.03499632392));
#4487 = CARTESIAN_POINT('',(9.423585811862,-6.165460875316,
    0.840002303395));
#4488 = CARTESIAN_POINT('',(5.077588560995,-8.898735358049,
    0.644999365194));
#4489 = CARTESIAN_POINT('',(0.577672772146,-9.181845867516,
    0.450000137718));
#4490 = CARTESIAN_POINT('',(10.2,3.613946018758E-15,15.5));
#4491 = CARTESIAN_POINT('',(10.199999386296,-4.998902208771,15.305));
#4492 = CARTESIAN_POINT('',(7.478162899529,-9.998055618341,
    15.110000000001));
#4493 = CARTESIAN_POINT('',(2.031890714295,-13.32764370143,
    14.914999999998));
#4494 = CARTESIAN_POINT('',(-4.959180828182,-13.32956430637,
    14.720000000003));
#4495 = CARTESIAN_POINT('',(-11.19815955814,-9.263915244654,
    14.524999999997));
#4496 = CARTESIAN_POINT('',(-14.02271490696,-2.373639180214,
    14.330000000003));
#4497 = CARTESIAN_POINT('',(-12.71083698442,4.493259401777,
    14.134999999999));
#4498 = CARTESIAN_POINT('',(-8.419694833088,9.219149197338,13.94));
#4499 = CARTESIAN_POINT('',(-2.999068420692,10.956031213654,13.745));
#4500 = CARTESIAN_POINT('',(6.821647219323,9.082628592241,13.355));
#4501 = CARTESIAN_POINT('',(11.222230532921,5.472255109563,
    13.160000000001));
#4502 = CARTESIAN_POINT('',(13.472312877827,-0.501450854724,
    12.964999999996));
#4503 = CARTESIAN_POINT('',(12.164203218085,-7.369051585759,
    12.770000000006));
#4504 = CARTESIAN_POINT('',(7.001500006639,-12.73569381561,
    12.574999999994));
#4505 = CARTESIAN_POINT('',(-0.295999267987,-14.2191098144,
    12.380000000005));
#4506 = CARTESIAN_POINT('',(-6.795444758337,-11.64374020551,
    12.184999999998));
#4507 = CARTESIAN_POINT('',(-10.63354620892,-6.543062614218,
    11.990000000001));
#4508 = CARTESIAN_POINT('',(-11.32393916232,-0.892991138599,11.795));
#4509 = CARTESIAN_POINT('',(-7.643501045977,8.402731976225,11.405));
#4510 = CARTESIAN_POINT('',(-3.272490116538,12.048852336144,
    11.210000000002));
#4511 = CARTESIAN_POINT('',(3.017028478428,13.139718653963,
    11.014999999996));
#4512 = CARTESIAN_POINT('',(9.517869813147,10.567919166452,
    10.820000000006));
#4513 = CARTESIAN_POINT('',(13.822059939087,4.491053140317,
    10.624999999994));
#4514 = CARTESIAN_POINT('',(13.911785555772,-2.955151794538,
    10.430000000003));
#4515 = CARTESIAN_POINT('',(10.164158182491,-8.856898096521,
    10.234999999999));
#4516 = CARTESIAN_POINT('',(4.434639119389,-11.67124454477,10.04));
#4517 = CARTESIAN_POINT('',(-1.244720796076,-11.2906909207,9.845));
#4518 = CARTESIAN_POINT('',(-9.686145765565,-5.933598664549,
    9.454999999999));
#4519 = CARTESIAN_POINT('',(-12.44892958941,-0.954479114625,
    9.260000000003));
#4520 = CARTESIAN_POINT('',(-12.34032910787,5.415302496512,
    9.064999999995));
#4521 = CARTESIAN_POINT('',(-8.600077538396,11.351849616597,
    8.870000000003));
#4522 = CARTESIAN_POINT('',(-1.817932312661,14.390408432602,8.675));
#4523 = CARTESIAN_POINT('',(5.506800365314,13.133966217475,
    8.479999999999));
#4524 = CARTESIAN_POINT('',(10.605905644758,8.314081920931,8.285));
#4525 = CARTESIAN_POINT('',(12.295191170671,2.171432737939,8.09));
#4526 = CARTESIAN_POINT('',(10.857464324267,-3.338337876005,7.895));
#4527 = CARTESIAN_POINT('',(4.013495592307,-10.6264230122,7.504999999999
    ));
#4528 = CARTESIAN_POINT('',(-1.395124126268,-12.40727637214,
    7.310000000004));
#4529 = CARTESIAN_POINT('',(-7.631729691812,-11.10702145178,
    7.114999999993));
#4530 = CARTESIAN_POINT('',(-12.76227098526,-6.320622017109,
    6.920000000007));
#4531 = CARTESIAN_POINT('',(-14.47616128269,0.910761916115,
    6.724999999996));
#4532 = CARTESIAN_POINT('',(-11.86945607531,7.870319646708,
    6.530000000002));
#4533 = CARTESIAN_POINT('',(-6.179468130361,11.975949497197,
    6.334999999999));
#4534 = CARTESIAN_POINT('',(0.170918390354,12.484295453191,6.14));
#4535 = CARTESIAN_POINT('',(5.313692672372,10.039606641232,5.945));
#4536 = CARTESIAN_POINT('',(11.190253925908,1.951212437809,
    5.554999999998));
#4537 = CARTESIAN_POINT('',(11.92667038841,-3.693043139094,5.36000000001
    ));
#4538 = CARTESIAN_POINT('',(9.477626692824,-9.587974729686,
    5.164999999974));
#4539 = CARTESIAN_POINT('',(3.822859589671,-13.69877753106,
    4.970000000042));
#4540 = CARTESIAN_POINT('',(-3.614308495878,-14.07677780481,
    4.774999999952));
#4541 = CARTESIAN_POINT('',(-9.949424651012,-10.16265952356,
    4.580000000039));
#4542 = CARTESIAN_POINT('',(-12.9243546988,-3.836119272218,
    4.384999999978));
#4543 = CARTESIAN_POINT('',(-12.23055616074,2.509475909854,
    4.190000000008));
#4544 = CARTESIAN_POINT('',(-8.86609088776,7.100807256693,3.994999999999
    ));
#4545 = CARTESIAN_POINT('',(0.180193390061,11.357664515525,
    3.605000000001));
#4546 = CARTESIAN_POINT('',(5.862464367938,11.023408987621,
    3.409999999997));
#4547 = CARTESIAN_POINT('',(11.194075486122,7.513144559404,
    3.215000000008));
#4548 = CARTESIAN_POINT('',(14.172466974743,1.188251292412,
    3.019999999987));
#4549 = CARTESIAN_POINT('',(13.150185491684,-6.188014283063,
    2.825000000017));
#4550 = CARTESIAN_POINT('',(8.118314613096,-11.67748549144,
    2.629999999984));
#4551 = CARTESIAN_POINT('',(1.346388479634,-13.41424591323,
    2.435000000011));
#4552 = CARTESIAN_POINT('',(-4.756803883672,-11.54369049388,
    2.239999999995));
#4553 = CARTESIAN_POINT('',(-8.636372203993,-7.37848944265,
    2.045000000002));
#4554 = CARTESIAN_POINT('',(-11.12272417718,2.305215773559,
    1.654999999998));
#4555 = CARTESIAN_POINT('',(-9.729637829073,7.824204894699,
    1.460000000012));
#4556 = CARTESIAN_POINT('',(-5.282505530803,12.403620480199,
    1.264999999971));
#4557 = CARTESIAN_POINT('',(1.488451392324,14.144089822238,
    1.070000000048));
#4558 = CARTESIAN_POINT('',(8.542506589813,11.757741133038,
    0.874999999946));
#4559 = CARTESIAN_POINT('',(12.991865573829,5.786374563886,
    0.680000000044));
#4560 = CARTESIAN_POINT('',(13.428930791273,-1.191038997006,
    0.484999999975));
#4561 = CARTESIAN_POINT('',(10.447883826033,-6.835619546348,
    0.29000000001));
#4562 = CARTESIAN_POINT('',(5.629501337242,-9.865989466431,
    9.499999999786E-02));
#4563 = CARTESIAN_POINT('',(0.640463292281,-10.17987252001,
    -9.999999999999E-02));
#4564 = DEFINITIONAL_REPRESENTATION('',(#4565),#4569);
#4565 = LINE('',#4566,#4567);
#4566 = CARTESIAN_POINT('',(1.141271221051,0.));
#4567 = VECTOR('',#4568,1.);
#4568 = DIRECTION('',(0.,1.));
#4569 = ( GEOMETRIC_REPRESENTATION_CONTEXT(2) 
PARAMETRIC_REPRESENTATION_CONTEXT() REPRESENTATION_CONTEXT('2D SPACE',''
  ) );
#4570 = ORIENTED_EDGE('',*,*,#4571,.T.);
#4571 = EDGE_CURVE('',#4326,#4572,#4574,.T.);
#4572 = VERTEX_POINT('',#4573);
#4573 = CARTESIAN_POINT('',(10.19999906648,-3.070079733605E-11,
    12.099999773569));
#4574 = SURFACE_CURVE('',#4575,(#4579,#4586),.PCURVE_S1.);
#4575 = LINE('',#4576,#4577);
#4576 = CARTESIAN_POINT('',(10.2,0.,15.));
#4577 = VECTOR('',#4578,1.);
#4578 = DIRECTION('',(0.,-1.224646799147E-16,-1.));
#4579 = PCURVE('',#4278,#4580);
#4580 = DEFINITIONAL_REPRESENTATION('',(#4581),#4585);
#4581 = LINE('',#4582,#4583);
#4582 = CARTESIAN_POINT('',(0.,0.));
#4583 = VECTOR('',#4584,1.);
#4584 = DIRECTION('',(0.,-1.));
#4585 = ( GEOMETRIC_REPRESENTATION_CONTEXT(2) 
PARAMETRIC_REPRESENTATION_CONTEXT() REPRESENTATION_CONTEXT('2D SPACE',''
  ) );
#4586 = PCURVE('',#4587,#4592);
#4587 = CYLINDRICAL_SURFACE('',#4588,10.2);
#4588 = AXIS2_PLACEMENT_3D('',#4589,#4590,#4591);
#4589 = CARTESIAN_POINT('',(0.,0.,15.));
#4590 = DIRECTION('',(0.,1.224646799147E-16,1.));
#4591 = DIRECTION('',(1.,0.,0.));
#4592 = DEFINITIONAL_REPRESENTATION('',(#4593),#4597);
#4593 = LINE('',#4594,#4595);
#4594 = CARTESIAN_POINT('',(6.28318530718,0.));
#4595 = VECTOR('',#4596,1.);
#4596 = DIRECTION('',(0.,-1.));
#4597 = ( GEOMETRIC_REPRESENTATION_CONTEXT(2) 
PARAMETRIC_REPRESENTATION_CONTEXT() REPRESENTATION_CONTEXT('2D SPACE',''
  ) );
#4598 = ORIENTED_EDGE('',*,*,#4599,.F.);
#4599 = EDGE_CURVE('',#4600,#4572,#4602,.T.);
#4600 = VERTEX_POINT('',#4601);
#4601 = CARTESIAN_POINT('',(-2.742956158827,-9.824267358763,
    13.866667784483));
#4602 = SURFACE_CURVE('',#4603,(#4678,#4688),.PCURVE_S1.);
#4603 = B_SPLINE_CURVE_WITH_KNOTS('',10,(#4604,#4605,#4606,#4607,#4608,
    #4609,#4610,#4611,#4612,#4613,#4614,#4615,#4616,#4617,#4618,#4619,
    #4620,#4621,#4622,#4623,#4624,#4625,#4626,#4627,#4628,#4629,#4630,
    #4631,#4632,#4633,#4634,#4635,#4636,#4637,#4638,#4639,#4640,#4641,
    #4642,#4643,#4644,#4645,#4646,#4647,#4648,#4649,#4650,#4651,#4652,
    #4653,#4654,#4655,#4656,#4657,#4658,#4659,#4660,#4661,#4662,#4663,
    #4664,#4665,#4666,#4667,#4668,#4669,#4670,#4671,#4672,#4673,#4674,
    #4675,#4676,#4677),.UNSPECIFIED.,.F.,.F.,(11,9,9,9,9,9,9,9,11),(0.,
    5.274577639062,10.549155278124,15.823732917185,21.098310556247,
    26.372888195309,31.647465834371,36.922043473433,42.196621112495),
  .UNSPECIFIED.);
#4604 = CARTESIAN_POINT('',(10.2,2.571758278209E-16,17.1));
#4605 = CARTESIAN_POINT('',(10.200000613703,-4.998902252018,16.905));
#4606 = CARTESIAN_POINT('',(7.478159146841,-9.998055319249,16.71));
#4607 = CARTESIAN_POINT('',(2.031898316618,-13.32764605049,
    16.514999999999));
#4608 = CARTESIAN_POINT('',(-4.959190539924,-13.32955870378,
    16.320000000001));
#4609 = CARTESIAN_POINT('',(-11.19815161086,-9.263924678797,
    16.124999999999));
#4610 = CARTESIAN_POINT('',(-14.02271920708,-2.373629047263,15.93));
#4611 = CARTESIAN_POINT('',(-12.71083617252,4.493251987288,15.735));
#4612 = CARTESIAN_POINT('',(-8.419694718664,9.219152820703,15.54));
#4613 = CARTESIAN_POINT('',(-2.999068618867,10.956030444043,15.345));
#4614 = CARTESIAN_POINT('',(6.821647455335,9.082629579791,14.955));
#4615 = CARTESIAN_POINT('',(11.222229591656,5.472251800289,
    14.760000000001));
#4616 = CARTESIAN_POINT('',(13.472316540767,-0.501444224937,
    14.564999999998));
#4617 = CARTESIAN_POINT('',(12.164195964924,-7.369059672469,
    14.370000000003));
#4618 = CARTESIAN_POINT('',(7.001510704964,-12.73568811034,
    14.174999999997));
#4619 = CARTESIAN_POINT('',(-0.296009988771,-14.21911191813,
    13.980000000002));
#4620 = CARTESIAN_POINT('',(-6.795437342798,-11.64374091113,13.785));
#4621 = CARTESIAN_POINT('',(-10.63354973951,-6.543061781651,13.59));
#4622 = CARTESIAN_POINT('',(-11.32393844474,-0.892991484781,13.395));
#4623 = CARTESIAN_POINT('',(-7.643501971187,8.40273239669,13.005));
#4624 = CARTESIAN_POINT('',(-3.272487043214,12.048850785976,
    12.810000000002));
#4625 = CARTESIAN_POINT('',(3.017022653628,13.139723501114,
    12.614999999996));
#4626 = CARTESIAN_POINT('',(9.517876396304,10.567910519576,
    12.420000000006));
#4627 = CARTESIAN_POINT('',(13.82205634053,4.491064723911,
    12.224999999995));
#4628 = CARTESIAN_POINT('',(13.91178561271,-2.955162723417,
    12.030000000002));
#4629 = CARTESIAN_POINT('',(10.164160265488,-8.856890942606,11.835));
#4630 = CARTESIAN_POINT('',(4.434637639883,-11.67124785752,
    11.639999999999));
#4631 = CARTESIAN_POINT('',(-1.244720321545,-11.29069028058,11.445));
#4632 = CARTESIAN_POINT('',(-9.686146351958,-5.933599494642,
    11.054999999999));
#4633 = CARTESIAN_POINT('',(-12.44892862781,-0.954476529731,
    10.860000000003));
#4634 = CARTESIAN_POINT('',(-12.3403298441,5.415298329273,
    10.664999999995));
#4635 = CARTESIAN_POINT('',(-8.60007877509,11.351853078224,
    10.470000000003));
#4636 = CARTESIAN_POINT('',(-1.817930442877,14.39040882668,
    10.275000000001));
#4637 = CARTESIAN_POINT('',(5.506800147317,13.133962840826,
    10.079999999998));
#4638 = CARTESIAN_POINT('',(10.605904124384,8.314085953743,
    9.885000000001));
#4639 = CARTESIAN_POINT('',(12.295193010515,2.171430520291,9.69));
#4640 = CARTESIAN_POINT('',(10.8574637844,-3.338337289932,9.495));
#4641 = CARTESIAN_POINT('',(4.013496297818,-10.62642374375,
    9.104999999999));
#4642 = CARTESIAN_POINT('',(-1.395126485192,-12.40727494321,
    8.910000000004));
#4643 = CARTESIAN_POINT('',(-7.631725736346,-11.10702295584,
    8.714999999994));
#4644 = CARTESIAN_POINT('',(-12.7622746173,-6.320622583251,
    8.520000000005));
#4645 = CARTESIAN_POINT('',(-14.47616131943,0.910763826618,
    8.324999999999));
#4646 = CARTESIAN_POINT('',(-11.86945279932,7.870318799856,
    8.129999999998));
#4647 = CARTESIAN_POINT('',(-6.179472376625,11.975948759423,
    7.935000000002));
#4648 = CARTESIAN_POINT('',(0.170920913468,12.484296844901,
    7.739999999999));
#4649 = CARTESIAN_POINT('',(5.313691995522,10.039606220747,
    7.545000000001));
#4650 = CARTESIAN_POINT('',(11.190254776696,1.951212993743,
    7.154999999998));
#4651 = CARTESIAN_POINT('',(11.926667432768,-3.693044903432,
    6.96000000001));
#4652 = CARTESIAN_POINT('',(9.477633906507,-9.587972408816,
    6.764999999976));
#4653 = CARTESIAN_POINT('',(3.82284876143,-13.69877845622,6.570000000039
    ));
#4654 = CARTESIAN_POINT('',(-3.614296787311,-14.07678097321,
    6.374999999956));
#4655 = CARTESIAN_POINT('',(-9.949433909097,-10.16265371569,
    6.180000000035));
#4656 = CARTESIAN_POINT('',(-12.92434977466,-3.836124864145,
    5.984999999981));
#4657 = CARTESIAN_POINT('',(-12.23055816504,2.509478934034,
    5.790000000007));
#4658 = CARTESIAN_POINT('',(-8.86609060155,7.100806513093,5.594999999999
    ));
#4659 = CARTESIAN_POINT('',(0.180193003395,11.357665455302,
    5.205000000001));
#4660 = CARTESIAN_POINT('',(5.862465547196,11.023405754394,
    5.009999999998));
#4661 = CARTESIAN_POINT('',(11.194074558067,7.513152078317,
    4.815000000006));
#4662 = CARTESIAN_POINT('',(14.172465854495,1.188240486338,
    4.619999999989));
#4663 = CARTESIAN_POINT('',(13.150190797993,-6.188003381264,
    4.425000000015));
#4664 = CARTESIAN_POINT('',(8.118307173176,-11.67749349033,
    4.229999999985));
#4665 = CARTESIAN_POINT('',(1.3463948954,-13.414242131,4.03500000001));
#4666 = CARTESIAN_POINT('',(-4.756807230053,-11.54369189045,
    3.839999999995));
#4667 = CARTESIAN_POINT('',(-8.636371419782,-7.378489304487,
    3.645000000002));
#4668 = CARTESIAN_POINT('',(-11.12272517309,2.305215577253,
    3.254999999998));
#4669 = CARTESIAN_POINT('',(-9.729634430265,7.824205405402,
    3.060000000011));
#4670 = CARTESIAN_POINT('',(-5.28251309567,12.40362109296,2.864999999973
    ));
#4671 = CARTESIAN_POINT('',(1.48846180733,14.144086472261,2.670000000044
    ));
#4672 = CARTESIAN_POINT('',(8.542496859911,11.757748726428,2.47499999995
    ));
#4673 = CARTESIAN_POINT('',(12.991872055756,5.786365347925,2.28000000004
    ));
#4674 = CARTESIAN_POINT('',(13.428928259613,-1.191031582789,
    2.084999999977));
#4675 = CARTESIAN_POINT('',(10.44788458586,-6.835623420582,
    1.890000000009));
#4676 = CARTESIAN_POINT('',(5.629501338618,-9.865988457258,
    1.694999999998));
#4677 = CARTESIAN_POINT('',(0.640463306117,-10.17987273992,1.5));
#4678 = PCURVE('',#4278,#4679);
#4679 = DEFINITIONAL_REPRESENTATION('',(#4680),#4687);
#4680 = B_SPLINE_CURVE_WITH_KNOTS('',5,(#4681,#4682,#4683,#4684,#4685,
    #4686),.UNSPECIFIED.,.F.,.F.,(6,6),(8.745877848011,13.52455866135),
  .PIECEWISE_BEZIER_KNOTS.);
#4681 = CARTESIAN_POINT('',(4.440120315234,-1.133332215517));
#4682 = CARTESIAN_POINT('',(3.552094258858,-1.486665817699));
#4683 = CARTESIAN_POINT('',(2.664076736535,-1.839999419882));
#4684 = CARTESIAN_POINT('',(1.776044415784,-2.193333022065));
#4685 = CARTESIAN_POINT('',(0.888023700391,-2.546666624247));
#4686 = CARTESIAN_POINT('',(-2.974509527576E-12,-2.90000022643));
#4687 = ( GEOMETRIC_REPRESENTATION_CONTEXT(2) 
PARAMETRIC_REPRESENTATION_CONTEXT() REPRESENTATION_CONTEXT('2D SPACE',''
  ) );
#4688 = PCURVE('',#4689,#4838);
#4689 = B_SPLINE_SURFACE_WITH_KNOTS('',1,10,(
    (#4690,#4691,#4692,#4693,#4694,#4695,#4696,#4697,#4698,#4699,#4700
      ,#4701,#4702,#4703,#4704,#4705,#4706,#4707,#4708,#4709,#4710,#4711
      ,#4712,#4713,#4714,#4715,#4716,#4717,#4718,#4719,#4720,#4721,#4722
      ,#4723,#4724,#4725,#4726,#4727,#4728,#4729,#4730,#4731,#4732,#4733
      ,#4734,#4735,#4736,#4737,#4738,#4739,#4740,#4741,#4742,#4743,#4744
      ,#4745,#4746,#4747,#4748,#4749,#4750,#4751,#4752,#4753,#4754,#4755
      ,#4756,#4757,#4758,#4759,#4760,#4761,#4762,#4763)
    ,(#4764,#4765,#4766,#4767,#4768,#4769,#4770,#4771,#4772,#4773,#4774
      ,#4775,#4776,#4777,#4778,#4779,#4780,#4781,#4782,#4783,#4784,#4785
      ,#4786,#4787,#4788,#4789,#4790,#4791,#4792,#4793,#4794,#4795,#4796
      ,#4797,#4798,#4799,#4800,#4801,#4802,#4803,#4804,#4805,#4806,#4807
      ,#4808,#4809,#4810,#4811,#4812,#4813,#4814,#4815,#4816,#4817,#4818
      ,#4819,#4820,#4821,#4822,#4823,#4824,#4825,#4826,#4827,#4828,#4829
      ,#4830,#4831,#4832,#4833,#4834,#4835,#4836,#4837
  )),.UNSPECIFIED.,.F.,.F.,.F.,(2,2),(11,9,9,9,9,9,9,9,11),(0.,
    1.141271221051),(0.,5.274577639062,10.549155278124,15.823732917185,
    21.098310556247,26.372888195309,31.647465834371,36.922043473433,
    42.196621112495),.UNSPECIFIED.);
#4690 = CARTESIAN_POINT('',(10.2,-3.29553785098E-15,17.1));
#4691 = CARTESIAN_POINT('',(10.200000613703,-4.998902252018,16.905));
#4692 = CARTESIAN_POINT('',(7.478159146841,-9.998055319249,16.71));
#4693 = CARTESIAN_POINT('',(2.031898316617,-13.32764605049,
    16.514999999999));
#4694 = CARTESIAN_POINT('',(-4.959190539923,-13.32955870378,
    16.320000000001));
#4695 = CARTESIAN_POINT('',(-11.19815161086,-9.263924678799,
    16.124999999999));
#4696 = CARTESIAN_POINT('',(-14.02271920708,-2.373629047262,15.93));
#4697 = CARTESIAN_POINT('',(-12.71083617252,4.493251987288,15.735));
#4698 = CARTESIAN_POINT('',(-8.419694718664,9.219152820703,15.54));
#4699 = CARTESIAN_POINT('',(-2.999068618867,10.956030444043,15.345));
#4700 = CARTESIAN_POINT('',(6.821647455335,9.082629579791,14.955));
#4701 = CARTESIAN_POINT('',(11.222229591655,5.472251800289,
    14.760000000001));
#4702 = CARTESIAN_POINT('',(13.472316540768,-0.501444224937,
    14.564999999998));
#4703 = CARTESIAN_POINT('',(12.164195964923,-7.36905967247,
    14.370000000003));
#4704 = CARTESIAN_POINT('',(7.001510704965,-12.73568811034,
    14.174999999997));
#4705 = CARTESIAN_POINT('',(-0.296009988772,-14.21911191813,
    13.980000000002));
#4706 = CARTESIAN_POINT('',(-6.795437342798,-11.64374091113,13.785));
#4707 = CARTESIAN_POINT('',(-10.63354973951,-6.543061781652,13.59));
#4708 = CARTESIAN_POINT('',(-11.32393844474,-0.892991484781,13.395));
#4709 = CARTESIAN_POINT('',(-7.643501971187,8.40273239669,13.005));
#4710 = CARTESIAN_POINT('',(-3.272487043214,12.048850785976,
    12.810000000002));
#4711 = CARTESIAN_POINT('',(3.017022653629,13.139723501114,
    12.614999999996));
#4712 = CARTESIAN_POINT('',(9.517876396303,10.567910519576,
    12.420000000006));
#4713 = CARTESIAN_POINT('',(13.822056340532,4.491064723911,
    12.224999999995));
#4714 = CARTESIAN_POINT('',(13.911785612709,-2.955162723417,
    12.030000000002));
#4715 = CARTESIAN_POINT('',(10.164160265489,-8.856890942606,11.835));
#4716 = CARTESIAN_POINT('',(4.434637639883,-11.67124785752,
    11.639999999999));
#4717 = CARTESIAN_POINT('',(-1.244720321545,-11.29069028058,11.445));
#4718 = CARTESIAN_POINT('',(-9.686146351958,-5.933599494642,
    11.054999999999));
#4719 = CARTESIAN_POINT('',(-12.44892862781,-0.95447652973,
    10.860000000003));
#4720 = CARTESIAN_POINT('',(-12.3403298441,5.415298329273,
    10.664999999995));
#4721 = CARTESIAN_POINT('',(-8.60007877509,11.351853078225,
    10.470000000003));
#4722 = CARTESIAN_POINT('',(-1.817930442876,14.390408826679,
    10.275000000001));
#4723 = CARTESIAN_POINT('',(5.506800147316,13.133962840827,
    10.079999999998));
#4724 = CARTESIAN_POINT('',(10.605904124384,8.314085953743,
    9.885000000001));
#4725 = CARTESIAN_POINT('',(12.295193010515,2.171430520292,9.69));
#4726 = CARTESIAN_POINT('',(10.8574637844,-3.338337289932,9.495));
#4727 = CARTESIAN_POINT('',(4.013496297818,-10.62642374375,
    9.104999999999));
#4728 = CARTESIAN_POINT('',(-1.395126485191,-12.40727494321,
    8.910000000004));
#4729 = CARTESIAN_POINT('',(-7.631725736346,-11.10702295584,
    8.714999999994));
#4730 = CARTESIAN_POINT('',(-12.7622746173,-6.32062258325,8.520000000005
    ));
#4731 = CARTESIAN_POINT('',(-14.47616131943,0.910763826617,
    8.324999999999));
#4732 = CARTESIAN_POINT('',(-11.86945279932,7.870318799857,
    8.129999999998));
#4733 = CARTESIAN_POINT('',(-6.179472376625,11.975948759423,
    7.935000000002));
#4734 = CARTESIAN_POINT('',(0.170920913469,12.484296844901,
    7.739999999999));
#4735 = CARTESIAN_POINT('',(5.313691995522,10.039606220747,
    7.545000000001));
#4736 = CARTESIAN_POINT('',(11.190254776696,1.951212993743,
    7.154999999998));
#4737 = CARTESIAN_POINT('',(11.926667432768,-3.693044903433,
    6.96000000001));
#4738 = CARTESIAN_POINT('',(9.477633906507,-9.587972408815,
    6.764999999976));
#4739 = CARTESIAN_POINT('',(3.82284876143,-13.69877845622,6.570000000039
    ));
#4740 = CARTESIAN_POINT('',(-3.614296787312,-14.07678097321,
    6.374999999956));
#4741 = CARTESIAN_POINT('',(-9.949433909097,-10.16265371569,
    6.180000000035));
#4742 = CARTESIAN_POINT('',(-12.92434977466,-3.836124864144,
    5.984999999981));
#4743 = CARTESIAN_POINT('',(-12.23055816504,2.509478934034,
    5.790000000007));
#4744 = CARTESIAN_POINT('',(-8.86609060155,7.100806513093,5.594999999999
    ));
#4745 = CARTESIAN_POINT('',(0.180193003395,11.357665455302,
    5.205000000001));
#4746 = CARTESIAN_POINT('',(5.862465547196,11.023405754394,
    5.009999999998));
#4747 = CARTESIAN_POINT('',(11.194074558066,7.513152078316,
    4.815000000006));
#4748 = CARTESIAN_POINT('',(14.172465854497,1.188240486338,
    4.619999999989));
#4749 = CARTESIAN_POINT('',(13.150190797991,-6.188003381264,
    4.425000000015));
#4750 = CARTESIAN_POINT('',(8.118307173178,-11.67749349033,
    4.229999999985));
#4751 = CARTESIAN_POINT('',(1.346394895399,-13.414242131,4.03500000001)
  );
#4752 = CARTESIAN_POINT('',(-4.756807230053,-11.54369189045,
    3.839999999995));
#4753 = CARTESIAN_POINT('',(-8.636371419782,-7.378489304487,
    3.645000000002));
#4754 = CARTESIAN_POINT('',(-11.12272517309,2.305215577253,
    3.254999999998));
#4755 = CARTESIAN_POINT('',(-9.729634430266,7.824205405402,
    3.060000000011));
#4756 = CARTESIAN_POINT('',(-5.282513095668,12.40362109296,
    2.864999999973));
#4757 = CARTESIAN_POINT('',(1.488461807328,14.144086472261,
    2.670000000044));
#4758 = CARTESIAN_POINT('',(8.542496859913,11.757748726428,2.47499999995
    ));
#4759 = CARTESIAN_POINT('',(12.991872055754,5.786365347925,2.28000000004
    ));
#4760 = CARTESIAN_POINT('',(13.428928259614,-1.191031582789,
    2.084999999977));
#4761 = CARTESIAN_POINT('',(10.447884585859,-6.835623420582,
    1.890000000009));
#4762 = CARTESIAN_POINT('',(5.629501338618,-9.865988457258,
    1.694999999998));
#4763 = CARTESIAN_POINT('',(0.640463306117,-10.17987273992,1.5));
#4764 = CARTESIAN_POINT('',(9.2,1.966177093268E-15,16.55));
#4765 = CARTESIAN_POINT('',(9.200000192035,-4.508812905794,
    16.355000772499));
#4766 = CARTESIAN_POINT('',(6.745006615583,-9.017858064054,
    16.159997834366));
#4767 = CARTESIAN_POINT('',(1.832694469437,-12.02100349001,
    15.965003813701));
#4768 = CARTESIAN_POINT('',(-4.4730030186,-12.0227552983,15.769996847449
    ));
#4769 = CARTESIAN_POINT('',(-10.10027978229,-8.355680616364,
    15.575000279551));
#4770 = CARTESIAN_POINT('',(-12.64795769313,-2.140930890332,
    15.380002895551));
#4771 = CARTESIAN_POINT('',(-11.46466549327,4.052741454412,
    15.184996647226));
#4772 = CARTESIAN_POINT('',(-7.594238719666,8.315313262725,
    14.990002074532));
#4773 = CARTESIAN_POINT('',(-2.705041352675,9.881909874357,
    14.794999502535));
#4774 = CARTESIAN_POINT('',(6.152857552461,8.192175573058,
    14.405000637529));
#4775 = CARTESIAN_POINT('',(10.12201522852,4.93575595585,14.209998040602
    ));
#4776 = CARTESIAN_POINT('',(12.1514911473,-0.452279086848,
    14.015003558103));
#4777 = CARTESIAN_POINT('',(10.971642083506,-6.646613467468,
    13.81999710657));
#4778 = CARTESIAN_POINT('',(6.315074819858,-11.48707452912,
    13.625000065249));
#4779 = CARTESIAN_POINT('',(-0.266981809497,-12.82509799982,
    13.430003037899));
#4780 = CARTESIAN_POINT('',(-6.129220358545,-10.50218674426,
    13.23499657408));
#4781 = CARTESIAN_POINT('',(-9.5910446362,-5.901589536524,
    13.040002101022));
#4782 = CARTESIAN_POINT('',(-10.21374828748,-0.805442371692,
    12.844999497839));
#4783 = CARTESIAN_POINT('',(-6.894139084319,7.578934158088,
    12.455000639832));
#4784 = CARTESIAN_POINT('',(-2.951653628653,10.867594949283,
    12.259998037084));
#4785 = CARTESIAN_POINT('',(2.721230366501,11.851506182544,
    12.06500356246));
#4786 = CARTESIAN_POINT('',(8.584764386017,9.531852968031,
    11.869997102155));
#4787 = CARTESIAN_POINT('',(12.466933879895,4.050754357824,11.6750000689
    ));
#4788 = CARTESIAN_POINT('',(12.547902851936,-2.665436551137,
    11.480003035473));
#4789 = CARTESIAN_POINT('',(9.167662775602,-7.988568572967,
    11.284996575329));
#4790 = CARTESIAN_POINT('',(3.999873608541,-10.52700847291,
    11.090002100569));
#4791 = CARTESIAN_POINT('',(-1.12268980804,-10.18375957536,
    10.89499949792));
#4792 = CARTESIAN_POINT('',(-8.736523242162,-5.351874281584,
    10.505000639791));
#4793 = CARTESIAN_POINT('',(-11.22844858513,-0.860900077831,
    10.309998037148));
#4794 = CARTESIAN_POINT('',(-11.13048822712,4.884387303846,
    10.115003562394));
#4795 = CARTESIAN_POINT('',(-7.756937798606,10.238924460261,
    9.919997102196));
#4796 = CARTESIAN_POINT('',(-1.639702678954,12.97958561107,
    9.725000068887));
#4797 = CARTESIAN_POINT('',(4.966922285148,11.846320703716,
    9.530003035478));
#4798 = CARTESIAN_POINT('',(9.566105237929,7.498976382833,9.334996575319
    ));
#4799 = CARTESIAN_POINT('',(11.089783902971,1.958547586055,
    9.140002100578));
#4800 = CARTESIAN_POINT('',(9.793006103261,-3.011050141617,
    8.944999497917));
#4801 = CARTESIAN_POINT('',(3.620016664279,-9.584616634852,
    8.555000639792));
#4802 = CARTESIAN_POINT('',(-1.258350286038,-11.19087847895,
    8.359998037147));
#4803 = CARTESIAN_POINT('',(-6.883516892163,-10.01809376594,
    8.165003562394));
#4804 = CARTESIAN_POINT('',(-11.51107016035,-5.700957978957,
    7.969997102196));
#4805 = CARTESIAN_POINT('',(-13.056931109,0.821472778056,7.775000068889)
  );
#4806 = CARTESIAN_POINT('',(-10.70578136807,7.098723582529,
    7.580003035473));
#4807 = CARTESIAN_POINT('',(-5.573639519422,10.801831267008,
    7.384996575325));
#4808 = CARTESIAN_POINT('',(0.154161962483,11.260348562578,
    7.190002100573));
#4809 = CARTESIAN_POINT('',(4.79274252279,9.055330507722,6.99499949792)
  );
#4810 = CARTESIAN_POINT('',(10.093170204911,1.759918151907,
    6.605000639786));
#4811 = CARTESIAN_POINT('',(10.757389002446,-3.330984985731,
    6.409998037179));
#4812 = CARTESIAN_POINT('',(8.54844948351,-8.647965363624,6.215003562303
    ));
#4813 = CARTESIAN_POINT('',(3.448062856065,-12.35577853104,
    6.019997102366));
#4814 = CARTESIAN_POINT('',(-3.259952200404,-12.69668314498,
    5.825000068669));
#4815 = CARTESIAN_POINT('',(-8.974005082653,-9.166332459962,
    5.630003035681));
#4816 = CARTESIAN_POINT('',(-11.65725089343,-3.460024598096,
    5.434996575175));
#4817 = CARTESIAN_POINT('',(-11.03148668167,2.263448224581,
    5.240002100663));
#4818 = CARTESIAN_POINT('',(-7.996865314476,6.404649610715,
    5.044999497873));
#4819 = CARTESIAN_POINT('',(0.162526338385,10.244168188569,
    4.655000639878));
#4820 = CARTESIAN_POINT('',(5.287717776665,9.942681722842,4.459998036682
    ));
#4821 = CARTESIAN_POINT('',(10.096605823256,6.776565822536,4.26500356365
    ));
#4822 = CARTESIAN_POINT('',(12.783026274726,1.071746159914,
    4.069997099786));
#4823 = CARTESIAN_POINT('',(11.860935850906,-5.581330663889,
    3.875000072498));
#4824 = CARTESIAN_POINT('',(7.322410642042,-10.53265020589,3.68000303111
    ));
#4825 = CARTESIAN_POINT('',(1.214387052903,-12.0991128899,3.484996579634
    ));
#4826 = CARTESIAN_POINT('',(-4.290450809827,-10.41196081932,
    3.290002097097));
#4827 = CARTESIAN_POINT('',(-7.789668793248,-6.655107181245,
    3.09499950019));
#4828 = CARTESIAN_POINT('',(-10.03226140687,2.079213253252,
    2.705000635168));
#4829 = CARTESIAN_POINT('',(-8.775749986992,7.057130522786,
    2.509998063222));
#4830 = CARTESIAN_POINT('',(-4.764618937147,11.187569005737,
    2.315003490397));
#4831 = CARTESIAN_POINT('',(1.342537674887,12.757428905271,
    2.119997242298));
#4832 = CARTESIAN_POINT('',(7.704987711138,10.605009043,1.924999858006)
  );
#4833 = CARTESIAN_POINT('',(11.718170938507,5.219088713908,1.7300032904)
  );
#4834 = CARTESIAN_POINT('',(12.112357786323,-1.074270697259,
    1.53499632392));
#4835 = CARTESIAN_POINT('',(9.423586049308,-6.165462086015,
    1.340002303395));
#4836 = CARTESIAN_POINT('',(5.077588561425,-8.898735042682,
    1.144999365194));
#4837 = CARTESIAN_POINT('',(0.57767277647,-9.181845936239,0.950000137718
    ));
#4838 = DEFINITIONAL_REPRESENTATION('',(#4839),#4843);
#4839 = LINE('',#4840,#4841);
#4840 = CARTESIAN_POINT('',(0.,0.));
#4841 = VECTOR('',#4842,1.);
#4842 = DIRECTION('',(0.,1.));
#4843 = ( GEOMETRIC_REPRESENTATION_CONTEXT(2) 
PARAMETRIC_REPRESENTATION_CONTEXT() REPRESENTATION_CONTEXT('2D SPACE',''
  ) );
#4844 = ORIENTED_EDGE('',*,*,#4845,.T.);
#4845 = EDGE_CURVE('',#4600,#4295,#4846,.T.);
#4846 = SURFACE_CURVE('',#4847,(#4852,#4859),.PCURVE_S1.);
#4847 = CIRCLE('',#4848,10.2);
#4848 = AXIS2_PLACEMENT_3D('',#4849,#4850,#4851);
#4849 = CARTESIAN_POINT('',(0.,-1.387933039034E-16,13.866666666667));
#4850 = DIRECTION('',(-0.,1.224646799147E-16,1.));
#4851 = DIRECTION('',(0.,-1.,1.224646799147E-16));
#4852 = PCURVE('',#4278,#4853);
#4853 = DEFINITIONAL_REPRESENTATION('',(#4854),#4858);
#4854 = LINE('',#4855,#4856);
#4855 = CARTESIAN_POINT('',(-1.570796326795,-1.133333333333));
#4856 = VECTOR('',#4857,1.);
#4857 = DIRECTION('',(1.,0.));
#4858 = ( GEOMETRIC_REPRESENTATION_CONTEXT(2) 
PARAMETRIC_REPRESENTATION_CONTEXT() REPRESENTATION_CONTEXT('2D SPACE',''
  ) );
#4859 = PCURVE('',#4313,#4860);
#4860 = DEFINITIONAL_REPRESENTATION('',(#4861),#4865);
#4861 = LINE('',#4862,#4863);
#4862 = CARTESIAN_POINT('',(-14.13716694115,-0.333333333333));
#4863 = VECTOR('',#4864,1.);
#4864 = DIRECTION('',(1.,-0.));
#4865 = ( GEOMETRIC_REPRESENTATION_CONTEXT(2) 
PARAMETRIC_REPRESENTATION_CONTEXT() REPRESENTATION_CONTEXT('2D SPACE',''
  ) );
#4866 = ORIENTED_EDGE('',*,*,#4867,.F.);
#4867 = EDGE_CURVE('',#4241,#4295,#4868,.T.);
#4868 = SEAM_CURVE('',#4869,(#4873,#4880),.PCURVE_S1.);
#4869 = LINE('',#4870,#4871);
#4870 = CARTESIAN_POINT('',(10.2,0.,15.));
#4871 = VECTOR('',#4872,1.);
#4872 = DIRECTION('',(0.,-1.224646799147E-16,-1.));
#4873 = PCURVE('',#4278,#4874);
#4874 = DEFINITIONAL_REPRESENTATION('',(#4875),#4879);
#4875 = LINE('',#4876,#4877);
#4876 = CARTESIAN_POINT('',(0.,0.));
#4877 = VECTOR('',#4878,1.);
#4878 = DIRECTION('',(0.,-1.));
#4879 = ( GEOMETRIC_REPRESENTATION_CONTEXT(2) 
PARAMETRIC_REPRESENTATION_CONTEXT() REPRESENTATION_CONTEXT('2D SPACE',''
  ) );
#4880 = PCURVE('',#4278,#4881);
#4881 = DEFINITIONAL_REPRESENTATION('',(#4882),#4886);
#4882 = LINE('',#4883,#4884);
#4883 = CARTESIAN_POINT('',(6.28318530718,0.));
#4884 = VECTOR('',#4885,1.);
#4885 = DIRECTION('',(0.,-1.));
#4886 = ( GEOMETRIC_REPRESENTATION_CONTEXT(2) 
PARAMETRIC_REPRESENTATION_CONTEXT() REPRESENTATION_CONTEXT('2D SPACE',''
  ) );
#4887 = ORIENTED_EDGE('',*,*,#4263,.T.);
#4888 = ORIENTED_EDGE('',*,*,#4867,.T.);
#4889 = ADVANCED_FACE('',(#4890),#4313,.F.);
#4890 = FACE_BOUND('',#4891,.F.);
#4891 = EDGE_LOOP('',(#4892,#5081,#5082,#5083,#5115));
#4892 = ORIENTED_EDGE('',*,*,#4893,.F.);
#4893 = EDGE_CURVE('',#4297,#4894,#4896,.T.);
#4894 = VERTEX_POINT('',#4895);
#4895 = CARTESIAN_POINT('',(6.871855975279,-6.116973544894,
    13.260598481349));
#4896 = SURFACE_CURVE('',#4897,(#4935,#5008),.PCURVE_S1.);
#4897 = B_SPLINE_CURVE_WITH_KNOTS('',6,(#4898,#4899,#4900,#4901,#4902,
    #4903,#4904,#4905,#4906,#4907,#4908,#4909,#4910,#4911,#4912,#4913,
    #4914,#4915,#4916,#4917,#4918,#4919,#4920,#4921,#4922,#4923,#4924,
    #4925,#4926,#4927,#4928,#4929,#4930,#4931,#4932,#4933,#4934),
  .UNSPECIFIED.,.F.,.F.,(7,5,5,5,5,5,5,7),(0.,0.271321151627,
    0.399678088397,0.526831931425,0.769722129773,1.,1.161203114994,
    1.317389432116),.UNSPECIFIED.);
#4898 = CARTESIAN_POINT('',(-5.821179325669,8.375781738974,
    13.866662165195));
#4899 = CARTESIAN_POINT('',(-5.007142431187,8.901736355138,
    13.846853851847));
#4900 = CARTESIAN_POINT('',(-4.132949093176,9.334922069591,
    13.826966551608));
#4901 = CARTESIAN_POINT('',(-3.21200593357,9.66595498543,13.807010520168
    ));
#4902 = CARTESIAN_POINT('',(-2.259036519583,9.888651571641,
    13.786979390555));
#4903 = CARTESIAN_POINT('',(-1.289727559816,9.999083040203,
    13.766863063572));
#4904 = CARTESIAN_POINT('',(0.137288201471,9.995802103478,
    13.737119354426));
#4905 = CARTESIAN_POINT('',(0.595502780164,9.969534633228,
    13.727549257372));
#4906 = CARTESIAN_POINT('',(1.051896479663,9.918002213671,
    13.717961064995));
#4907 = CARTESIAN_POINT('',(1.504726889343,9.841312969123,
    13.708355232773));
#4908 = CARTESIAN_POINT('',(1.952258691756,9.739736520157,
    13.698732180006));
#4909 = CARTESIAN_POINT('',(2.829142344902,9.488857168199,
    13.679541349599));
#4910 = CARTESIAN_POINT('',(3.258637089885,9.340006985571,
    13.669973533473));
#4911 = CARTESIAN_POINT('',(3.679570186009,9.167578492377,
    13.660387815755));
#4912 = CARTESIAN_POINT('',(4.090309882557,8.97214383265,13.650783755179
    ));
#4913 = CARTESIAN_POINT('',(4.489274769298,8.75442749036,13.641161090181
    ));
#4914 = CARTESIAN_POINT('',(5.611631400325,8.058544060125,
    13.613103635642));
#4915 = CARTESIAN_POINT('',(6.299957266581,7.523580996106,13.59461592797
    ));
#4916 = CARTESIAN_POINT('',(6.928977925204,6.916655193144,
    13.576064346335));
#4917 = CARTESIAN_POINT('',(7.489357742785,6.24584263652,13.557445688584
    ));
#4918 = CARTESIAN_POINT('',(7.972941067855,5.520606972167,
    13.538754229063));
#4919 = CARTESIAN_POINT('',(8.753058999878,4.023914139382,
    13.502212043453));
#4920 = CARTESIAN_POINT('',(9.058134515966,3.256560207484,
    13.484361989478));
#4921 = CARTESIAN_POINT('',(9.283130929846,2.459900364635,
    13.466451399485));
#4922 = CARTESIAN_POINT('',(9.42450731616,1.644252706738,13.448475927995
    ));
#4923 = CARTESIAN_POINT('',(9.480210718359,0.82046268691,13.430430738401
    ));
#4924 = CARTESIAN_POINT('',(9.429412381218,-0.574354542777,
    13.399643867404));
#4925 = CARTESIAN_POINT('',(9.366551133358,-1.147166088832,
    13.386933089422));
#4926 = CARTESIAN_POINT('',(9.261752606389,-1.714544298336,
    13.374189789125));
#4927 = CARTESIAN_POINT('',(9.115513159307,-2.272654306449,
    13.361413144175));
#4928 = CARTESIAN_POINT('',(8.928761878134,-2.817708695319,
    13.348602197596));
#4929 = CARTESIAN_POINT('',(8.484162651938,-3.857837001692,
    13.323313148889));
#4930 = CARTESIAN_POINT('',(8.228690418321,-4.353980120885,
    13.310836091813));
#4931 = CARTESIAN_POINT('',(7.937840315612,-4.831037747737,
    13.298327459019));
#4932 = CARTESIAN_POINT('',(7.613321475923,-5.285831359523,
    13.285786429368));
#4933 = CARTESIAN_POINT('',(7.257199386362,-5.715364469689,
    13.273212024823));
#4934 = CARTESIAN_POINT('',(6.871960777848,-6.116871844885,
    13.260604943973));
#4935 = PCURVE('',#4313,#4936);
#4936 = DEFINITIONAL_REPRESENTATION('',(#4937),#5007);
#4937 = B_SPLINE_CURVE_WITH_KNOTS('',3,(#4938,#4939,#4940,#4941,#4942,
    #4943,#4944,#4945,#4946,#4947,#4948,#4949,#4950,#4951,#4952,#4953,
    #4954,#4955,#4956,#4957,#4958,#4959,#4960,#4961,#4962,#4963,#4964,
    #4965,#4966,#4967,#4968,#4969,#4970,#4971,#4972,#4973,#4974,#4975,
    #4976,#4977,#4978,#4979,#4980,#4981,#4982,#4983,#4984,#4985,#4986,
    #4987,#4988,#4989,#4990,#4991,#4992,#4993,#4994,#4995,#4996,#4997,
    #4998,#4999,#5000,#5001,#5002,#5003,#5004,#5005,#5006),
  .UNSPECIFIED.,.F.,.F.,(4,1,1,1,1,1,1,1,1,1,1,1,1,1,1,1,1,1,1,1,1,1,1,1
    ,1,1,1,1,1,1,1,1,1,1,1,1,1,1,1,1,1,1,1,1,1,1,1,1,1,1,1,1,1,1,1,1,1,1
    ,1,1,1,1,1,1,1,1,4),(0.,1.996044594115E-02,3.99208918823E-02,
    5.988133782345E-02,7.984178376461E-02,9.980222970576E-02,
    0.119762675647,0.139723121588,0.159683567529,0.17964401347,
    0.199604459412,0.219564905353,0.239525351294,0.259485797235,
    0.279446243176,0.299406689117,0.319367135058,0.339327581,
    0.359288026941,0.379248472882,0.399208918823,0.419169364764,
    0.439129810705,0.459090256646,0.479050702588,0.499011148529,
    0.51897159447,0.538932040411,0.558892486352,0.578852932293,
    0.598813378235,0.618773824176,0.638734270117,0.658694716058,
    0.678655161999,0.69861560794,0.718576053881,0.738536499823,
    0.758496945764,0.778457391705,0.798417837646,0.818378283587,
    0.838338729528,0.85829917547,0.878259621411,0.898220067352,
    0.918180513293,0.938140959234,0.958101405175,0.978061851116,
    0.998022297058,1.017982742999,1.03794318894,1.057903634881,
    1.077864080822,1.097824526763,1.117784972704,1.137745418646,
    1.157705864587,1.177666310528,1.197626756469,1.21758720241,
    1.237547648351,1.257508094293,1.277468540234,1.297428986175,
    1.317389432116),.QUASI_UNIFORM_KNOTS.);
#4938 = CARTESIAN_POINT('',(-4.105025722159,-0.333337834805));
#4939 = CARTESIAN_POINT('',(-4.118998094271,-0.336252351063));
#4940 = CARTESIAN_POINT('',(-4.146963302811,-0.342085605899));
#4941 = CARTESIAN_POINT('',(-4.188971333666,-0.35084792134));
#4942 = CARTESIAN_POINT('',(-4.23103814657,-0.35962237796));
#4943 = CARTESIAN_POINT('',(-4.273163219336,-0.368408887567));
#4944 = CARTESIAN_POINT('',(-4.315346439147,-0.377207438367));
#4945 = CARTESIAN_POINT('',(-4.357588067095,-0.386018099532));
#4946 = CARTESIAN_POINT('',(-4.399888591575,-0.394841000152));
#4947 = CARTESIAN_POINT('',(-4.442248619866,-0.403676311909));
#4948 = CARTESIAN_POINT('',(-4.484668765236,-0.412524220814));
#4949 = CARTESIAN_POINT('',(-4.527149523708,-0.421384888441));
#4950 = CARTESIAN_POINT('',(-4.569691178319,-0.430258413716));
#4951 = CARTESIAN_POINT('',(-4.612293556945,-0.439144776238));
#4952 = CARTESIAN_POINT('',(-4.654956273823,-0.448043879167));
#4953 = CARTESIAN_POINT('',(-4.697677081919,-0.456955318577));
#4954 = CARTESIAN_POINT('',(-4.740459379405,-0.465879774555));
#4955 = CARTESIAN_POINT('',(-4.783303211702,-0.474817160201));
#4956 = CARTESIAN_POINT('',(-4.826208807942,-0.483767476836));
#4957 = CARTESIAN_POINT('',(-4.869176523349,-0.492730629053));
#4958 = CARTESIAN_POINT('',(-4.912206730809,-0.501706465724));
#4959 = CARTESIAN_POINT('',(-4.955299475842,-0.510694833326));
#4960 = CARTESIAN_POINT('',(-4.998455126875,-0.519696141197));
#4961 = CARTESIAN_POINT('',(-5.041674112115,-0.52871057019));
#4962 = CARTESIAN_POINT('',(-5.084956433398,-0.537738294146));
#4963 = CARTESIAN_POINT('',(-5.128302469003,-0.546779539445));
#4964 = CARTESIAN_POINT('',(-5.171712596183,-0.55583439754));
#4965 = CARTESIAN_POINT('',(-5.215187062467,-0.564902826282));
#4966 = CARTESIAN_POINT('',(-5.258726011622,-0.573984934387));
#4967 = CARTESIAN_POINT('',(-5.302332820973,-0.583081359852));
#4968 = CARTESIAN_POINT('',(-5.346005252876,-0.5921915867));
#4969 = CARTESIAN_POINT('',(-5.389742976057,-0.601315504596));
#4970 = CARTESIAN_POINT('',(-5.433545876429,-0.610453033725));
#4971 = CARTESIAN_POINT('',(-5.477414305767,-0.619604192567));
#4972 = CARTESIAN_POINT('',(-5.521348826761,-0.628769056454));
#4973 = CARTESIAN_POINT('',(-5.565350105229,-0.637947741245));
#4974 = CARTESIAN_POINT('',(-5.609418754301,-0.647140366605));
#4975 = CARTESIAN_POINT('',(-5.653555224846,-0.656347020541));
#4976 = CARTESIAN_POINT('',(-5.697759523531,-0.665567693247));
#4977 = CARTESIAN_POINT('',(-5.742031502026,-0.674802331244));
#4978 = CARTESIAN_POINT('',(-5.786368926699,-0.684050520086));
#4979 = CARTESIAN_POINT('',(-5.830777557678,-0.693313475863));
#4980 = CARTESIAN_POINT('',(-5.875255601075,-0.702590841549));
#4981 = CARTESIAN_POINT('',(-5.91980259097,-0.711882555143));
#4982 = CARTESIAN_POINT('',(-5.964418474857,-0.721188624945));
#4983 = CARTESIAN_POINT('',(-6.009103635825,-0.7305091468));
#4984 = CARTESIAN_POINT('',(-6.053858682022,-0.739844267146));
#4985 = CARTESIAN_POINT('',(-6.098684303257,-0.749194155293));
#4986 = CARTESIAN_POINT('',(-6.143581126654,-0.758558965574));
#4987 = CARTESIAN_POINT('',(-6.188549503332,-0.767938780339));
#4988 = CARTESIAN_POINT('',(-6.233589524828,-0.777333606204));
#4989 = CARTESIAN_POINT('',(-6.27870010131,-0.786743200273));
#4990 = CARTESIAN_POINT('',(-6.323881435462,-0.79616764424));
#4991 = CARTESIAN_POINT('',(-6.369136193589,-0.805607461546));
#4992 = CARTESIAN_POINT('',(-6.41446339919,-0.815062445805));
#4993 = CARTESIAN_POINT('',(-6.459863572898,-0.824532689349));
#4994 = CARTESIAN_POINT('',(-6.505337162872,-0.834018273));
#4995 = CARTESIAN_POINT('',(-6.550884724706,-0.84351930155));
#4996 = CARTESIAN_POINT('',(-6.596506715835,-0.853035858044));
#4997 = CARTESIAN_POINT('',(-6.642203064352,-0.862567909943));
#4998 = CARTESIAN_POINT('',(-6.68797396113,-0.872115492423));
#4999 = CARTESIAN_POINT('',(-6.733820887669,-0.881678905181));
#5000 = CARTESIAN_POINT('',(-6.779743209371,-0.891258011955));
#5001 = CARTESIAN_POINT('',(-6.825741378905,-0.900852902231));
#5002 = CARTESIAN_POINT('',(-6.871815895618,-0.910463680442));
#5003 = CARTESIAN_POINT('',(-6.917967330097,-0.920090470829));
#5004 = CARTESIAN_POINT('',(-6.964196139719,-0.929733372584));
#5005 = CARTESIAN_POINT('',(-6.995066868128,-0.936172704487));
#5006 = CARTESIAN_POINT('',(-7.01051512364,-0.939395056027));
#5007 = ( GEOMETRIC_REPRESENTATION_CONTEXT(2) 
PARAMETRIC_REPRESENTATION_CONTEXT() REPRESENTATION_CONTEXT('2D SPACE',''
  ) );
#5008 = PCURVE('',#4415,#5009);
#5009 = DEFINITIONAL_REPRESENTATION('',(#5010),#5080);
#5010 = B_SPLINE_CURVE_WITH_KNOTS('',3,(#5011,#5012,#5013,#5014,#5015,
    #5016,#5017,#5018,#5019,#5020,#5021,#5022,#5023,#5024,#5025,#5026,
    #5027,#5028,#5029,#5030,#5031,#5032,#5033,#5034,#5035,#5036,#5037,
    #5038,#5039,#5040,#5041,#5042,#5043,#5044,#5045,#5046,#5047,#5048,
    #5049,#5050,#5051,#5052,#5053,#5054,#5055,#5056,#5057,#5058,#5059,
    #5060,#5061,#5062,#5063,#5064,#5065,#5066,#5067,#5068,#5069,#5070,
    #5071,#5072,#5073,#5074,#5075,#5076,#5077,#5078,#5079),
  .UNSPECIFIED.,.F.,.F.,(4,1,1,1,1,1,1,1,1,1,1,1,1,1,1,1,1,1,1,1,1,1,1,1
    ,1,1,1,1,1,1,1,1,1,1,1,1,1,1,1,1,1,1,1,1,1,1,1,1,1,1,1,1,1,1,1,1,1,1
    ,1,1,1,1,1,1,1,1,4),(0.,1.996044594115E-02,3.99208918823E-02,
    5.988133782345E-02,7.984178376461E-02,9.980222970576E-02,
    0.119762675647,0.139723121588,0.159683567529,0.17964401347,
    0.199604459412,0.219564905353,0.239525351294,0.259485797235,
    0.279446243176,0.299406689117,0.319367135058,0.339327581,
    0.359288026941,0.379248472882,0.399208918823,0.419169364764,
    0.439129810705,0.459090256646,0.479050702588,0.499011148529,
    0.51897159447,0.538932040411,0.558892486352,0.578852932293,
    0.598813378235,0.618773824176,0.638734270117,0.658694716058,
    0.678655161999,0.69861560794,0.718576053881,0.738536499823,
    0.758496945764,0.778457391705,0.798417837646,0.818378283587,
    0.838338729528,0.85829917547,0.878259621411,0.898220067352,
    0.918180513293,0.938140959234,0.958101405175,0.978061851116,
    0.998022297058,1.017982742999,1.03794318894,1.057903634881,
    1.077864080822,1.097824526763,1.117784972704,1.137745418646,
    1.157705864587,1.177666310528,1.197626756469,1.21758720241,
    1.237547648351,1.257508094293,1.277468540234,1.297428986175,
    1.317389432116),.QUASI_UNIFORM_KNOTS.);
#5011 = CARTESIAN_POINT('',(1.141271221051,4.41803447205));
#5012 = CARTESIAN_POINT('',(1.135782917762,4.433072233099));
#5013 = CARTESIAN_POINT('',(1.124798196282,4.463169779848));
#5014 = CARTESIAN_POINT('',(1.108297218917,4.508380914183));
#5015 = CARTESIAN_POINT('',(1.091772897251,4.553655322104));
#5016 = CARTESIAN_POINT('',(1.075225427605,4.598992446092));
#5017 = CARTESIAN_POINT('',(1.058654896468,4.644392168238));
#5018 = CARTESIAN_POINT('',(1.042061275859,4.689854771528));
#5019 = CARTESIAN_POINT('',(1.025444459667,4.735380781526));
#5020 = CARTESIAN_POINT('',(1.008804289239,4.780970849209));
#5021 = CARTESIAN_POINT('',(0.99214059621,4.826625629099));
#5022 = CARTESIAN_POINT('',(0.975453262564,4.872345646483));
#5023 = CARTESIAN_POINT('',(0.958742277353,4.918131194589));
#5024 = CARTESIAN_POINT('',(0.942007825943,4.963982074719));
#5025 = CARTESIAN_POINT('',(0.925250188606,5.009897857704));
#5026 = CARTESIAN_POINT('',(0.908470152355,5.055876113329));
#5027 = CARTESIAN_POINT('',(0.891666323471,5.101920492498));
#5028 = CARTESIAN_POINT('',(0.874838715695,5.148031045765));
#5029 = CARTESIAN_POINT('',(0.857986864483,5.194208045529));
#5030 = CARTESIAN_POINT('',(0.841110327504,5.240451895688));
#5031 = CARTESIAN_POINT('',(0.824208478348,5.286763160636));
#5032 = CARTESIAN_POINT('',(0.80728111291,5.333141627197));
#5033 = CARTESIAN_POINT('',(0.790328488631,5.379587739575));
#5034 = CARTESIAN_POINT('',(0.773351016324,5.426102032637));
#5035 = CARTESIAN_POINT('',(0.7563488621,5.472684535721));
#5036 = CARTESIAN_POINT('',(0.739321907282,5.519335667924));
#5037 = CARTESIAN_POINT('',(0.722270133473,5.5660558323));
#5038 = CARTESIAN_POINT('',(0.705193654014,5.612845284575));
#5039 = CARTESIAN_POINT('',(0.68809218193,5.659704165945));
#5040 = CARTESIAN_POINT('',(0.670964379688,5.706636096608));
#5041 = CARTESIAN_POINT('',(0.653811048355,5.75363865518));
#5042 = CARTESIAN_POINT('',(0.636632194071,5.800711474654));
#5043 = CARTESIAN_POINT('',(0.619427769412,5.847854424928));
#5044 = CARTESIAN_POINT('',(0.602197560495,5.89506788059));
#5045 = CARTESIAN_POINT('',(0.5849412755,5.94235244632));
#5046 = CARTESIAN_POINT('',(0.567658580211,5.98970884041));
#5047 = CARTESIAN_POINT('',(0.550349169113,6.037137726421));
#5048 = CARTESIAN_POINT('',(0.533012832301,6.084639594504));
#5049 = CARTESIAN_POINT('',(0.515649579518,6.132214457261));
#5050 = CARTESIAN_POINT('',(0.498259536278,6.17986216036));
#5051 = CARTESIAN_POINT('',(0.480843541227,6.227580304927));
#5052 = CARTESIAN_POINT('',(0.46339937494,6.275375094192));
#5053 = CARTESIAN_POINT('',(0.445927807242,6.323244600153));
#5054 = CARTESIAN_POINT('',(0.428429047671,6.371188322675));
#5055 = CARTESIAN_POINT('',(0.410903176797,6.419206205056));
#5056 = CARTESIAN_POINT('',(0.393350108945,6.467298658051));
#5057 = CARTESIAN_POINT('',(0.375769656383,6.515466333502));
#5058 = CARTESIAN_POINT('',(0.358161575322,6.563709970255));
#5059 = CARTESIAN_POINT('',(0.340525632576,6.612030239081));
#5060 = CARTESIAN_POINT('',(0.322861710882,6.660427513353));
#5061 = CARTESIAN_POINT('',(0.305169816596,6.708901887032));
#5062 = CARTESIAN_POINT('',(0.287450411349,6.757452183));
#5063 = CARTESIAN_POINT('',(0.269703332578,6.80607861616));
#5064 = CARTESIAN_POINT('',(0.251927565253,6.854784053422));
#5065 = CARTESIAN_POINT('',(0.234123459333,6.903567442356));
#5066 = CARTESIAN_POINT('',(0.216290792629,6.952429342941));
#5067 = CARTESIAN_POINT('',(0.198429360741,7.001370238391));
#5068 = CARTESIAN_POINT('',(0.180538911995,7.050390728741));
#5069 = CARTESIAN_POINT('',(0.162619236013,7.099491309448));
#5070 = CARTESIAN_POINT('',(0.144670343904,7.148671907155));
#5071 = CARTESIAN_POINT('',(0.12669212703,7.197932732085));
#5072 = CARTESIAN_POINT('',(0.108683987208,7.247275383919));
#5073 = CARTESIAN_POINT('',(9.064615609527E-02,7.296699185082));
#5074 = CARTESIAN_POINT('',(7.257845069932E-02,7.346204628043));
#5075 = CARTESIAN_POINT('',(5.448067164711E-02,7.395792255139));
#5076 = CARTESIAN_POINT('',(3.635259243933E-02,7.445462684709));
#5077 = CARTESIAN_POINT('',(1.819404120125E-02,7.495216412464));
#5078 = CARTESIAN_POINT('',(6.068061427032E-03,7.528441031597));
#5079 = CARTESIAN_POINT('',(0.,7.545067220016));
#5080 = ( GEOMETRIC_REPRESENTATION_CONTEXT(2) 
PARAMETRIC_REPRESENTATION_CONTEXT() REPRESENTATION_CONTEXT('2D SPACE',''
  ) );
#5081 = ORIENTED_EDGE('',*,*,#4294,.F.);
#5082 = ORIENTED_EDGE('',*,*,#4845,.F.);
#5083 = ORIENTED_EDGE('',*,*,#5084,.F.);
#5084 = EDGE_CURVE('',#5085,#4600,#5087,.T.);
#5085 = VERTEX_POINT('',#5086);
#5086 = CARTESIAN_POINT('',(-3.69386435012,-8.425879083229,
    13.260608437492));
#5087 = SURFACE_CURVE('',#5088,(#5095,#5105),.PCURVE_S1.);
#5088 = B_SPLINE_CURVE_WITH_KNOTS('',5,(#5089,#5090,#5091,#5092,#5093,
    #5094),.UNSPECIFIED.,.F.,.F.,(6,6),(0.,1.),
  .PIECEWISE_BEZIER_KNOTS.);
#5089 = CARTESIAN_POINT('',(-3.69386435012,-8.425879083229,
    13.260608437492));
#5090 = CARTESIAN_POINT('',(-3.534181878901,-8.717805758026,
    13.383789773337));
#5091 = CARTESIAN_POINT('',(-3.358673228033,-9.004586327909,
    13.505979117087));
#5092 = CARTESIAN_POINT('',(-3.167876652696,-9.285189350108,
    13.627182088665));
#5093 = CARTESIAN_POINT('',(-2.962412829942,-9.558690600975,
    13.747408326241));
#5094 = CARTESIAN_POINT('',(-2.742956158827,-9.824267358763,
    13.866667784483));
#5095 = PCURVE('',#4313,#5096);
#5096 = DEFINITIONAL_REPRESENTATION('',(#5097),#5104);
#5097 = B_SPLINE_CURVE_WITH_KNOTS('',5,(#5098,#5099,#5100,#5101,#5102,
    #5103),.UNSPECIFIED.,.F.,.F.,(6,6),(0.,1.),
  .PIECEWISE_BEZIER_KNOTS.);
#5098 = CARTESIAN_POINT('',(-8.267143150188,-0.939391562508));
#5099 = CARTESIAN_POINT('',(-8.238506563886,-0.816210226663));
#5100 = CARTESIAN_POINT('',(-8.210100702301,-0.694020882913));
#5101 = CARTESIAN_POINT('',(-8.181924232502,-0.572817911335));
#5102 = CARTESIAN_POINT('',(-8.153974879776,-0.452591673759));
#5103 = CARTESIAN_POINT('',(-8.126250299125,-0.333332215517));
#5104 = ( GEOMETRIC_REPRESENTATION_CONTEXT(2) 
PARAMETRIC_REPRESENTATION_CONTEXT() REPRESENTATION_CONTEXT('2D SPACE',''
  ) );
#5105 = PCURVE('',#4689,#5106);
#5106 = DEFINITIONAL_REPRESENTATION('',(#5107),#5114);
#5107 = B_SPLINE_CURVE_WITH_KNOTS('',5,(#5108,#5109,#5110,#5111,#5112,
    #5113),.UNSPECIFIED.,.F.,.F.,(6,6),(0.,1.),
  .PIECEWISE_BEZIER_KNOTS.);
#5108 = CARTESIAN_POINT('',(1.141271221051,8.897513584015));
#5109 = CARTESIAN_POINT('',(0.909308426395,8.866693479941));
#5110 = CARTESIAN_POINT('',(0.679213551496,8.836121703007));
#5111 = CARTESIAN_POINT('',(0.450976035402,8.805796817946));
#5112 = CARTESIAN_POINT('',(0.224577757752,8.775716374912));
#5113 = CARTESIAN_POINT('',(0.,8.745877848011));
#5114 = ( GEOMETRIC_REPRESENTATION_CONTEXT(2) 
PARAMETRIC_REPRESENTATION_CONTEXT() REPRESENTATION_CONTEXT('2D SPACE',''
  ) );
#5115 = ORIENTED_EDGE('',*,*,#5116,.F.);
#5116 = EDGE_CURVE('',#4894,#5085,#5117,.T.);
#5117 = SURFACE_CURVE('',#5118,(#5146,#5177),.PCURVE_S1.);
#5118 = B_SPLINE_CURVE_WITH_KNOTS('',6,(#5119,#5120,#5121,#5122,#5123,
    #5124,#5125,#5126,#5127,#5128,#5129,#5130,#5131,#5132,#5133,#5134,
    #5135,#5136,#5137,#5138,#5139,#5140,#5141,#5142,#5143,#5144,#5145),
  .UNSPECIFIED.,.F.,.F.,(7,5,5,5,5,7),(0.,0.275067638281,0.54803452376,
    0.574028586563,0.603022019247,1.),.UNSPECIFIED.);
#5119 = CARTESIAN_POINT('',(6.871855975279,-6.116973544894,
    13.260598481349));
#5120 = CARTESIAN_POINT('',(6.519475844828,-6.512823166364,
    13.260591640581));
#5121 = CARTESIAN_POINT('',(6.139720221753,-6.884327655774,
    13.260585034352));
#5122 = CARTESIAN_POINT('',(5.734717804056,-7.229090572239,
    13.260579396103));
#5123 = CARTESIAN_POINT('',(5.306840750962,-7.54501699395,13.26057544694
    ));
#5124 = CARTESIAN_POINT('',(4.858669714839,-7.830275221188,
    13.260573553365));
#5125 = CARTESIAN_POINT('',(3.930932021294,-8.334469980341,
    13.260573839858));
#5126 = CARTESIAN_POINT('',(3.451600295062,-8.553913227293,
    13.260575988931));
#5127 = CARTESIAN_POINT('',(2.95777678612,-8.740169594517,
    13.260580131442));
#5128 = CARTESIAN_POINT('',(2.452334287397,-8.892093836144,
    13.260585881097));
#5129 = CARTESIAN_POINT('',(1.938250312932,-9.008849482086,
    13.26059252045));
#5130 = CARTESIAN_POINT('',(1.369136388215,-9.097680430004,
    13.260599980266));
#5131 = CARTESIAN_POINT('',(1.319602604124,-9.10508085755,
    13.260600630439));
#5132 = CARTESIAN_POINT('',(1.270021005033,-9.112157624528,
    13.260601281547));
#5133 = CARTESIAN_POINT('',(1.220394234615,-9.118910346755,
    13.260601932967));
#5134 = CARTESIAN_POINT('',(1.17072494059,-9.12533866885,13.260602584079
    ));
#5135 = CARTESIAN_POINT('',(1.065570830804,-9.138250133528,
    13.260603959469));
#5136 = CARTESIAN_POINT('',(1.010076282407,-9.144654014416,
    13.260604683522));
#5137 = CARTESIAN_POINT('',(0.954535809332,-9.150653453724,
    13.260605405562));
#5138 = CARTESIAN_POINT('',(0.898953096097,-9.156248043058,
    13.260606124737));
#5139 = CARTESIAN_POINT('',(0.843331831943,-9.161437418813,
    13.260606840205));
#5140 = CARTESIAN_POINT('',(2.563229168831E-02,-9.231721628903,
    13.26061728515));
#5141 = CARTESIAN_POINT('',(-0.743058808566,-9.221206015212,
    13.260626166318));
#5142 = CARTESIAN_POINT('',(-1.508668052788,-9.133794271636,
    13.260632081435));
#5143 = CARTESIAN_POINT('',(-2.261723459692,-8.970373477732,
    13.260633246746));
#5144 = CARTESIAN_POINT('',(-2.992970288718,-8.733147950745,
    13.260630512847));
#5145 = CARTESIAN_POINT('',(-3.693477861852,-8.426079477693,
    13.260625628437));
#5146 = PCURVE('',#4313,#5147);
#5147 = DEFINITIONAL_REPRESENTATION('',(#5148),#5176);
#5148 = B_SPLINE_CURVE_WITH_KNOTS('',6,(#5149,#5150,#5151,#5152,#5153,
    #5154,#5155,#5156,#5157,#5158,#5159,#5160,#5161,#5162,#5163,#5164,
    #5165,#5166,#5167,#5168,#5169,#5170,#5171,#5172,#5173,#5174,#5175),
  .UNSPECIFIED.,.F.,.F.,(7,5,5,5,5,7),(0.,0.275067638281,0.54803452376,
    0.574028586563,0.603022019247,1.),.UNSPECIFIED.);
#5149 = CARTESIAN_POINT('',(-7.010530954742,-0.939401518651));
#5150 = CARTESIAN_POINT('',(-7.06813651686,-0.939408359419));
#5151 = CARTESIAN_POINT('',(-7.125744111997,-0.939414965648));
#5152 = CARTESIAN_POINT('',(-7.183349504414,-0.939420603897));
#5153 = CARTESIAN_POINT('',(-7.240954958782,-0.93942455306));
#5154 = CARTESIAN_POINT('',(-7.298562708927,-0.939426446635));
#5155 = CARTESIAN_POINT('',(-7.413334330491,-0.939426160142));
#5156 = CARTESIAN_POINT('',(-7.470502037465,-0.939424011069));
#5157 = CARTESIAN_POINT('',(-7.527667512167,-0.939419868558));
#5158 = CARTESIAN_POINT('',(-7.584832908676,-0.939414118903));
#5159 = CARTESIAN_POINT('',(-7.642000414337,-0.93940747955));
#5160 = CARTESIAN_POINT('',(-7.704609713593,-0.939400019734));
#5161 = CARTESIAN_POINT('',(-7.710053467496,-0.939399369561));
#5162 = CARTESIAN_POINT('',(-7.715497220635,-0.939398718453));
#5163 = CARTESIAN_POINT('',(-7.720940973009,-0.939398067033));
#5164 = CARTESIAN_POINT('',(-7.72638472462,-0.939397415921));
#5165 = CARTESIAN_POINT('',(-7.737900362925,-0.939396040531));
#5166 = CARTESIAN_POINT('',(-7.743972249447,-0.939395316478));
#5167 = CARTESIAN_POINT('',(-7.750044135039,-0.939394594438));
#5168 = CARTESIAN_POINT('',(-7.756116019706,-0.939393875263));
#5169 = CARTESIAN_POINT('',(-7.762187903453,-0.939393159795));
#5170 = CARTESIAN_POINT('',(-7.851395985213,-0.93938271485));
#5171 = CARTESIAN_POINT('',(-7.934544158741,-0.939373833682));
#5172 = CARTESIAN_POINT('',(-8.017678026284,-0.939367918565));
#5173 = CARTESIAN_POINT('',(-8.100811838751,-0.939366753254));
#5174 = CARTESIAN_POINT('',(-8.183959898517,-0.939369487153));
#5175 = CARTESIAN_POINT('',(-8.267095929989,-0.939374371563));
#5176 = ( GEOMETRIC_REPRESENTATION_CONTEXT(2) 
PARAMETRIC_REPRESENTATION_CONTEXT() REPRESENTATION_CONTEXT('2D SPACE',''
  ) );
#5177 = PCURVE('',#5178,#5311);
#5178 = B_SPLINE_SURFACE_WITH_KNOTS('',1,9,(
    (#5179,#5180,#5181,#5182,#5183,#5184,#5185,#5186,#5187,#5188,#5189
      ,#5190,#5191,#5192,#5193,#5194,#5195,#5196,#5197,#5198,#5199,#5200
      ,#5201,#5202,#5203,#5204,#5205,#5206,#5207,#5208,#5209,#5210,#5211
      ,#5212,#5213,#5214,#5215,#5216,#5217,#5218,#5219,#5220,#5221,#5222
      ,#5223,#5224,#5225,#5226,#5227,#5228,#5229,#5230,#5231,#5232,#5233
      ,#5234,#5235,#5236,#5237,#5238,#5239,#5240,#5241,#5242,#5243,#5244
      )
    ,(#5245,#5246,#5247,#5248,#5249,#5250,#5251,#5252,#5253,#5254,#5255
      ,#5256,#5257,#5258,#5259,#5260,#5261,#5262,#5263,#5264,#5265,#5266
      ,#5267,#5268,#5269,#5270,#5271,#5272,#5273,#5274,#5275,#5276,#5277
      ,#5278,#5279,#5280,#5281,#5282,#5283,#5284,#5285,#5286,#5287,#5288
      ,#5289,#5290,#5291,#5292,#5293,#5294,#5295,#5296,#5297,#5298,#5299
      ,#5300,#5301,#5302,#5303,#5304,#5305,#5306,#5307,#5308,#5309,#5310
      )),.UNSPECIFIED.,.F.,.F.,.F.,(2,2),(10,8,8,8,8,8,8,8,10),(0.,0.5),
  (0.,5.274577639062,10.549155278124,15.823732917185,21.098310556247,
    26.372888195309,31.647465834371,36.922043473433,42.196621112495),
  .UNSPECIFIED.);
#5179 = CARTESIAN_POINT('',(9.2,5.518890772069E-15,16.55));
#5180 = CARTESIAN_POINT('',(9.200000212095,-5.00979212109,
    16.333334176345));
#5181 = CARTESIAN_POINT('',(6.129231880635,-10.02155116032,
    16.116663815288));
#5182 = CARTESIAN_POINT('',(1.742462957062E-03,-12.86928902368,
    15.900006498253));
#5183 = CARTESIAN_POINT('',(-7.482219605965,-11.4799560249,
    15.683324070469));
#5184 = CARTESIAN_POINT('',(-12.67864025035,-5.198557137343,
    15.466676015191));
#5185 = CARTESIAN_POINT('',(-12.64101324837,2.413173681977,
    15.249993770098));
#5186 = CARTESIAN_POINT('',(-8.695538017812,7.898518977243,
    15.033336171052));
#5187 = CARTESIAN_POINT('',(-3.197146850971,9.975783995936,
    14.816666081977));
#5188 = CARTESIAN_POINT('',(6.644963051855,8.098301450983,14.38333405303
    ));
#5189 = CARTESIAN_POINT('',(10.992545480796,4.142814946133,
    14.16666399109));
#5190 = CARTESIAN_POINT('',(12.641665020402,-2.409752745467,
    13.950006298527));
#5191 = CARTESIAN_POINT('',(9.874586313226,-9.500818132363,
    13.733324252023));
#5192 = CARTESIAN_POINT('',(2.730736108831,-13.42817917724,
    13.516675884671));
#5193 = CARTESIAN_POINT('',(-4.739119415139,-11.96492247553,
    13.299993841747));
#5194 = CARTESIAN_POINT('',(-9.38799583833,-7.061481270688,
    13.083336143653));
#5195 = CARTESIAN_POINT('',(-10.39817101462,-1.271241069976,
    12.866666087052));
#5196 = CARTESIAN_POINT('',(-6.709716356051,8.044732858596,
    12.433334050606));
#5197 = CARTESIAN_POINT('',(-2.009636680563,11.574123390389,
    12.21666399455));
#5198 = CARTESIAN_POINT('',(4.735881208998,11.96620373928,
    12.000006294591));
#5199 = CARTESIAN_POINT('',(11.1828454876,7.919404451303,11.783324255602
    ));
#5200 = CARTESIAN_POINT('',(13.702018127928,0.166177397449,
    11.566675882097));
#5201 = CARTESIAN_POINT('',(10.864968377821,-6.897179483205,
    11.349993843159));
#5202 = CARTESIAN_POINT('',(5.177268021894,-10.54489826544,
    11.133336143113));
#5203 = CARTESIAN_POINT('',(-0.699699058358,-10.45219764138,
    10.916666087153));
#5204 = CARTESIAN_POINT('',(-9.159513993815,-5.083436214032,
    10.483334050555));
#5205 = CARTESIAN_POINT('',(-11.74568220777,0.194733966169,
    10.266663994629));
#5206 = CARTESIAN_POINT('',(-10.86683372605,6.894238719818,
    10.050006294499));
#5207 = CARTESIAN_POINT('',(-5.683673737601,12.468714966172,
    9.833324255681));
#5208 = CARTESIAN_POINT('',(2.404268230415,13.490456255494,
    9.616675882052));
#5209 = CARTESIAN_POINT('',(8.810903529906,9.380117358616,9.399993843173
    ));
#5210 = CARTESIAN_POINT('',(11.328242414282,3.109647472356,
    9.183336143112));
#5211 = CARTESIAN_POINT('',(10.135949955855,-2.645851998722,
    8.966666087153));
#5212 = CARTESIAN_POINT('',(3.277072809809,-9.949814779394,
    8.533334050555));
#5213 = CARTESIAN_POINT('',(-2.392206065052,-11.50114437723,
    8.316663994629));
#5214 = CARTESIAN_POINT('',(-8.808364386927,-9.382500710508,
    8.100006294496));
#5215 = CARTESIAN_POINT('',(-13.31287400087,-3.246596048191,
    7.883324255687));
#5216 = CARTESIAN_POINT('',(-12.80098824464,4.889541457583,
    7.666675882045));
#5217 = CARTESIAN_POINT('',(-7.562971005588,10.412496926455,
    7.44999384318));
#5218 = CARTESIAN_POINT('',(-0.931866110821,11.71027792798,
    7.233336143108));
#5219 = CARTESIAN_POINT('',(4.498274312963,9.460631189941,7.016666087155
    ));
#5220 = CARTESIAN_POINT('',(10.387638416005,1.354617467536,
    6.583334050551));
#5221 = CARTESIAN_POINT('',(10.849172773322,-4.504933071456,
    6.36666399464));
#5222 = CARTESIAN_POINT('',(7.565787929708,-10.4104493543,6.150006294495
    ));
#5223 = CARTESIAN_POINT('',(0.694506075211,-13.68541783703,
    5.933324255646));
#5224 = CARTESIAN_POINT('',(-7.201600240977,-11.65803884342,
    5.716675882137));
#5225 = CARTESIAN_POINT('',(-11.6452224283,-5.477902634206,
    5.499993843064));
#5226 = CARTESIAN_POINT('',(-11.67747100801,1.278927072251,
    5.283336143205));
#5227 = CARTESIAN_POINT('',(-8.450164847593,6.191343017096,
    5.066666087095));
#5228 = CARTESIAN_POINT('',(0.615825873853,10.457474783027,
    4.633334050667));
#5229 = CARTESIAN_POINT('',(6.458070577931,9.812863815262,4.416663994049
    ));
#5230 = CARTESIAN_POINT('',(11.64373896319,5.481053339295,4.200006295976
    ));
#5231 = CARTESIAN_POINT('',(13.573148923634,-1.882187121097,
    3.983324253043));
#5232 = CARTESIAN_POINT('',(10.102097604056,-9.258538746414,
    3.766675885676));
#5233 = CARTESIAN_POINT('',(3.198776831113,-12.46541011901,
    3.549993839206));
#5234 = CARTESIAN_POINT('',(-3.444413626254,-11.23098385672,
    3.333336146608));
#5235 = CARTESIAN_POINT('',(-7.665080308148,-7.140347202148,
    3.116666084691));
#5236 = CARTESIAN_POINT('',(-10.15684989247,2.564453275382,
    2.683334055724));
#5237 = CARTESIAN_POINT('',(-8.428929263782,8.18242772138,2.4666639667)
  );
#5238 = CARTESIAN_POINT('',(-3.202149703477,12.464543296549,
    2.250006367561));
#5239 = CARTESIAN_POINT('',(4.392202903376,12.980044475385,
    2.033324122546));
#5240 = CARTESIAN_POINT('',(10.987488896664,8.188284475408,
    1.816676067276));
#5241 = CARTESIAN_POINT('',(12.844004446483,0.806332813936,
    1.599993639395));
#5242 = CARTESIAN_POINT('',(10.386633499001,-5.487880154267,
    1.383336322477));
#5243 = CARTESIAN_POINT('',(5.577579200241,-8.867278277125,
    1.166665961344));
#5244 = CARTESIAN_POINT('',(0.57767277647,-9.181845936239,0.950000137718
    ));
#5245 = CARTESIAN_POINT('',(9.2,4.569480012411E-15,16.05));
#5246 = CARTESIAN_POINT('',(9.199999787334,-5.009792098559,
    15.833334176345));
#5247 = CARTESIAN_POINT('',(6.129233161128,-10.02155097046,
    15.616663815288));
#5248 = CARTESIAN_POINT('',(1.740004214274E-03,-12.86928974579,
    15.400006498253));
#5249 = CARTESIAN_POINT('',(-7.482216609008,-11.47995418609,
    15.183324070468));
#5250 = CARTESIAN_POINT('',(-12.67864257602,-5.198559603534,
    14.966676015192));
#5251 = CARTESIAN_POINT('',(-12.64101196238,2.413175841578,
    14.749993770098));
#5252 = CARTESIAN_POINT('',(-8.695538379769,7.898517785161,
    14.533336171053));
#5253 = CARTESIAN_POINT('',(-3.197146776377,9.975784280394,
    14.316666081977));
#5254 = CARTESIAN_POINT('',(6.644962963082,8.098301099337,13.88333405303
    ));
#5255 = CARTESIAN_POINT('',(10.992545515775,4.142816152033,
    13.66666399109));
#5256 = CARTESIAN_POINT('',(12.641665289969,-2.409755196573,
    13.450006298527));
#5257 = CARTESIAN_POINT('',(9.874585049502,-9.500814934285,
    13.233324252022));
#5258 = CARTESIAN_POINT('',(2.73073810926,-13.42818185887,
    13.016675884671));
#5259 = CARTESIAN_POINT('',(-4.739121303042,-11.96492084331,
    12.799993841746));
#5260 = CARTESIAN_POINT('',(-9.387994732308,-7.061481835971,
    12.583336143653));
#5261 = CARTESIAN_POINT('',(-10.39817128059,-1.271240945926,
    12.366666087052));
#5262 = CARTESIAN_POINT('',(-6.709716027015,8.044732706709,
    11.933334050606));
#5263 = CARTESIAN_POINT('',(-2.009637858909,11.574123648992,
    11.716663994549));
#5264 = CARTESIAN_POINT('',(4.735883667606,11.966203546735,
    11.500006294592));
#5265 = CARTESIAN_POINT('',(11.182842109002,7.919403807446,
    11.283324255601));
#5266 = CARTESIAN_POINT('',(13.702021137172,0.166178861234,
    11.066675882098));
#5267 = CARTESIAN_POINT('',(10.864966420603,-6.89718103252,
    10.849993843158));
#5268 = CARTESIAN_POINT('',(5.177268784468,-10.54489728466,
    10.633336143113));
#5269 = CARTESIAN_POINT('',(-0.699699230059,-10.45219787944,
    10.416666087153));
#5270 = CARTESIAN_POINT('',(-9.159513782959,-5.083435919261,
    9.983334050555));
#5271 = CARTESIAN_POINT('',(-11.7456826826,0.194732857123,9.766663994629
    ));
#5272 = CARTESIAN_POINT('',(-10.86683307622,6.894241098829,
    9.550006294498));
#5273 = CARTESIAN_POINT('',(-5.683673738235,12.468711526742,
    9.333324255682));
#5274 = CARTESIAN_POINT('',(2.404267356431,13.490459485748,
    9.116675882052));
#5275 = CARTESIAN_POINT('',(8.810904685036,9.380115145735,8.899993843173
    ));
#5276 = CARTESIAN_POINT('',(11.32824159377,3.10964840521,8.683336143112)
  );
#5277 = CARTESIAN_POINT('',(10.135950157533,-2.645852211994,
    8.466666087153));
#5278 = CARTESIAN_POINT('',(3.27707255977,-9.949814517038,8.033334050555
    ));
#5279 = CARTESIAN_POINT('',(-2.392205064624,-11.50114505146,
    7.816663994629));
#5280 = CARTESIAN_POINT('',(-8.808366602032,-9.3824996264,7.600006294496
    ));
#5281 = CARTESIAN_POINT('',(-13.31287062248,-3.246596693299,
    7.383324255687));
#5282 = CARTESIAN_POINT('',(-12.80099158145,4.889541204371,
    7.166675882045));
#5283 = CARTESIAN_POINT('',(-7.562968615457,10.412497646469,
    6.94999384318));
#5284 = CARTESIAN_POINT('',(-0.931867180898,11.710277296802,
    6.733336143107));
#5285 = CARTESIAN_POINT('',(4.498274560247,9.460631348083,6.516666087155
    ));
#5286 = CARTESIAN_POINT('',(10.387638111445,1.354617271089,
    6.083334050551));
#5287 = CARTESIAN_POINT('',(10.849173623065,-4.504932215098,
    5.866663994641));
#5288 = CARTESIAN_POINT('',(7.565786449746,-10.410451327,5.650006294494)
  );
#5289 = CARTESIAN_POINT('',(0.694507341926,-13.68541463939,
    5.433324255648));
#5290 = CARTESIAN_POINT('',(-7.201600617494,-11.65804216854,
    5.216675882136));
#5291 = CARTESIAN_POINT('',(-11.6452226877,-5.477900151517,
    4.999993843065));
#5292 = CARTESIAN_POINT('',(-11.67747058852,1.27892590288,4.783336143205
    ));
#5293 = CARTESIAN_POINT('',(-8.450164956597,6.191343289612,
    4.566666087095));
#5294 = CARTESIAN_POINT('',(0.61582600975,10.457474447096,4.133334050667
    ));
#5295 = CARTESIAN_POINT('',(6.45806989598,9.812864810167,3.91666399405)
  );
#5296 = CARTESIAN_POINT('',(11.64374062359,5.481051516577,3.700006295975
    ));
#5297 = CARTESIAN_POINT('',(13.573146020102,-1.882185278903,
    3.483324253044));
#5298 = CARTESIAN_POINT('',(10.102100799554,-9.258539737546,
    3.266675885675));
#5299 = CARTESIAN_POINT('',(3.198774343989,-12.46540991058,
    3.049993839207));
#5300 = CARTESIAN_POINT('',(-3.444412399158,-11.23098366204,
    2.833336146608));
#5301 = CARTESIAN_POINT('',(-7.665080596154,-7.140347259384,
    2.616666084691));
#5302 = CARTESIAN_POINT('',(-10.15684953725,2.564453348496,
    2.183334055724));
#5303 = CARTESIAN_POINT('',(-8.428930367681,8.182427224051,1.9666639667)
  );
#5304 = CARTESIAN_POINT('',(-3.202147604949,12.464544622313,
    1.750006367561));
#5305 = CARTESIAN_POINT('',(4.392200555238,12.980041902298,
    1.533324122546));
#5306 = CARTESIAN_POINT('',(10.987490461405,8.188287520652,
    1.316676067276));
#5307 = CARTESIAN_POINT('',(12.844003784063,0.806330308637,
    1.099993639395));
#5308 = CARTESIAN_POINT('',(10.386633530348,-5.487878823282,
    0.883336322478));
#5309 = CARTESIAN_POINT('',(5.577579207653,-8.867278633277,
    0.666665961344));
#5310 = CARTESIAN_POINT('',(0.577672772146,-9.181845867516,
    0.450000137718));
#5311 = DEFINITIONAL_REPRESENTATION('',(#5312),#5340);
#5312 = B_SPLINE_CURVE_WITH_KNOTS('',6,(#5313,#5314,#5315,#5316,#5317,
    #5318,#5319,#5320,#5321,#5322,#5323,#5324,#5325,#5326,#5327,#5328,
    #5329,#5330,#5331,#5332,#5333,#5334,#5335,#5336,#5337,#5338,#5339),
  .UNSPECIFIED.,.F.,.F.,(7,5,5,5,5,7),(0.,0.275067638281,0.54803452376,
    0.574028586563,0.603022019247,1.),.UNSPECIFIED.);
#5313 = CARTESIAN_POINT('',(0.5,7.545084700746));
#5314 = CARTESIAN_POINT('',(0.477086168575,7.607083094641));
#5315 = CARTESIAN_POINT('',(0.454171356259,7.66908350992));
#5316 = CARTESIAN_POINT('',(0.431256524855,7.731081360867));
#5317 = CARTESIAN_POINT('',(0.408340040211,7.793079116567));
#5318 = CARTESIAN_POINT('',(0.385420615177,7.855079266398));
#5319 = CARTESIAN_POINT('',(0.339754301265,7.978601852004));
#5320 = CARTESIAN_POINT('',(0.317005917234,8.040128415875));
#5321 = CARTESIAN_POINT('',(0.294256396583,8.101652661225));
#5322 = CARTESIAN_POINT('',(0.271505238395,8.16317698703));
#5323 = CARTESIAN_POINT('',(0.248752279614,8.224703774383));
#5324 = CARTESIAN_POINT('',(0.223833204203,8.292087494054));
#5325 = CARTESIAN_POINT('',(0.221666538106,8.297946375774));
#5326 = CARTESIAN_POINT('',(0.219499870836,8.303805258114));
#5327 = CARTESIAN_POINT('',(0.217333203027,8.309664141046));
#5328 = CARTESIAN_POINT('',(0.215166535312,8.315523024535));
#5329 = CARTESIAN_POINT('',(0.210583196717,8.327916830018));
#5330 = CARTESIAN_POINT('',(0.208166526008,8.334451752156));
#5331 = CARTESIAN_POINT('',(0.205749857074,8.340986674908));
#5332 = CARTESIAN_POINT('',(0.203333190788,8.347521598218));
#5333 = CARTESIAN_POINT('',(0.200916528013,8.354056522025));
#5334 = CARTESIAN_POINT('',(0.165410991027,8.450067606529));
#5335 = CARTESIAN_POINT('',(0.132318101187,8.539556918234));
#5336 = CARTESIAN_POINT('',(9.923383563476E-02,8.629030919464));
#5337 = CARTESIAN_POINT('',(6.615447294826E-02,8.718504503168));
#5338 = CARTESIAN_POINT('',(3.307362643005E-02,8.807992647996));
#5339 = CARTESIAN_POINT('',(0.,8.897467083866));
#5340 = ( GEOMETRIC_REPRESENTATION_CONTEXT(2) 
PARAMETRIC_REPRESENTATION_CONTEXT() REPRESENTATION_CONTEXT('2D SPACE',''
  ) );
#5341 = ADVANCED_FACE('',(#5342),#4689,.T.);
#5342 = FACE_BOUND('',#5343,.T.);
#5343 = EDGE_LOOP('',(#5344,#5345,#5346,#5440,#5585,#5687,#5795,#5907));
#5344 = ORIENTED_EDGE('',*,*,#4599,.F.);
#5345 = ORIENTED_EDGE('',*,*,#5084,.F.);
#5346 = ORIENTED_EDGE('',*,*,#5347,.T.);
#5347 = EDGE_CURVE('',#5085,#5348,#5350,.T.);
#5348 = VERTEX_POINT('',#5349);
#5349 = CARTESIAN_POINT('',(6.536293023336,-6.474321605046,
    3.739395035162));
#5350 = SURFACE_CURVE('',#5351,(#5426,#5433),.PCURVE_S1.);
#5351 = B_SPLINE_CURVE_WITH_KNOTS('',10,(#5352,#5353,#5354,#5355,#5356,
    #5357,#5358,#5359,#5360,#5361,#5362,#5363,#5364,#5365,#5366,#5367,
    #5368,#5369,#5370,#5371,#5372,#5373,#5374,#5375,#5376,#5377,#5378,
    #5379,#5380,#5381,#5382,#5383,#5384,#5385,#5386,#5387,#5388,#5389,
    #5390,#5391,#5392,#5393,#5394,#5395,#5396,#5397,#5398,#5399,#5400,
    #5401,#5402,#5403,#5404,#5405,#5406,#5407,#5408,#5409,#5410,#5411,
    #5412,#5413,#5414,#5415,#5416,#5417,#5418,#5419,#5420,#5421,#5422,
    #5423,#5424,#5425),.UNSPECIFIED.,.F.,.F.,(11,9,9,9,9,9,9,9,11),(0.,
    5.274577639062,10.549155278124,15.823732917185,21.098310556247,
    26.372888195309,31.647465834371,36.922043473433,42.196621112495),
  .UNSPECIFIED.);
#5352 = CARTESIAN_POINT('',(9.2,1.966177093268E-15,16.55));
#5353 = CARTESIAN_POINT('',(9.200000192035,-4.508812905794,
    16.355000772499));
#5354 = CARTESIAN_POINT('',(6.745006615583,-9.017858064054,
    16.159997834366));
#5355 = CARTESIAN_POINT('',(1.832694469437,-12.02100349001,
    15.965003813701));
#5356 = CARTESIAN_POINT('',(-4.4730030186,-12.0227552983,15.769996847449
    ));
#5357 = CARTESIAN_POINT('',(-10.10027978229,-8.355680616364,
    15.575000279551));
#5358 = CARTESIAN_POINT('',(-12.64795769313,-2.140930890332,
    15.380002895551));
#5359 = CARTESIAN_POINT('',(-11.46466549327,4.052741454412,
    15.184996647226));
#5360 = CARTESIAN_POINT('',(-7.594238719666,8.315313262725,
    14.990002074532));
#5361 = CARTESIAN_POINT('',(-2.705041352675,9.881909874357,
    14.794999502535));
#5362 = CARTESIAN_POINT('',(6.152857552461,8.192175573058,
    14.405000637529));
#5363 = CARTESIAN_POINT('',(10.12201522852,4.93575595585,14.209998040602
    ));
#5364 = CARTESIAN_POINT('',(12.1514911473,-0.452279086848,
    14.015003558103));
#5365 = CARTESIAN_POINT('',(10.971642083506,-6.646613467468,
    13.81999710657));
#5366 = CARTESIAN_POINT('',(6.315074819858,-11.48707452912,
    13.625000065249));
#5367 = CARTESIAN_POINT('',(-0.266981809497,-12.82509799982,
    13.430003037899));
#5368 = CARTESIAN_POINT('',(-6.129220358545,-10.50218674426,
    13.23499657408));
#5369 = CARTESIAN_POINT('',(-9.5910446362,-5.901589536524,
    13.040002101022));
#5370 = CARTESIAN_POINT('',(-10.21374828748,-0.805442371692,
    12.844999497839));
#5371 = CARTESIAN_POINT('',(-6.894139084319,7.578934158088,
    12.455000639832));
#5372 = CARTESIAN_POINT('',(-2.951653628653,10.867594949283,
    12.259998037084));
#5373 = CARTESIAN_POINT('',(2.721230366501,11.851506182544,
    12.06500356246));
#5374 = CARTESIAN_POINT('',(8.584764386017,9.531852968031,
    11.869997102155));
#5375 = CARTESIAN_POINT('',(12.466933879895,4.050754357824,11.6750000689
    ));
#5376 = CARTESIAN_POINT('',(12.547902851936,-2.665436551137,
    11.480003035473));
#5377 = CARTESIAN_POINT('',(9.167662775602,-7.988568572967,
    11.284996575329));
#5378 = CARTESIAN_POINT('',(3.999873608541,-10.52700847291,
    11.090002100569));
#5379 = CARTESIAN_POINT('',(-1.12268980804,-10.18375957536,
    10.89499949792));
#5380 = CARTESIAN_POINT('',(-8.736523242162,-5.351874281584,
    10.505000639791));
#5381 = CARTESIAN_POINT('',(-11.22844858513,-0.860900077831,
    10.309998037148));
#5382 = CARTESIAN_POINT('',(-11.13048822712,4.884387303846,
    10.115003562394));
#5383 = CARTESIAN_POINT('',(-7.756937798606,10.238924460261,
    9.919997102196));
#5384 = CARTESIAN_POINT('',(-1.639702678954,12.97958561107,
    9.725000068887));
#5385 = CARTESIAN_POINT('',(4.966922285148,11.846320703716,
    9.530003035478));
#5386 = CARTESIAN_POINT('',(9.566105237929,7.498976382833,9.334996575319
    ));
#5387 = CARTESIAN_POINT('',(11.089783902971,1.958547586055,
    9.140002100578));
#5388 = CARTESIAN_POINT('',(9.793006103261,-3.011050141617,
    8.944999497917));
#5389 = CARTESIAN_POINT('',(3.620016664279,-9.584616634852,
    8.555000639792));
#5390 = CARTESIAN_POINT('',(-1.258350286038,-11.19087847895,
    8.359998037147));
#5391 = CARTESIAN_POINT('',(-6.883516892163,-10.01809376594,
    8.165003562394));
#5392 = CARTESIAN_POINT('',(-11.51107016035,-5.700957978957,
    7.969997102196));
#5393 = CARTESIAN_POINT('',(-13.056931109,0.821472778056,7.775000068889)
  );
#5394 = CARTESIAN_POINT('',(-10.70578136807,7.098723582529,
    7.580003035473));
#5395 = CARTESIAN_POINT('',(-5.573639519422,10.801831267008,
    7.384996575325));
#5396 = CARTESIAN_POINT('',(0.154161962483,11.260348562578,
    7.190002100573));
#5397 = CARTESIAN_POINT('',(4.79274252279,9.055330507722,6.99499949792)
  );
#5398 = CARTESIAN_POINT('',(10.093170204911,1.759918151907,
    6.605000639786));
#5399 = CARTESIAN_POINT('',(10.757389002446,-3.330984985731,
    6.409998037179));
#5400 = CARTESIAN_POINT('',(8.54844948351,-8.647965363624,6.215003562303
    ));
#5401 = CARTESIAN_POINT('',(3.448062856065,-12.35577853104,
    6.019997102366));
#5402 = CARTESIAN_POINT('',(-3.259952200404,-12.69668314498,
    5.825000068669));
#5403 = CARTESIAN_POINT('',(-8.974005082653,-9.166332459962,
    5.630003035681));
#5404 = CARTESIAN_POINT('',(-11.65725089343,-3.460024598096,
    5.434996575175));
#5405 = CARTESIAN_POINT('',(-11.03148668167,2.263448224581,
    5.240002100663));
#5406 = CARTESIAN_POINT('',(-7.996865314476,6.404649610715,
    5.044999497873));
#5407 = CARTESIAN_POINT('',(0.162526338385,10.244168188569,
    4.655000639878));
#5408 = CARTESIAN_POINT('',(5.287717776665,9.942681722842,4.459998036682
    ));
#5409 = CARTESIAN_POINT('',(10.096605823256,6.776565822536,4.26500356365
    ));
#5410 = CARTESIAN_POINT('',(12.783026274726,1.071746159914,
    4.069997099786));
#5411 = CARTESIAN_POINT('',(11.860935850906,-5.581330663889,
    3.875000072498));
#5412 = CARTESIAN_POINT('',(7.322410642042,-10.53265020589,3.68000303111
    ));
#5413 = CARTESIAN_POINT('',(1.214387052903,-12.0991128899,3.484996579634
    ));
#5414 = CARTESIAN_POINT('',(-4.290450809827,-10.41196081932,
    3.290002097097));
#5415 = CARTESIAN_POINT('',(-7.789668793248,-6.655107181245,
    3.09499950019));
#5416 = CARTESIAN_POINT('',(-10.03226140687,2.079213253252,
    2.705000635168));
#5417 = CARTESIAN_POINT('',(-8.775749986992,7.057130522786,
    2.509998063222));
#5418 = CARTESIAN_POINT('',(-4.764618937147,11.187569005737,
    2.315003490397));
#5419 = CARTESIAN_POINT('',(1.342537674887,12.757428905271,
    2.119997242298));
#5420 = CARTESIAN_POINT('',(7.704987711138,10.605009043,1.924999858006)
  );
#5421 = CARTESIAN_POINT('',(11.718170938507,5.219088713908,1.7300032904)
  );
#5422 = CARTESIAN_POINT('',(12.112357786323,-1.074270697259,
    1.53499632392));
#5423 = CARTESIAN_POINT('',(9.423586049308,-6.165462086015,
    1.340002303395));
#5424 = CARTESIAN_POINT('',(5.077588561425,-8.898735042682,
    1.144999365194));
#5425 = CARTESIAN_POINT('',(0.57767277647,-9.181845936239,0.950000137718
    ));
#5426 = PCURVE('',#4689,#5427);
#5427 = DEFINITIONAL_REPRESENTATION('',(#5428),#5432);
#5428 = LINE('',#5429,#5430);
#5429 = CARTESIAN_POINT('',(1.141271221051,0.));
#5430 = VECTOR('',#5431,1.);
#5431 = DIRECTION('',(0.,1.));
#5432 = ( GEOMETRIC_REPRESENTATION_CONTEXT(2) 
PARAMETRIC_REPRESENTATION_CONTEXT() REPRESENTATION_CONTEXT('2D SPACE',''
  ) );
#5433 = PCURVE('',#5178,#5434);
#5434 = DEFINITIONAL_REPRESENTATION('',(#5435),#5439);
#5435 = LINE('',#5436,#5437);
#5436 = CARTESIAN_POINT('',(0.,0.));
#5437 = VECTOR('',#5438,1.);
#5438 = DIRECTION('',(0.,1.));
#5439 = ( GEOMETRIC_REPRESENTATION_CONTEXT(2) 
PARAMETRIC_REPRESENTATION_CONTEXT() REPRESENTATION_CONTEXT('2D SPACE',''
  ) );
#5440 = ORIENTED_EDGE('',*,*,#5441,.T.);
#5441 = EDGE_CURVE('',#5348,#5442,#5444,.T.);
#5442 = VERTEX_POINT('',#5443);
#5443 = CARTESIAN_POINT('',(-8.724768128668,5.283774392324,
    3.133337768035));
#5444 = SURFACE_CURVE('',#5445,(#5488,#5534),.PCURVE_S1.);
#5445 = B_SPLINE_CURVE_WITH_KNOTS('',6,(#5446,#5447,#5448,#5449,#5450,
    #5451,#5452,#5453,#5454,#5455,#5456,#5457,#5458,#5459,#5460,#5461,
    #5462,#5463,#5464,#5465,#5466,#5467,#5468,#5469,#5470,#5471,#5472,
    #5473,#5474,#5475,#5476,#5477,#5478,#5479,#5480,#5481,#5482,#5483,
    #5484,#5485,#5486,#5487),.UNSPECIFIED.,.F.,.F.,(7,5,5,5,5,5,5,5,7),(
    0.,0.11086118396,0.22404518111,0.341550761022,0.463491845273,
    0.589990749976,0.721140549643,0.858112858186,1.),.UNSPECIFIED.);
#5446 = CARTESIAN_POINT('',(6.536293023336,-6.474321605046,
    3.739395035162));
#5447 = CARTESIAN_POINT('',(6.184206377093,-6.857418932763,
    3.727606243898));
#5448 = CARTESIAN_POINT('',(5.806065998066,-7.216643427218,
    3.715846096223));
#5449 = CARTESIAN_POINT('',(5.40399805078,-7.549827904395,3.70411505942)
  );
#5450 = CARTESIAN_POINT('',(4.980326670766,-7.855111274487,
    3.692412398596));
#5451 = CARTESIAN_POINT('',(4.537537267455,-8.13089686986,3.680737487396
    ));
#5452 = CARTESIAN_POINT('',(3.609429486745,-8.625996720418,
    3.657200254868));
#5453 = CARTESIAN_POINT('',(3.123384928878,-8.844022386824,
    3.645338390119));
#5454 = CARTESIAN_POINT('',(2.622990643922,-9.028562813364,
    3.633505840197));
#5455 = CARTESIAN_POINT('',(2.111165967031,-9.178595163575,
    3.621701918889));
#5456 = CARTESIAN_POINT('',(1.590897760438,-9.293413585712,
    3.609926034321));
#5457 = CARTESIAN_POINT('',(0.519529469399,-9.454940129931,
    3.585983005966));
#5458 = CARTESIAN_POINT('',(-3.202635270307E-02,-9.498885824802,
    3.573817270204));
#5459 = CARTESIAN_POINT('',(-0.58599407502,-9.504095304545,
    3.561682233251));
#5460 = CARTESIAN_POINT('',(-1.138994804701,-9.470590112348,
    3.549577093908));
#5461 = CARTESIAN_POINT('',(-1.687697985927,-9.398750186364,
    3.537501085411));
#5462 = CARTESIAN_POINT('',(-2.790379901185,-9.175832646934,
    3.512953781688));
#5463 = CARTESIAN_POINT('',(-3.3438180006,-9.021857855072,3.500483842746
    ));
#5464 = CARTESIAN_POINT('',(-3.885476313853,-8.828292668612,
    3.488045602993));
#5465 = CARTESIAN_POINT('',(-4.411904123134,-8.596430084152,
    3.475638032178));
#5466 = CARTESIAN_POINT('',(-4.919838920494,-8.32791872436,
    3.463260241338));
#5467 = CARTESIAN_POINT('',(-5.910798312193,-7.71036770379,
    3.438104278627));
#5468 = CARTESIAN_POINT('',(-6.39222385403,-7.358667243605,
    3.425327384357));
#5469 = CARTESIAN_POINT('',(-6.847092522714,-6.971982268276,
    3.412583175059));
#5470 = CARTESIAN_POINT('',(-7.272385042903,-6.55295669383,
    3.399870779749));
#5471 = CARTESIAN_POINT('',(-7.665417039754,-6.104529908348,
    3.387189668296));
#5472 = CARTESIAN_POINT('',(-8.395528416691,-5.137978422043,
    3.361427182056));
#5473 = CARTESIAN_POINT('',(-8.730053070525,-4.617852503046,
    3.348347095286));
#5474 = CARTESIAN_POINT('',(-9.024876792049,-4.073240371995,
    3.335301622434));
#5475 = CARTESIAN_POINT('',(-9.277976431712,-3.508007068581,
    3.322290453146));
#5476 = CARTESIAN_POINT('',(-9.487797009742,-2.926189024195,
    3.309311110437));
#5477 = CARTESIAN_POINT('',(-9.82617646553,-1.711473079282,
    3.282841174257));
#5478 = CARTESIAN_POINT('',(-9.950731132501,-1.077390358603,
    3.269352496004));
#5479 = CARTESIAN_POINT('',(-10.02578600802,-0.434587850075,
    3.255900216837));
#5480 = CARTESIAN_POINT('',(-10.05084453075,0.212115674241,
    3.242483488376));
#5481 = CARTESIAN_POINT('',(-10.0259738985,0.857916635941,3.229100995718
    ));
#5482 = CARTESIAN_POINT('',(-9.875150479719,2.161104697415,
    3.201927532517));
#5483 = CARTESIAN_POINT('',(-9.745593952016,2.818150869025,
    3.188137587106));
#5484 = CARTESIAN_POINT('',(-9.56399684643,3.463843465199,3.17438490113)
  );
#5485 = CARTESIAN_POINT('',(-9.331846929779,4.09315014127,3.160667739025
    ));
#5486 = CARTESIAN_POINT('',(-9.051198882194,4.701290523588,
    3.146984879132));
#5487 = CARTESIAN_POINT('',(-8.72476812866,5.283774392336,3.133337768035
    ));
#5488 = PCURVE('',#4689,#5489);
#5489 = DEFINITIONAL_REPRESENTATION('',(#5490),#5533);
#5490 = B_SPLINE_CURVE_WITH_KNOTS('',6,(#5491,#5492,#5493,#5494,#5495,
    #5496,#5497,#5498,#5499,#5500,#5501,#5502,#5503,#5504,#5505,#5506,
    #5507,#5508,#5509,#5510,#5511,#5512,#5513,#5514,#5515,#5516,#5517,
    #5518,#5519,#5520,#5521,#5522,#5523,#5524,#5525,#5526,#5527,#5528,
    #5529,#5530,#5531,#5532),.UNSPECIFIED.,.F.,.F.,(7,5,5,5,5,5,5,5,7),(
    0.,0.11086118396,0.22404518111,0.341550761022,0.463491845273,
    0.589990749976,0.721140549643,0.858112858186,1.),.UNSPECIFIED.);
#5491 = CARTESIAN_POINT('',(1.141271221051,34.651554321417));
#5492 = CARTESIAN_POINT('',(1.119071564689,34.712380266218));
#5493 = CARTESIAN_POINT('',(1.096925989802,34.773058232332));
#5494 = CARTESIAN_POINT('',(1.074835475283,34.833585679793));
#5495 = CARTESIAN_POINT('',(1.052798714516,34.893966300063));
#5496 = CARTESIAN_POINT('',(1.030814499538,34.954203362766));
#5497 = CARTESIAN_POINT('',(0.986493545009,35.075643947284));
#5498 = CARTESIAN_POINT('',(0.964157672955,35.136845103244));
#5499 = CARTESIAN_POINT('',(0.941877082816,35.197894902913));
#5500 = CARTESIAN_POINT('',(0.919650281849,35.258797149272));
#5501 = CARTESIAN_POINT('',(0.89747592936,35.319555191715));
#5502 = CARTESIAN_POINT('',(0.852389518016,35.4430912382));
#5503 = CARTESIAN_POINT('',(0.829480073567,35.505862025846));
#5504 = CARTESIAN_POINT('',(0.806627794403,35.568475261281));
#5505 = CARTESIAN_POINT('',(0.783831137939,35.63093512245));
#5506 = CARTESIAN_POINT('',(0.761088881366,35.693245276632));
#5507 = CARTESIAN_POINT('',(0.714859687128,35.819905530311));
#5508 = CARTESIAN_POINT('',(0.691375294819,35.884248643271));
#5509 = CARTESIAN_POINT('',(0.667950835481,35.948427887165));
#5510 = CARTESIAN_POINT('',(0.644584891938,36.012447894367));
#5511 = CARTESIAN_POINT('',(0.621276183529,36.076312737089));
#5512 = CARTESIAN_POINT('',(0.573907060862,36.20610529326));
#5513 = CARTESIAN_POINT('',(0.549849139253,36.272026301286));
#5514 = CARTESIAN_POINT('',(0.525853904478,36.33777717839));
#5515 = CARTESIAN_POINT('',(0.501919230672,36.403363051674));
#5516 = CARTESIAN_POINT('',(0.478042822393,36.468788349548));
#5517 = CARTESIAN_POINT('',(0.429533459916,36.60170781741));
#5518 = CARTESIAN_POINT('',(0.40490270238,36.66919563234));
#5519 = CARTESIAN_POINT('',(0.380335285419,36.736507295356));
#5520 = CARTESIAN_POINT('',(0.35582853323,36.803647029758));
#5521 = CARTESIAN_POINT('',(0.331382509515,36.870621622406));
#5522 = CARTESIAN_POINT('',(0.281539038634,37.007193880199));
#5523 = CARTESIAN_POINT('',(0.256144339781,37.076782754747));
#5524 = CARTESIAN_POINT('',(0.230816353091,37.146186199491));
#5525 = CARTESIAN_POINT('',(0.205552026007,37.215410498911));
#5526 = CARTESIAN_POINT('',(0.180349892272,37.284461124885));
#5527 = CARTESIAN_POINT('',(0.12917385978,37.424673312711));
#5528 = CARTESIAN_POINT('',(0.103201808735,37.495829693385));
#5529 = CARTESIAN_POINT('',(7.729985848059E-02,37.566793915147));
#5530 = CARTESIAN_POINT('',(5.146622659857E-02,37.637572993152));
#5531 = CARTESIAN_POINT('',(2.569877249127E-02,37.708173020955));
#5532 = CARTESIAN_POINT('',(0.,37.778586821054));
#5533 = ( GEOMETRIC_REPRESENTATION_CONTEXT(2) 
PARAMETRIC_REPRESENTATION_CONTEXT() REPRESENTATION_CONTEXT('2D SPACE',''
  ) );
#5534 = PCURVE('',#5535,#5540);
#5535 = CONICAL_SURFACE('',#5536,9.1,1.025932411343);
#5536 = AXIS2_PLACEMENT_3D('',#5537,#5538,#5539);
#5537 = CARTESIAN_POINT('',(0.,-1.371604415045E-15,3.8));
#5538 = DIRECTION('',(0.,-1.224646799147E-16,-1.));
#5539 = DIRECTION('',(1.,0.,0.));
#5540 = DEFINITIONAL_REPRESENTATION('',(#5541),#5584);
#5541 = B_SPLINE_CURVE_WITH_KNOTS('',6,(#5542,#5543,#5544,#5545,#5546,
    #5547,#5548,#5549,#5550,#5551,#5552,#5553,#5554,#5555,#5556,#5557,
    #5558,#5559,#5560,#5561,#5562,#5563,#5564,#5565,#5566,#5567,#5568,
    #5569,#5570,#5571,#5572,#5573,#5574,#5575,#5576,#5577,#5578,#5579,
    #5580,#5581,#5582,#5583),.UNSPECIFIED.,.F.,.F.,(7,5,5,5,5,5,5,5,7),(
    0.,0.11086118396,0.22404518111,0.341550761022,0.463491845273,
    0.589990749976,0.721140549643,0.858112858186,1.),.UNSPECIFIED.);
#5542 = CARTESIAN_POINT('',(7.063820363575,6.060496483789E-02));
#5543 = CARTESIAN_POINT('',(7.120336909549,7.239375610227E-02));
#5544 = CARTESIAN_POINT('',(7.176716004553,8.415390377649E-02));
#5545 = CARTESIAN_POINT('',(7.232955287297,9.588494057966E-02));
#5546 = CARTESIAN_POINT('',(7.289058176522,0.107587601404));
#5547 = CARTESIAN_POINT('',(7.345027691837,0.119262512604));
#5548 = CARTESIAN_POINT('',(7.45786470654,0.142799745132));
#5549 = CARTESIAN_POINT('',(7.514730007542,0.154661609881));
#5550 = CARTESIAN_POINT('',(7.571454655501,0.166494159803));
#5551 = CARTESIAN_POINT('',(7.628042168772,0.178298081111));
#5552 = CARTESIAN_POINT('',(7.684495656316,0.190073965679));
#5553 = CARTESIAN_POINT('',(7.799279417868,0.214016994034));
#5554 = CARTESIAN_POINT('',(7.857602984248,0.226182729796));
#5555 = CARTESIAN_POINT('',(7.915780132103,0.238317766749));
#5556 = CARTESIAN_POINT('',(7.97381476095,0.250422906092));
#5557 = CARTESIAN_POINT('',(8.031710298628,0.262498914589));
#5558 = CARTESIAN_POINT('',(8.149396828605,0.287046218312));
#5559 = CARTESIAN_POINT('',(8.209181330835,0.299516157254));
#5560 = CARTESIAN_POINT('',(8.268813604304,0.311954397006));
#5561 = CARTESIAN_POINT('',(8.328297952856,0.324361967822));
#5562 = CARTESIAN_POINT('',(8.387638134638,0.336739758662));
#5563 = CARTESIAN_POINT('',(8.508235184736,0.361895721373));
#5564 = CARTESIAN_POINT('',(8.569485821067,0.374672615643));
#5565 = CARTESIAN_POINT('',(8.630578338668,0.387416824941));
#5566 = CARTESIAN_POINT('',(8.691517473917,0.400129220251));
#5567 = CARTESIAN_POINT('',(8.752307375706,0.412810331704));
#5568 = CARTESIAN_POINT('',(8.875809533034,0.438572817944));
#5569 = CARTESIAN_POINT('',(8.938515969526,0.451652904714));
#5570 = CARTESIAN_POINT('',(9.001058437662,0.464698377566));
#5571 = CARTESIAN_POINT('',(9.063442161662,0.477709546854));
#5572 = CARTESIAN_POINT('',(9.125671769755,0.490688889563));
#5573 = CARTESIAN_POINT('',(9.252568302422,0.517158825743));
#5574 = CARTESIAN_POINT('',(9.31722737467,0.5306475041));
#5575 = CARTESIAN_POINT('',(9.381713819704,0.544099782837));
#5576 = CARTESIAN_POINT('',(9.446033664246,0.557516511968));
#5577 = CARTESIAN_POINT('',(9.510192064132,0.570899004334));
#5578 = CARTESIAN_POINT('',(9.640470234923,0.598072467535));
#5579 = CARTESIAN_POINT('',(9.706585189348,0.611862412725));
#5580 = CARTESIAN_POINT('',(9.77252166823,0.625615099101));
#5581 = CARTESIAN_POINT('',(9.838286194093,0.63933226069));
#5582 = CARTESIAN_POINT('',(9.903884380756,0.653015120868));
#5583 = CARTESIAN_POINT('',(9.969309533736,0.666662231965));
#5584 = ( GEOMETRIC_REPRESENTATION_CONTEXT(2) 
PARAMETRIC_REPRESENTATION_CONTEXT() REPRESENTATION_CONTEXT('2D SPACE',''
  ) );
#5585 = ORIENTED_EDGE('',*,*,#5586,.F.);
#5586 = EDGE_CURVE('',#5587,#5442,#5589,.T.);
#5587 = VERTEX_POINT('',#5588);
#5588 = CARTESIAN_POINT('',(10.199998943553,3.949232955878E-12,
    4.600000210281));
#5589 = SURFACE_CURVE('',#5590,(#5665,#5672),.PCURVE_S1.);
#5590 = B_SPLINE_CURVE_WITH_KNOTS('',10,(#5591,#5592,#5593,#5594,#5595,
    #5596,#5597,#5598,#5599,#5600,#5601,#5602,#5603,#5604,#5605,#5606,
    #5607,#5608,#5609,#5610,#5611,#5612,#5613,#5614,#5615,#5616,#5617,
    #5618,#5619,#5620,#5621,#5622,#5623,#5624,#5625,#5626,#5627,#5628,
    #5629,#5630,#5631,#5632,#5633,#5634,#5635,#5636,#5637,#5638,#5639,
    #5640,#5641,#5642,#5643,#5644,#5645,#5646,#5647,#5648,#5649,#5650,
    #5651,#5652,#5653,#5654,#5655,#5656,#5657,#5658,#5659,#5660,#5661,
    #5662,#5663,#5664),.UNSPECIFIED.,.F.,.F.,(11,9,9,9,9,9,9,9,11),(0.,
    5.274577639062,10.549155278124,15.823732917185,21.098310556247,
    26.372888195309,31.647465834371,36.922043473433,42.196621112495),
  .UNSPECIFIED.);
#5591 = CARTESIAN_POINT('',(10.2,2.571758278209E-16,17.1));
#5592 = CARTESIAN_POINT('',(10.200000613703,-4.998902252018,16.905));
#5593 = CARTESIAN_POINT('',(7.478159146841,-9.998055319249,16.71));
#5594 = CARTESIAN_POINT('',(2.031898316618,-13.32764605049,
    16.514999999999));
#5595 = CARTESIAN_POINT('',(-4.959190539924,-13.32955870378,
    16.320000000001));
#5596 = CARTESIAN_POINT('',(-11.19815161086,-9.263924678797,
    16.124999999999));
#5597 = CARTESIAN_POINT('',(-14.02271920708,-2.373629047263,15.93));
#5598 = CARTESIAN_POINT('',(-12.71083617252,4.493251987288,15.735));
#5599 = CARTESIAN_POINT('',(-8.419694718664,9.219152820703,15.54));
#5600 = CARTESIAN_POINT('',(-2.999068618867,10.956030444043,15.345));
#5601 = CARTESIAN_POINT('',(6.821647455335,9.082629579791,14.955));
#5602 = CARTESIAN_POINT('',(11.222229591656,5.472251800289,
    14.760000000001));
#5603 = CARTESIAN_POINT('',(13.472316540767,-0.501444224937,
    14.564999999998));
#5604 = CARTESIAN_POINT('',(12.164195964924,-7.369059672469,
    14.370000000003));
#5605 = CARTESIAN_POINT('',(7.001510704964,-12.73568811034,
    14.174999999997));
#5606 = CARTESIAN_POINT('',(-0.296009988771,-14.21911191813,
    13.980000000002));
#5607 = CARTESIAN_POINT('',(-6.795437342798,-11.64374091113,13.785));
#5608 = CARTESIAN_POINT('',(-10.63354973951,-6.543061781651,13.59));
#5609 = CARTESIAN_POINT('',(-11.32393844474,-0.892991484781,13.395));
#5610 = CARTESIAN_POINT('',(-7.643501971187,8.40273239669,13.005));
#5611 = CARTESIAN_POINT('',(-3.272487043214,12.048850785976,
    12.810000000002));
#5612 = CARTESIAN_POINT('',(3.017022653628,13.139723501114,
    12.614999999996));
#5613 = CARTESIAN_POINT('',(9.517876396304,10.567910519576,
    12.420000000006));
#5614 = CARTESIAN_POINT('',(13.82205634053,4.491064723911,
    12.224999999995));
#5615 = CARTESIAN_POINT('',(13.91178561271,-2.955162723417,
    12.030000000002));
#5616 = CARTESIAN_POINT('',(10.164160265488,-8.856890942606,11.835));
#5617 = CARTESIAN_POINT('',(4.434637639883,-11.67124785752,
    11.639999999999));
#5618 = CARTESIAN_POINT('',(-1.244720321545,-11.29069028058,11.445));
#5619 = CARTESIAN_POINT('',(-9.686146351958,-5.933599494642,
    11.054999999999));
#5620 = CARTESIAN_POINT('',(-12.44892862781,-0.954476529731,
    10.860000000003));
#5621 = CARTESIAN_POINT('',(-12.3403298441,5.415298329273,
    10.664999999995));
#5622 = CARTESIAN_POINT('',(-8.60007877509,11.351853078224,
    10.470000000003));
#5623 = CARTESIAN_POINT('',(-1.817930442877,14.39040882668,
    10.275000000001));
#5624 = CARTESIAN_POINT('',(5.506800147317,13.133962840826,
    10.079999999998));
#5625 = CARTESIAN_POINT('',(10.605904124384,8.314085953743,
    9.885000000001));
#5626 = CARTESIAN_POINT('',(12.295193010515,2.171430520291,9.69));
#5627 = CARTESIAN_POINT('',(10.8574637844,-3.338337289932,9.495));
#5628 = CARTESIAN_POINT('',(4.013496297818,-10.62642374375,
    9.104999999999));
#5629 = CARTESIAN_POINT('',(-1.395126485192,-12.40727494321,
    8.910000000004));
#5630 = CARTESIAN_POINT('',(-7.631725736346,-11.10702295584,
    8.714999999994));
#5631 = CARTESIAN_POINT('',(-12.7622746173,-6.320622583251,
    8.520000000005));
#5632 = CARTESIAN_POINT('',(-14.47616131943,0.910763826618,
    8.324999999999));
#5633 = CARTESIAN_POINT('',(-11.86945279932,7.870318799856,
    8.129999999998));
#5634 = CARTESIAN_POINT('',(-6.179472376625,11.975948759423,
    7.935000000002));
#5635 = CARTESIAN_POINT('',(0.170920913468,12.484296844901,
    7.739999999999));
#5636 = CARTESIAN_POINT('',(5.313691995522,10.039606220747,
    7.545000000001));
#5637 = CARTESIAN_POINT('',(11.190254776696,1.951212993743,
    7.154999999998));
#5638 = CARTESIAN_POINT('',(11.926667432768,-3.693044903432,
    6.96000000001));
#5639 = CARTESIAN_POINT('',(9.477633906507,-9.587972408816,
    6.764999999976));
#5640 = CARTESIAN_POINT('',(3.82284876143,-13.69877845622,6.570000000039
    ));
#5641 = CARTESIAN_POINT('',(-3.614296787311,-14.07678097321,
    6.374999999956));
#5642 = CARTESIAN_POINT('',(-9.949433909097,-10.16265371569,
    6.180000000035));
#5643 = CARTESIAN_POINT('',(-12.92434977466,-3.836124864145,
    5.984999999981));
#5644 = CARTESIAN_POINT('',(-12.23055816504,2.509478934034,
    5.790000000007));
#5645 = CARTESIAN_POINT('',(-8.86609060155,7.100806513093,5.594999999999
    ));
#5646 = CARTESIAN_POINT('',(0.180193003395,11.357665455302,
    5.205000000001));
#5647 = CARTESIAN_POINT('',(5.862465547196,11.023405754394,
    5.009999999998));
#5648 = CARTESIAN_POINT('',(11.194074558067,7.513152078317,
    4.815000000006));
#5649 = CARTESIAN_POINT('',(14.172465854495,1.188240486338,
    4.619999999989));
#5650 = CARTESIAN_POINT('',(13.150190797993,-6.188003381264,
    4.425000000015));
#5651 = CARTESIAN_POINT('',(8.118307173176,-11.67749349033,
    4.229999999985));
#5652 = CARTESIAN_POINT('',(1.3463948954,-13.414242131,4.03500000001));
#5653 = CARTESIAN_POINT('',(-4.756807230053,-11.54369189045,
    3.839999999995));
#5654 = CARTESIAN_POINT('',(-8.636371419782,-7.378489304487,
    3.645000000002));
#5655 = CARTESIAN_POINT('',(-11.12272517309,2.305215577253,
    3.254999999998));
#5656 = CARTESIAN_POINT('',(-9.729634430265,7.824205405402,
    3.060000000011));
#5657 = CARTESIAN_POINT('',(-5.28251309567,12.40362109296,2.864999999973
    ));
#5658 = CARTESIAN_POINT('',(1.48846180733,14.144086472261,2.670000000044
    ));
#5659 = CARTESIAN_POINT('',(8.542496859911,11.757748726428,2.47499999995
    ));
#5660 = CARTESIAN_POINT('',(12.991872055756,5.786365347925,2.28000000004
    ));
#5661 = CARTESIAN_POINT('',(13.428928259613,-1.191031582789,
    2.084999999977));
#5662 = CARTESIAN_POINT('',(10.44788458586,-6.835623420582,
    1.890000000009));
#5663 = CARTESIAN_POINT('',(5.629501338618,-9.865988457258,
    1.694999999998));
#5664 = CARTESIAN_POINT('',(0.640463306117,-10.17987273992,1.5));
#5665 = PCURVE('',#4689,#5666);
#5666 = DEFINITIONAL_REPRESENTATION('',(#5667),#5671);
#5667 = LINE('',#5668,#5669);
#5668 = CARTESIAN_POINT('',(0.,0.));
#5669 = VECTOR('',#5670,1.);
#5670 = DIRECTION('',(0.,1.));
#5671 = ( GEOMETRIC_REPRESENTATION_CONTEXT(2) 
PARAMETRIC_REPRESENTATION_CONTEXT() REPRESENTATION_CONTEXT('2D SPACE',''
  ) );
#5672 = PCURVE('',#5673,#5678);
#5673 = CYLINDRICAL_SURFACE('',#5674,10.2);
#5674 = AXIS2_PLACEMENT_3D('',#5675,#5676,#5677);
#5675 = CARTESIAN_POINT('',(0.,0.,15.));
#5676 = DIRECTION('',(0.,1.224646799147E-16,1.));
#5677 = DIRECTION('',(1.,0.,0.));
#5678 = DEFINITIONAL_REPRESENTATION('',(#5679),#5686);
#5679 = B_SPLINE_CURVE_WITH_KNOTS('',5,(#5680,#5681,#5682,#5683,#5684,
    #5685),.UNSPECIFIED.,.F.,.F.,(6,6),(33.811394553401,37.778586821052)
  ,.PIECEWISE_BEZIER_KNOTS.);
#5680 = CARTESIAN_POINT('',(6.28318530718,-10.39999978972));
#5681 = CARTESIAN_POINT('',(5.545959766856,-10.69333227816));
#5682 = CARTESIAN_POINT('',(4.808739294894,-10.98666476661));
#5683 = CARTESIAN_POINT('',(4.071509135506,-11.27999725506));
#5684 = CARTESIAN_POINT('',(3.334285813226,-11.57332974351));
#5685 = CARTESIAN_POINT('',(2.597061080625,-11.86666223196));
#5686 = ( GEOMETRIC_REPRESENTATION_CONTEXT(2) 
PARAMETRIC_REPRESENTATION_CONTEXT() REPRESENTATION_CONTEXT('2D SPACE',''
  ) );
#5687 = ORIENTED_EDGE('',*,*,#5688,.F.);
#5688 = EDGE_CURVE('',#5689,#5587,#5691,.T.);
#5689 = VERTEX_POINT('',#5690);
#5690 = CARTESIAN_POINT('',(10.199997914109,-1.189572241137E-12,
    7.099999986758));
#5691 = SURFACE_CURVE('',#5692,(#5767,#5774),.PCURVE_S1.);
#5692 = B_SPLINE_CURVE_WITH_KNOTS('',10,(#5693,#5694,#5695,#5696,#5697,
    #5698,#5699,#5700,#5701,#5702,#5703,#5704,#5705,#5706,#5707,#5708,
    #5709,#5710,#5711,#5712,#5713,#5714,#5715,#5716,#5717,#5718,#5719,
    #5720,#5721,#5722,#5723,#5724,#5725,#5726,#5727,#5728,#5729,#5730,
    #5731,#5732,#5733,#5734,#5735,#5736,#5737,#5738,#5739,#5740,#5741,
    #5742,#5743,#5744,#5745,#5746,#5747,#5748,#5749,#5750,#5751,#5752,
    #5753,#5754,#5755,#5756,#5757,#5758,#5759,#5760,#5761,#5762,#5763,
    #5764,#5765,#5766),.UNSPECIFIED.,.F.,.F.,(11,9,9,9,9,9,9,9,11),(0.,
    5.274577639062,10.549155278124,15.823732917185,21.098310556247,
    26.372888195309,31.647465834371,36.922043473433,42.196621112495),
  .UNSPECIFIED.);
#5693 = CARTESIAN_POINT('',(10.2,2.571758278209E-16,17.1));
#5694 = CARTESIAN_POINT('',(10.200000613703,-4.998902252018,16.905));
#5695 = CARTESIAN_POINT('',(7.478159146841,-9.998055319249,16.71));
#5696 = CARTESIAN_POINT('',(2.031898316618,-13.32764605049,
    16.514999999999));
#5697 = CARTESIAN_POINT('',(-4.959190539924,-13.32955870378,
    16.320000000001));
#5698 = CARTESIAN_POINT('',(-11.19815161086,-9.263924678797,
    16.124999999999));
#5699 = CARTESIAN_POINT('',(-14.02271920708,-2.373629047263,15.93));
#5700 = CARTESIAN_POINT('',(-12.71083617252,4.493251987288,15.735));
#5701 = CARTESIAN_POINT('',(-8.419694718664,9.219152820703,15.54));
#5702 = CARTESIAN_POINT('',(-2.999068618867,10.956030444043,15.345));
#5703 = CARTESIAN_POINT('',(6.821647455335,9.082629579791,14.955));
#5704 = CARTESIAN_POINT('',(11.222229591656,5.472251800289,
    14.760000000001));
#5705 = CARTESIAN_POINT('',(13.472316540767,-0.501444224937,
    14.564999999998));
#5706 = CARTESIAN_POINT('',(12.164195964924,-7.369059672469,
    14.370000000003));
#5707 = CARTESIAN_POINT('',(7.001510704964,-12.73568811034,
    14.174999999997));
#5708 = CARTESIAN_POINT('',(-0.296009988771,-14.21911191813,
    13.980000000002));
#5709 = CARTESIAN_POINT('',(-6.795437342798,-11.64374091113,13.785));
#5710 = CARTESIAN_POINT('',(-10.63354973951,-6.543061781651,13.59));
#5711 = CARTESIAN_POINT('',(-11.32393844474,-0.892991484781,13.395));
#5712 = CARTESIAN_POINT('',(-7.643501971187,8.40273239669,13.005));
#5713 = CARTESIAN_POINT('',(-3.272487043214,12.048850785976,
    12.810000000002));
#5714 = CARTESIAN_POINT('',(3.017022653628,13.139723501114,
    12.614999999996));
#5715 = CARTESIAN_POINT('',(9.517876396304,10.567910519576,
    12.420000000006));
#5716 = CARTESIAN_POINT('',(13.82205634053,4.491064723911,
    12.224999999995));
#5717 = CARTESIAN_POINT('',(13.91178561271,-2.955162723417,
    12.030000000002));
#5718 = CARTESIAN_POINT('',(10.164160265488,-8.856890942606,11.835));
#5719 = CARTESIAN_POINT('',(4.434637639883,-11.67124785752,
    11.639999999999));
#5720 = CARTESIAN_POINT('',(-1.244720321545,-11.29069028058,11.445));
#5721 = CARTESIAN_POINT('',(-9.686146351958,-5.933599494642,
    11.054999999999));
#5722 = CARTESIAN_POINT('',(-12.44892862781,-0.954476529731,
    10.860000000003));
#5723 = CARTESIAN_POINT('',(-12.3403298441,5.415298329273,
    10.664999999995));
#5724 = CARTESIAN_POINT('',(-8.60007877509,11.351853078224,
    10.470000000003));
#5725 = CARTESIAN_POINT('',(-1.817930442877,14.39040882668,
    10.275000000001));
#5726 = CARTESIAN_POINT('',(5.506800147317,13.133962840826,
    10.079999999998));
#5727 = CARTESIAN_POINT('',(10.605904124384,8.314085953743,
    9.885000000001));
#5728 = CARTESIAN_POINT('',(12.295193010515,2.171430520291,9.69));
#5729 = CARTESIAN_POINT('',(10.8574637844,-3.338337289932,9.495));
#5730 = CARTESIAN_POINT('',(4.013496297818,-10.62642374375,
    9.104999999999));
#5731 = CARTESIAN_POINT('',(-1.395126485192,-12.40727494321,
    8.910000000004));
#5732 = CARTESIAN_POINT('',(-7.631725736346,-11.10702295584,
    8.714999999994));
#5733 = CARTESIAN_POINT('',(-12.7622746173,-6.320622583251,
    8.520000000005));
#5734 = CARTESIAN_POINT('',(-14.47616131943,0.910763826618,
    8.324999999999));
#5735 = CARTESIAN_POINT('',(-11.86945279932,7.870318799856,
    8.129999999998));
#5736 = CARTESIAN_POINT('',(-6.179472376625,11.975948759423,
    7.935000000002));
#5737 = CARTESIAN_POINT('',(0.170920913468,12.484296844901,
    7.739999999999));
#5738 = CARTESIAN_POINT('',(5.313691995522,10.039606220747,
    7.545000000001));
#5739 = CARTESIAN_POINT('',(11.190254776696,1.951212993743,
    7.154999999998));
#5740 = CARTESIAN_POINT('',(11.926667432768,-3.693044903432,
    6.96000000001));
#5741 = CARTESIAN_POINT('',(9.477633906507,-9.587972408816,
    6.764999999976));
#5742 = CARTESIAN_POINT('',(3.82284876143,-13.69877845622,6.570000000039
    ));
#5743 = CARTESIAN_POINT('',(-3.614296787311,-14.07678097321,
    6.374999999956));
#5744 = CARTESIAN_POINT('',(-9.949433909097,-10.16265371569,
    6.180000000035));
#5745 = CARTESIAN_POINT('',(-12.92434977466,-3.836124864145,
    5.984999999981));
#5746 = CARTESIAN_POINT('',(-12.23055816504,2.509478934034,
    5.790000000007));
#5747 = CARTESIAN_POINT('',(-8.86609060155,7.100806513093,5.594999999999
    ));
#5748 = CARTESIAN_POINT('',(0.180193003395,11.357665455302,
    5.205000000001));
#5749 = CARTESIAN_POINT('',(5.862465547196,11.023405754394,
    5.009999999998));
#5750 = CARTESIAN_POINT('',(11.194074558067,7.513152078317,
    4.815000000006));
#5751 = CARTESIAN_POINT('',(14.172465854495,1.188240486338,
    4.619999999989));
#5752 = CARTESIAN_POINT('',(13.150190797993,-6.188003381264,
    4.425000000015));
#5753 = CARTESIAN_POINT('',(8.118307173176,-11.67749349033,
    4.229999999985));
#5754 = CARTESIAN_POINT('',(1.3463948954,-13.414242131,4.03500000001));
#5755 = CARTESIAN_POINT('',(-4.756807230053,-11.54369189045,
    3.839999999995));
#5756 = CARTESIAN_POINT('',(-8.636371419782,-7.378489304487,
    3.645000000002));
#5757 = CARTESIAN_POINT('',(-11.12272517309,2.305215577253,
    3.254999999998));
#5758 = CARTESIAN_POINT('',(-9.729634430265,7.824205405402,
    3.060000000011));
#5759 = CARTESIAN_POINT('',(-5.28251309567,12.40362109296,2.864999999973
    ));
#5760 = CARTESIAN_POINT('',(1.48846180733,14.144086472261,2.670000000044
    ));
#5761 = CARTESIAN_POINT('',(8.542496859911,11.757748726428,2.47499999995
    ));
#5762 = CARTESIAN_POINT('',(12.991872055756,5.786365347925,2.28000000004
    ));
#5763 = CARTESIAN_POINT('',(13.428928259613,-1.191031582789,
    2.084999999977));
#5764 = CARTESIAN_POINT('',(10.44788458586,-6.835623420582,
    1.890000000009));
#5765 = CARTESIAN_POINT('',(5.629501338618,-9.865988457258,
    1.694999999998));
#5766 = CARTESIAN_POINT('',(0.640463306117,-10.17987273992,1.5));
#5767 = PCURVE('',#4689,#5768);
#5768 = DEFINITIONAL_REPRESENTATION('',(#5769),#5773);
#5769 = LINE('',#5770,#5771);
#5770 = CARTESIAN_POINT('',(0.,0.));
#5771 = VECTOR('',#5772,1.);
#5772 = DIRECTION('',(0.,1.));
#5773 = ( GEOMETRIC_REPRESENTATION_CONTEXT(2) 
PARAMETRIC_REPRESENTATION_CONTEXT() REPRESENTATION_CONTEXT('2D SPACE',''
  ) );
#5774 = PCURVE('',#5775,#5780);
#5775 = CYLINDRICAL_SURFACE('',#5776,10.2);
#5776 = AXIS2_PLACEMENT_3D('',#5777,#5778,#5779);
#5777 = CARTESIAN_POINT('',(0.,0.,15.));
#5778 = DIRECTION('',(0.,1.224646799147E-16,1.));
#5779 = DIRECTION('',(1.,0.,0.));
#5780 = DEFINITIONAL_REPRESENTATION('',(#5781),#5794);
#5781 = B_SPLINE_CURVE_WITH_KNOTS('',6,(#5782,#5783,#5784,#5785,#5786,
    #5787,#5788,#5789,#5790,#5791,#5792,#5793),.UNSPECIFIED.,.F.,.F.,(7,
    5,7),(27.049116133571,30.430255343486,33.811394553401),
  .UNSPECIFIED.);
#5782 = CARTESIAN_POINT('',(6.28318530718,-7.900000013242));
#5783 = CARTESIAN_POINT('',(5.75958699019,-8.108333327948));
#5784 = CARTESIAN_POINT('',(5.235987360496,-8.316666642655));
#5785 = CARTESIAN_POINT('',(4.712388385014,-8.524999957361));
#5786 = CARTESIAN_POINT('',(4.188791744366,-8.733333272068));
#5787 = CARTESIAN_POINT('',(3.665191047248,-8.941666586774));
#5788 = CARTESIAN_POINT('',(2.617994580672,-9.358333216187));
#5789 = CARTESIAN_POINT('',(2.094394669029,-9.566666530894));
#5790 = CARTESIAN_POINT('',(1.570796797237,-9.7749998456));
#5791 = CARTESIAN_POINT('',(1.047199030436,-9.983333160307));
#5792 = CARTESIAN_POINT('',(0.523599146191,-10.19166647501));
#5793 = CARTESIAN_POINT('',(5.56887869152E-13,-10.39999978971));
#5794 = ( GEOMETRIC_REPRESENTATION_CONTEXT(2) 
PARAMETRIC_REPRESENTATION_CONTEXT() REPRESENTATION_CONTEXT('2D SPACE',''
  ) );
#5795 = ORIENTED_EDGE('',*,*,#5796,.F.);
#5796 = EDGE_CURVE('',#5797,#5689,#5799,.T.);
#5797 = VERTEX_POINT('',#5798);
#5798 = CARTESIAN_POINT('',(10.199998871932,-7.124950147016E-11,
    9.600001516593));
#5799 = SURFACE_CURVE('',#5800,(#5875,#5882),.PCURVE_S1.);
#5800 = B_SPLINE_CURVE_WITH_KNOTS('',10,(#5801,#5802,#5803,#5804,#5805,
    #5806,#5807,#5808,#5809,#5810,#5811,#5812,#5813,#5814,#5815,#5816,
    #5817,#5818,#5819,#5820,#5821,#5822,#5823,#5824,#5825,#5826,#5827,
    #5828,#5829,#5830,#5831,#5832,#5833,#5834,#5835,#5836,#5837,#5838,
    #5839,#5840,#5841,#5842,#5843,#5844,#5845,#5846,#5847,#5848,#5849,
    #5850,#5851,#5852,#5853,#5854,#5855,#5856,#5857,#5858,#5859,#5860,
    #5861,#5862,#5863,#5864,#5865,#5866,#5867,#5868,#5869,#5870,#5871,
    #5872,#5873,#5874),.UNSPECIFIED.,.F.,.F.,(11,9,9,9,9,9,9,9,11),(0.,
    5.274577639062,10.549155278124,15.823732917185,21.098310556247,
    26.372888195309,31.647465834371,36.922043473433,42.196621112495),
  .UNSPECIFIED.);
#5801 = CARTESIAN_POINT('',(10.2,2.571758278209E-16,17.1));
#5802 = CARTESIAN_POINT('',(10.200000613703,-4.998902252018,16.905));
#5803 = CARTESIAN_POINT('',(7.478159146841,-9.998055319249,16.71));
#5804 = CARTESIAN_POINT('',(2.031898316618,-13.32764605049,
    16.514999999999));
#5805 = CARTESIAN_POINT('',(-4.959190539924,-13.32955870378,
    16.320000000001));
#5806 = CARTESIAN_POINT('',(-11.19815161086,-9.263924678797,
    16.124999999999));
#5807 = CARTESIAN_POINT('',(-14.02271920708,-2.373629047263,15.93));
#5808 = CARTESIAN_POINT('',(-12.71083617252,4.493251987288,15.735));
#5809 = CARTESIAN_POINT('',(-8.419694718664,9.219152820703,15.54));
#5810 = CARTESIAN_POINT('',(-2.999068618867,10.956030444043,15.345));
#5811 = CARTESIAN_POINT('',(6.821647455335,9.082629579791,14.955));
#5812 = CARTESIAN_POINT('',(11.222229591656,5.472251800289,
    14.760000000001));
#5813 = CARTESIAN_POINT('',(13.472316540767,-0.501444224937,
    14.564999999998));
#5814 = CARTESIAN_POINT('',(12.164195964924,-7.369059672469,
    14.370000000003));
#5815 = CARTESIAN_POINT('',(7.001510704964,-12.73568811034,
    14.174999999997));
#5816 = CARTESIAN_POINT('',(-0.296009988771,-14.21911191813,
    13.980000000002));
#5817 = CARTESIAN_POINT('',(-6.795437342798,-11.64374091113,13.785));
#5818 = CARTESIAN_POINT('',(-10.63354973951,-6.543061781651,13.59));
#5819 = CARTESIAN_POINT('',(-11.32393844474,-0.892991484781,13.395));
#5820 = CARTESIAN_POINT('',(-7.643501971187,8.40273239669,13.005));
#5821 = CARTESIAN_POINT('',(-3.272487043214,12.048850785976,
    12.810000000002));
#5822 = CARTESIAN_POINT('',(3.017022653628,13.139723501114,
    12.614999999996));
#5823 = CARTESIAN_POINT('',(9.517876396304,10.567910519576,
    12.420000000006));
#5824 = CARTESIAN_POINT('',(13.82205634053,4.491064723911,
    12.224999999995));
#5825 = CARTESIAN_POINT('',(13.91178561271,-2.955162723417,
    12.030000000002));
#5826 = CARTESIAN_POINT('',(10.164160265488,-8.856890942606,11.835));
#5827 = CARTESIAN_POINT('',(4.434637639883,-11.67124785752,
    11.639999999999));
#5828 = CARTESIAN_POINT('',(-1.244720321545,-11.29069028058,11.445));
#5829 = CARTESIAN_POINT('',(-9.686146351958,-5.933599494642,
    11.054999999999));
#5830 = CARTESIAN_POINT('',(-12.44892862781,-0.954476529731,
    10.860000000003));
#5831 = CARTESIAN_POINT('',(-12.3403298441,5.415298329273,
    10.664999999995));
#5832 = CARTESIAN_POINT('',(-8.60007877509,11.351853078224,
    10.470000000003));
#5833 = CARTESIAN_POINT('',(-1.817930442877,14.39040882668,
    10.275000000001));
#5834 = CARTESIAN_POINT('',(5.506800147317,13.133962840826,
    10.079999999998));
#5835 = CARTESIAN_POINT('',(10.605904124384,8.314085953743,
    9.885000000001));
#5836 = CARTESIAN_POINT('',(12.295193010515,2.171430520291,9.69));
#5837 = CARTESIAN_POINT('',(10.8574637844,-3.338337289932,9.495));
#5838 = CARTESIAN_POINT('',(4.013496297818,-10.62642374375,
    9.104999999999));
#5839 = CARTESIAN_POINT('',(-1.395126485192,-12.40727494321,
    8.910000000004));
#5840 = CARTESIAN_POINT('',(-7.631725736346,-11.10702295584,
    8.714999999994));
#5841 = CARTESIAN_POINT('',(-12.7622746173,-6.320622583251,
    8.520000000005));
#5842 = CARTESIAN_POINT('',(-14.47616131943,0.910763826618,
    8.324999999999));
#5843 = CARTESIAN_POINT('',(-11.86945279932,7.870318799856,
    8.129999999998));
#5844 = CARTESIAN_POINT('',(-6.179472376625,11.975948759423,
    7.935000000002));
#5845 = CARTESIAN_POINT('',(0.170920913468,12.484296844901,
    7.739999999999));
#5846 = CARTESIAN_POINT('',(5.313691995522,10.039606220747,
    7.545000000001));
#5847 = CARTESIAN_POINT('',(11.190254776696,1.951212993743,
    7.154999999998));
#5848 = CARTESIAN_POINT('',(11.926667432768,-3.693044903432,
    6.96000000001));
#5849 = CARTESIAN_POINT('',(9.477633906507,-9.587972408816,
    6.764999999976));
#5850 = CARTESIAN_POINT('',(3.82284876143,-13.69877845622,6.570000000039
    ));
#5851 = CARTESIAN_POINT('',(-3.614296787311,-14.07678097321,
    6.374999999956));
#5852 = CARTESIAN_POINT('',(-9.949433909097,-10.16265371569,
    6.180000000035));
#5853 = CARTESIAN_POINT('',(-12.92434977466,-3.836124864145,
    5.984999999981));
#5854 = CARTESIAN_POINT('',(-12.23055816504,2.509478934034,
    5.790000000007));
#5855 = CARTESIAN_POINT('',(-8.86609060155,7.100806513093,5.594999999999
    ));
#5856 = CARTESIAN_POINT('',(0.180193003395,11.357665455302,
    5.205000000001));
#5857 = CARTESIAN_POINT('',(5.862465547196,11.023405754394,
    5.009999999998));
#5858 = CARTESIAN_POINT('',(11.194074558067,7.513152078317,
    4.815000000006));
#5859 = CARTESIAN_POINT('',(14.172465854495,1.188240486338,
    4.619999999989));
#5860 = CARTESIAN_POINT('',(13.150190797993,-6.188003381264,
    4.425000000015));
#5861 = CARTESIAN_POINT('',(8.118307173176,-11.67749349033,
    4.229999999985));
#5862 = CARTESIAN_POINT('',(1.3463948954,-13.414242131,4.03500000001));
#5863 = CARTESIAN_POINT('',(-4.756807230053,-11.54369189045,
    3.839999999995));
#5864 = CARTESIAN_POINT('',(-8.636371419782,-7.378489304487,
    3.645000000002));
#5865 = CARTESIAN_POINT('',(-11.12272517309,2.305215577253,
    3.254999999998));
#5866 = CARTESIAN_POINT('',(-9.729634430265,7.824205405402,
    3.060000000011));
#5867 = CARTESIAN_POINT('',(-5.28251309567,12.40362109296,2.864999999973
    ));
#5868 = CARTESIAN_POINT('',(1.48846180733,14.144086472261,2.670000000044
    ));
#5869 = CARTESIAN_POINT('',(8.542496859911,11.757748726428,2.47499999995
    ));
#5870 = CARTESIAN_POINT('',(12.991872055756,5.786365347925,2.28000000004
    ));
#5871 = CARTESIAN_POINT('',(13.428928259613,-1.191031582789,
    2.084999999977));
#5872 = CARTESIAN_POINT('',(10.44788458586,-6.835623420582,
    1.890000000009));
#5873 = CARTESIAN_POINT('',(5.629501338618,-9.865988457258,
    1.694999999998));
#5874 = CARTESIAN_POINT('',(0.640463306117,-10.17987273992,1.5));
#5875 = PCURVE('',#4689,#5876);
#5876 = DEFINITIONAL_REPRESENTATION('',(#5877),#5881);
#5877 = LINE('',#5878,#5879);
#5878 = CARTESIAN_POINT('',(0.,0.));
#5879 = VECTOR('',#5880,1.);
#5880 = DIRECTION('',(0.,1.));
#5881 = ( GEOMETRIC_REPRESENTATION_CONTEXT(2) 
PARAMETRIC_REPRESENTATION_CONTEXT() REPRESENTATION_CONTEXT('2D SPACE',''
  ) );
#5882 = PCURVE('',#5883,#5888);
#5883 = CYLINDRICAL_SURFACE('',#5884,10.2);
#5884 = AXIS2_PLACEMENT_3D('',#5885,#5886,#5887);
#5885 = CARTESIAN_POINT('',(0.,0.,15.));
#5886 = DIRECTION('',(0.,1.224646799147E-16,1.));
#5887 = DIRECTION('',(1.,0.,0.));
#5888 = DEFINITIONAL_REPRESENTATION('',(#5889),#5906);
#5889 = B_SPLINE_CURVE_WITH_KNOTS('',8,(#5890,#5891,#5892,#5893,#5894,
    #5895,#5896,#5897,#5898,#5899,#5900,#5901,#5902,#5903,#5904,#5905),
  .UNSPECIFIED.,.F.,.F.,(9,7,9),(20.286832971059,23.667974552315,
    27.049116133571),.UNSPECIFIED.);
#5890 = CARTESIAN_POINT('',(6.283185307172,-5.399998483405));
#5891 = CARTESIAN_POINT('',(5.890497284829,-5.55624857902));
#5892 = CARTESIAN_POINT('',(5.497877673333,-5.712498674631));
#5893 = CARTESIAN_POINT('',(5.104845030874,-5.868748770248));
#5894 = CARTESIAN_POINT('',(4.712658407901,-6.02499886584));
#5895 = CARTESIAN_POINT('',(4.319565622442,-6.181248961482));
#5896 = CARTESIAN_POINT('',(3.927011471465,-6.337499057086));
#5897 = CARTESIAN_POINT('',(3.53429290313,-6.493749152708));
#5898 = CARTESIAN_POINT('',(2.748896555161,-6.806249343938));
#5899 = CARTESIAN_POINT('',(2.356166643855,-6.962499439554));
#5900 = CARTESIAN_POINT('',(1.963629649377,-7.118749535151));
#5901 = CARTESIAN_POINT('',(1.570581716926,-7.27499963079));
#5902 = CARTESIAN_POINT('',(1.178247581999,-7.431249726371));
#5903 = CARTESIAN_POINT('',(0.785365425767,-7.587499822013));
#5904 = CARTESIAN_POINT('',(0.39269901316,-7.743749917627));
#5905 = CARTESIAN_POINT('',(6.353634815923E-13,-7.900000013242));
#5906 = ( GEOMETRIC_REPRESENTATION_CONTEXT(2) 
PARAMETRIC_REPRESENTATION_CONTEXT() REPRESENTATION_CONTEXT('2D SPACE',''
  ) );
#5907 = ORIENTED_EDGE('',*,*,#5908,.F.);
#5908 = EDGE_CURVE('',#4572,#5797,#5909,.T.);
#5909 = SURFACE_CURVE('',#5910,(#5985,#5992),.PCURVE_S1.);
#5910 = B_SPLINE_CURVE_WITH_KNOTS('',10,(#5911,#5912,#5913,#5914,#5915,
    #5916,#5917,#5918,#5919,#5920,#5921,#5922,#5923,#5924,#5925,#5926,
    #5927,#5928,#5929,#5930,#5931,#5932,#5933,#5934,#5935,#5936,#5937,
    #5938,#5939,#5940,#5941,#5942,#5943,#5944,#5945,#5946,#5947,#5948,
    #5949,#5950,#5951,#5952,#5953,#5954,#5955,#5956,#5957,#5958,#5959,
    #5960,#5961,#5962,#5963,#5964,#5965,#5966,#5967,#5968,#5969,#5970,
    #5971,#5972,#5973,#5974,#5975,#5976,#5977,#5978,#5979,#5980,#5981,
    #5982,#5983,#5984),.UNSPECIFIED.,.F.,.F.,(11,9,9,9,9,9,9,9,11),(0.,
    5.274577639062,10.549155278124,15.823732917185,21.098310556247,
    26.372888195309,31.647465834371,36.922043473433,42.196621112495),
  .UNSPECIFIED.);
#5911 = CARTESIAN_POINT('',(10.2,2.571758278209E-16,17.1));
#5912 = CARTESIAN_POINT('',(10.200000613703,-4.998902252018,16.905));
#5913 = CARTESIAN_POINT('',(7.478159146841,-9.998055319249,16.71));
#5914 = CARTESIAN_POINT('',(2.031898316618,-13.32764605049,
    16.514999999999));
#5915 = CARTESIAN_POINT('',(-4.959190539924,-13.32955870378,
    16.320000000001));
#5916 = CARTESIAN_POINT('',(-11.19815161086,-9.263924678797,
    16.124999999999));
#5917 = CARTESIAN_POINT('',(-14.02271920708,-2.373629047263,15.93));
#5918 = CARTESIAN_POINT('',(-12.71083617252,4.493251987288,15.735));
#5919 = CARTESIAN_POINT('',(-8.419694718664,9.219152820703,15.54));
#5920 = CARTESIAN_POINT('',(-2.999068618867,10.956030444043,15.345));
#5921 = CARTESIAN_POINT('',(6.821647455335,9.082629579791,14.955));
#5922 = CARTESIAN_POINT('',(11.222229591656,5.472251800289,
    14.760000000001));
#5923 = CARTESIAN_POINT('',(13.472316540767,-0.501444224937,
    14.564999999998));
#5924 = CARTESIAN_POINT('',(12.164195964924,-7.369059672469,
    14.370000000003));
#5925 = CARTESIAN_POINT('',(7.001510704964,-12.73568811034,
    14.174999999997));
#5926 = CARTESIAN_POINT('',(-0.296009988771,-14.21911191813,
    13.980000000002));
#5927 = CARTESIAN_POINT('',(-6.795437342798,-11.64374091113,13.785));
#5928 = CARTESIAN_POINT('',(-10.63354973951,-6.543061781651,13.59));
#5929 = CARTESIAN_POINT('',(-11.32393844474,-0.892991484781,13.395));
#5930 = CARTESIAN_POINT('',(-7.643501971187,8.40273239669,13.005));
#5931 = CARTESIAN_POINT('',(-3.272487043214,12.048850785976,
    12.810000000002));
#5932 = CARTESIAN_POINT('',(3.017022653628,13.139723501114,
    12.614999999996));
#5933 = CARTESIAN_POINT('',(9.517876396304,10.567910519576,
    12.420000000006));
#5934 = CARTESIAN_POINT('',(13.82205634053,4.491064723911,
    12.224999999995));
#5935 = CARTESIAN_POINT('',(13.91178561271,-2.955162723417,
    12.030000000002));
#5936 = CARTESIAN_POINT('',(10.164160265488,-8.856890942606,11.835));
#5937 = CARTESIAN_POINT('',(4.434637639883,-11.67124785752,
    11.639999999999));
#5938 = CARTESIAN_POINT('',(-1.244720321545,-11.29069028058,11.445));
#5939 = CARTESIAN_POINT('',(-9.686146351958,-5.933599494642,
    11.054999999999));
#5940 = CARTESIAN_POINT('',(-12.44892862781,-0.954476529731,
    10.860000000003));
#5941 = CARTESIAN_POINT('',(-12.3403298441,5.415298329273,
    10.664999999995));
#5942 = CARTESIAN_POINT('',(-8.60007877509,11.351853078224,
    10.470000000003));
#5943 = CARTESIAN_POINT('',(-1.817930442877,14.39040882668,
    10.275000000001));
#5944 = CARTESIAN_POINT('',(5.506800147317,13.133962840826,
    10.079999999998));
#5945 = CARTESIAN_POINT('',(10.605904124384,8.314085953743,
    9.885000000001));
#5946 = CARTESIAN_POINT('',(12.295193010515,2.171430520291,9.69));
#5947 = CARTESIAN_POINT('',(10.8574637844,-3.338337289932,9.495));
#5948 = CARTESIAN_POINT('',(4.013496297818,-10.62642374375,
    9.104999999999));
#5949 = CARTESIAN_POINT('',(-1.395126485192,-12.40727494321,
    8.910000000004));
#5950 = CARTESIAN_POINT('',(-7.631725736346,-11.10702295584,
    8.714999999994));
#5951 = CARTESIAN_POINT('',(-12.7622746173,-6.320622583251,
    8.520000000005));
#5952 = CARTESIAN_POINT('',(-14.47616131943,0.910763826618,
    8.324999999999));
#5953 = CARTESIAN_POINT('',(-11.86945279932,7.870318799856,
    8.129999999998));
#5954 = CARTESIAN_POINT('',(-6.179472376625,11.975948759423,
    7.935000000002));
#5955 = CARTESIAN_POINT('',(0.170920913468,12.484296844901,
    7.739999999999));
#5956 = CARTESIAN_POINT('',(5.313691995522,10.039606220747,
    7.545000000001));
#5957 = CARTESIAN_POINT('',(11.190254776696,1.951212993743,
    7.154999999998));
#5958 = CARTESIAN_POINT('',(11.926667432768,-3.693044903432,
    6.96000000001));
#5959 = CARTESIAN_POINT('',(9.477633906507,-9.587972408816,
    6.764999999976));
#5960 = CARTESIAN_POINT('',(3.82284876143,-13.69877845622,6.570000000039
    ));
#5961 = CARTESIAN_POINT('',(-3.614296787311,-14.07678097321,
    6.374999999956));
#5962 = CARTESIAN_POINT('',(-9.949433909097,-10.16265371569,
    6.180000000035));
#5963 = CARTESIAN_POINT('',(-12.92434977466,-3.836124864145,
    5.984999999981));
#5964 = CARTESIAN_POINT('',(-12.23055816504,2.509478934034,
    5.790000000007));
#5965 = CARTESIAN_POINT('',(-8.86609060155,7.100806513093,5.594999999999
    ));
#5966 = CARTESIAN_POINT('',(0.180193003395,11.357665455302,
    5.205000000001));
#5967 = CARTESIAN_POINT('',(5.862465547196,11.023405754394,
    5.009999999998));
#5968 = CARTESIAN_POINT('',(11.194074558067,7.513152078317,
    4.815000000006));
#5969 = CARTESIAN_POINT('',(14.172465854495,1.188240486338,
    4.619999999989));
#5970 = CARTESIAN_POINT('',(13.150190797993,-6.188003381264,
    4.425000000015));
#5971 = CARTESIAN_POINT('',(8.118307173176,-11.67749349033,
    4.229999999985));
#5972 = CARTESIAN_POINT('',(1.3463948954,-13.414242131,4.03500000001));
#5973 = CARTESIAN_POINT('',(-4.756807230053,-11.54369189045,
    3.839999999995));
#5974 = CARTESIAN_POINT('',(-8.636371419782,-7.378489304487,
    3.645000000002));
#5975 = CARTESIAN_POINT('',(-11.12272517309,2.305215577253,
    3.254999999998));
#5976 = CARTESIAN_POINT('',(-9.729634430265,7.824205405402,
    3.060000000011));
#5977 = CARTESIAN_POINT('',(-5.28251309567,12.40362109296,2.864999999973
    ));
#5978 = CARTESIAN_POINT('',(1.48846180733,14.144086472261,2.670000000044
    ));
#5979 = CARTESIAN_POINT('',(8.542496859911,11.757748726428,2.47499999995
    ));
#5980 = CARTESIAN_POINT('',(12.991872055756,5.786365347925,2.28000000004
    ));
#5981 = CARTESIAN_POINT('',(13.428928259613,-1.191031582789,
    2.084999999977));
#5982 = CARTESIAN_POINT('',(10.44788458586,-6.835623420582,
    1.890000000009));
#5983 = CARTESIAN_POINT('',(5.629501338618,-9.865988457258,
    1.694999999998));
#5984 = CARTESIAN_POINT('',(0.640463306117,-10.17987273992,1.5));
#5985 = PCURVE('',#4689,#5986);
#5986 = DEFINITIONAL_REPRESENTATION('',(#5987),#5991);
#5987 = LINE('',#5988,#5989);
#5988 = CARTESIAN_POINT('',(0.,0.));
#5989 = VECTOR('',#5990,1.);
#5990 = DIRECTION('',(0.,1.));
#5991 = ( GEOMETRIC_REPRESENTATION_CONTEXT(2) 
PARAMETRIC_REPRESENTATION_CONTEXT() REPRESENTATION_CONTEXT('2D SPACE',''
  ) );
#5992 = PCURVE('',#4587,#5993);
#5993 = DEFINITIONAL_REPRESENTATION('',(#5994),#6006);
#5994 = B_SPLINE_CURVE_WITH_KNOTS('',10,(#5995,#5996,#5997,#5998,#5999,
    #6000,#6001,#6002,#6003,#6004,#6005),.UNSPECIFIED.,.F.,.F.,(11,11),(
    13.52455866135,20.286832971059),.PIECEWISE_BEZIER_KNOTS.);
#5995 = CARTESIAN_POINT('',(6.283185307173,-2.900000226431));
#5996 = CARTESIAN_POINT('',(5.654867567388,-3.150000052129));
#5997 = CARTESIAN_POINT('',(5.026524487967,-3.399999877987));
#5998 = CARTESIAN_POINT('',(4.398349674913,-3.649999703601));
#5999 = CARTESIAN_POINT('',(3.769627356203,-3.899999528367));
#6000 = CARTESIAN_POINT('',(3.141952816921,-4.149999355432));
#6001 = CARTESIAN_POINT('',(2.513051169284,-4.39999918075));
#6002 = CARTESIAN_POINT('',(1.884978421716,-4.64999900636));
#6003 = CARTESIAN_POINT('',(1.256696164826,-4.899998832203));
#6004 = CARTESIAN_POINT('',(0.628300013208,-5.149998657706));
#6005 = CARTESIAN_POINT('',(-3.971933892899E-12,-5.399998483403));
#6006 = ( GEOMETRIC_REPRESENTATION_CONTEXT(2) 
PARAMETRIC_REPRESENTATION_CONTEXT() REPRESENTATION_CONTEXT('2D SPACE',''
  ) );
#6007 = ADVANCED_FACE('',(#6008),#4587,.F.);
#6008 = FACE_BOUND('',#6009,.F.);
#6009 = EDGE_LOOP('',(#6010,#6110,#6131,#6132));
#6010 = ORIENTED_EDGE('',*,*,#6011,.T.);
#6011 = EDGE_CURVE('',#4326,#6012,#6014,.T.);
#6012 = VERTEX_POINT('',#6013);
#6013 = CARTESIAN_POINT('',(10.199999018185,-4.330935208099E-11,
    10.499999773382));
#6014 = SURFACE_CURVE('',#6015,(#6090,#6103),.PCURVE_S1.);
#6015 = B_SPLINE_CURVE_WITH_KNOTS('',10,(#6016,#6017,#6018,#6019,#6020,
    #6021,#6022,#6023,#6024,#6025,#6026,#6027,#6028,#6029,#6030,#6031,
    #6032,#6033,#6034,#6035,#6036,#6037,#6038,#6039,#6040,#6041,#6042,
    #6043,#6044,#6045,#6046,#6047,#6048,#6049,#6050,#6051,#6052,#6053,
    #6054,#6055,#6056,#6057,#6058,#6059,#6060,#6061,#6062,#6063,#6064,
    #6065,#6066,#6067,#6068,#6069,#6070,#6071,#6072,#6073,#6074,#6075,
    #6076,#6077,#6078,#6079,#6080,#6081,#6082,#6083,#6084,#6085,#6086,
    #6087,#6088,#6089),.UNSPECIFIED.,.F.,.F.,(11,9,9,9,9,9,9,9,11),(0.,
    5.274577639062,10.549155278124,15.823732917185,21.098310556247,
    26.372888195309,31.647465834371,36.922043473433,42.196621112495),
  .UNSPECIFIED.);
#6016 = CARTESIAN_POINT('',(10.2,3.613946018758E-15,15.5));
#6017 = CARTESIAN_POINT('',(10.199999386296,-4.998902208771,15.305));
#6018 = CARTESIAN_POINT('',(7.478162899529,-9.998055618341,
    15.110000000001));
#6019 = CARTESIAN_POINT('',(2.031890714295,-13.32764370143,
    14.914999999998));
#6020 = CARTESIAN_POINT('',(-4.959180828182,-13.32956430637,
    14.720000000003));
#6021 = CARTESIAN_POINT('',(-11.19815955814,-9.263915244654,
    14.524999999997));
#6022 = CARTESIAN_POINT('',(-14.02271490696,-2.373639180214,
    14.330000000003));
#6023 = CARTESIAN_POINT('',(-12.71083698442,4.493259401777,
    14.134999999999));
#6024 = CARTESIAN_POINT('',(-8.419694833088,9.219149197338,13.94));
#6025 = CARTESIAN_POINT('',(-2.999068420692,10.956031213654,13.745));
#6026 = CARTESIAN_POINT('',(6.821647219323,9.082628592241,13.355));
#6027 = CARTESIAN_POINT('',(11.222230532921,5.472255109563,
    13.160000000001));
#6028 = CARTESIAN_POINT('',(13.472312877827,-0.501450854724,
    12.964999999996));
#6029 = CARTESIAN_POINT('',(12.164203218085,-7.369051585759,
    12.770000000006));
#6030 = CARTESIAN_POINT('',(7.001500006639,-12.73569381561,
    12.574999999994));
#6031 = CARTESIAN_POINT('',(-0.295999267987,-14.2191098144,
    12.380000000005));
#6032 = CARTESIAN_POINT('',(-6.795444758337,-11.64374020551,
    12.184999999998));
#6033 = CARTESIAN_POINT('',(-10.63354620892,-6.543062614218,
    11.990000000001));
#6034 = CARTESIAN_POINT('',(-11.32393916232,-0.892991138599,11.795));
#6035 = CARTESIAN_POINT('',(-7.643501045977,8.402731976225,11.405));
#6036 = CARTESIAN_POINT('',(-3.272490116538,12.048852336144,
    11.210000000002));
#6037 = CARTESIAN_POINT('',(3.017028478428,13.139718653963,
    11.014999999996));
#6038 = CARTESIAN_POINT('',(9.517869813147,10.567919166452,
    10.820000000006));
#6039 = CARTESIAN_POINT('',(13.822059939087,4.491053140317,
    10.624999999994));
#6040 = CARTESIAN_POINT('',(13.911785555772,-2.955151794538,
    10.430000000003));
#6041 = CARTESIAN_POINT('',(10.164158182491,-8.856898096521,
    10.234999999999));
#6042 = CARTESIAN_POINT('',(4.434639119389,-11.67124454477,10.04));
#6043 = CARTESIAN_POINT('',(-1.244720796076,-11.2906909207,9.845));
#6044 = CARTESIAN_POINT('',(-9.686145765565,-5.933598664549,
    9.454999999999));
#6045 = CARTESIAN_POINT('',(-12.44892958941,-0.954479114625,
    9.260000000003));
#6046 = CARTESIAN_POINT('',(-12.34032910787,5.415302496512,
    9.064999999995));
#6047 = CARTESIAN_POINT('',(-8.600077538396,11.351849616597,
    8.870000000003));
#6048 = CARTESIAN_POINT('',(-1.817932312661,14.390408432602,8.675));
#6049 = CARTESIAN_POINT('',(5.506800365314,13.133966217475,
    8.479999999999));
#6050 = CARTESIAN_POINT('',(10.605905644758,8.314081920931,8.285));
#6051 = CARTESIAN_POINT('',(12.295191170671,2.171432737939,8.09));
#6052 = CARTESIAN_POINT('',(10.857464324267,-3.338337876005,7.895));
#6053 = CARTESIAN_POINT('',(4.013495592307,-10.6264230122,7.504999999999
    ));
#6054 = CARTESIAN_POINT('',(-1.395124126268,-12.40727637214,
    7.310000000004));
#6055 = CARTESIAN_POINT('',(-7.631729691812,-11.10702145178,
    7.114999999993));
#6056 = CARTESIAN_POINT('',(-12.76227098526,-6.320622017109,
    6.920000000007));
#6057 = CARTESIAN_POINT('',(-14.47616128269,0.910761916115,
    6.724999999996));
#6058 = CARTESIAN_POINT('',(-11.86945607531,7.870319646708,
    6.530000000002));
#6059 = CARTESIAN_POINT('',(-6.179468130361,11.975949497197,
    6.334999999999));
#6060 = CARTESIAN_POINT('',(0.170918390354,12.484295453191,6.14));
#6061 = CARTESIAN_POINT('',(5.313692672372,10.039606641232,5.945));
#6062 = CARTESIAN_POINT('',(11.190253925908,1.951212437809,
    5.554999999998));
#6063 = CARTESIAN_POINT('',(11.92667038841,-3.693043139094,5.36000000001
    ));
#6064 = CARTESIAN_POINT('',(9.477626692824,-9.587974729686,
    5.164999999974));
#6065 = CARTESIAN_POINT('',(3.822859589671,-13.69877753106,
    4.970000000042));
#6066 = CARTESIAN_POINT('',(-3.614308495878,-14.07677780481,
    4.774999999952));
#6067 = CARTESIAN_POINT('',(-9.949424651012,-10.16265952356,
    4.580000000039));
#6068 = CARTESIAN_POINT('',(-12.9243546988,-3.836119272218,
    4.384999999978));
#6069 = CARTESIAN_POINT('',(-12.23055616074,2.509475909854,
    4.190000000008));
#6070 = CARTESIAN_POINT('',(-8.86609088776,7.100807256693,3.994999999999
    ));
#6071 = CARTESIAN_POINT('',(0.180193390061,11.357664515525,
    3.605000000001));
#6072 = CARTESIAN_POINT('',(5.862464367938,11.023408987621,
    3.409999999997));
#6073 = CARTESIAN_POINT('',(11.194075486122,7.513144559404,
    3.215000000008));
#6074 = CARTESIAN_POINT('',(14.172466974743,1.188251292412,
    3.019999999987));
#6075 = CARTESIAN_POINT('',(13.150185491684,-6.188014283063,
    2.825000000017));
#6076 = CARTESIAN_POINT('',(8.118314613096,-11.67748549144,
    2.629999999984));
#6077 = CARTESIAN_POINT('',(1.346388479634,-13.41424591323,
    2.435000000011));
#6078 = CARTESIAN_POINT('',(-4.756803883672,-11.54369049388,
    2.239999999995));
#6079 = CARTESIAN_POINT('',(-8.636372203993,-7.37848944265,
    2.045000000002));
#6080 = CARTESIAN_POINT('',(-11.12272417718,2.305215773559,
    1.654999999998));
#6081 = CARTESIAN_POINT('',(-9.729637829073,7.824204894699,
    1.460000000012));
#6082 = CARTESIAN_POINT('',(-5.282505530803,12.403620480199,
    1.264999999971));
#6083 = CARTESIAN_POINT('',(1.488451392324,14.144089822238,
    1.070000000048));
#6084 = CARTESIAN_POINT('',(8.542506589813,11.757741133038,
    0.874999999946));
#6085 = CARTESIAN_POINT('',(12.991865573829,5.786374563886,
    0.680000000044));
#6086 = CARTESIAN_POINT('',(13.428930791273,-1.191038997006,
    0.484999999975));
#6087 = CARTESIAN_POINT('',(10.447883826033,-6.835619546348,
    0.29000000001));
#6088 = CARTESIAN_POINT('',(5.629501337242,-9.865989466431,
    9.499999999786E-02));
#6089 = CARTESIAN_POINT('',(0.640463292281,-10.17987252001,
    -9.999999999999E-02));
#6090 = PCURVE('',#4587,#6091);
#6091 = DEFINITIONAL_REPRESENTATION('',(#6092),#6102);
#6092 = B_SPLINE_CURVE_WITH_KNOTS('',8,(#6093,#6094,#6095,#6096,#6097,
    #6098,#6099,#6100,#6101),.UNSPECIFIED.,.F.,.F.,(9,9),(6.762279387178
    ,13.524558661854),.PIECEWISE_BEZIER_KNOTS.);
#6093 = CARTESIAN_POINT('',(6.283185307176,-2.000000134106));
#6094 = CARTESIAN_POINT('',(5.497787067137,-2.31250014567));
#6095 = CARTESIAN_POINT('',(4.712380292586,-2.625000157213));
#6096 = CARTESIAN_POINT('',(3.927015282682,-2.93750016883));
#6097 = CARTESIAN_POINT('',(3.14155718476,-3.250000180346));
#6098 = CARTESIAN_POINT('',(2.356220224682,-3.562500191918));
#6099 = CARTESIAN_POINT('',(1.570786560489,-3.875000203498));
#6100 = CARTESIAN_POINT('',(0.785397740389,-4.187500215051));
#6101 = CARTESIAN_POINT('',(-1.06759046048E-12,-4.500000226615));
#6102 = ( GEOMETRIC_REPRESENTATION_CONTEXT(2) 
PARAMETRIC_REPRESENTATION_CONTEXT() REPRESENTATION_CONTEXT('2D SPACE',''
  ) );
#6103 = PCURVE('',#4415,#6104);
#6104 = DEFINITIONAL_REPRESENTATION('',(#6105),#6109);
#6105 = LINE('',#6106,#6107);
#6106 = CARTESIAN_POINT('',(1.141271221051,0.));
#6107 = VECTOR('',#6108,1.);
#6108 = DIRECTION('',(0.,1.));
#6109 = ( GEOMETRIC_REPRESENTATION_CONTEXT(2) 
PARAMETRIC_REPRESENTATION_CONTEXT() REPRESENTATION_CONTEXT('2D SPACE',''
  ) );
#6110 = ORIENTED_EDGE('',*,*,#6111,.T.);
#6111 = EDGE_CURVE('',#6012,#5797,#6112,.T.);
#6112 = SURFACE_CURVE('',#6113,(#6117,#6124),.PCURVE_S1.);
#6113 = LINE('',#6114,#6115);
#6114 = CARTESIAN_POINT('',(10.2,0.,15.));
#6115 = VECTOR('',#6116,1.);
#6116 = DIRECTION('',(0.,-1.224646799147E-16,-1.));
#6117 = PCURVE('',#4587,#6118);
#6118 = DEFINITIONAL_REPRESENTATION('',(#6119),#6123);
#6119 = LINE('',#6120,#6121);
#6120 = CARTESIAN_POINT('',(0.,0.));
#6121 = VECTOR('',#6122,1.);
#6122 = DIRECTION('',(0.,-1.));
#6123 = ( GEOMETRIC_REPRESENTATION_CONTEXT(2) 
PARAMETRIC_REPRESENTATION_CONTEXT() REPRESENTATION_CONTEXT('2D SPACE',''
  ) );
#6124 = PCURVE('',#5883,#6125);
#6125 = DEFINITIONAL_REPRESENTATION('',(#6126),#6130);
#6126 = LINE('',#6127,#6128);
#6127 = CARTESIAN_POINT('',(6.28318530718,0.));
#6128 = VECTOR('',#6129,1.);
#6129 = DIRECTION('',(0.,-1.));
#6130 = ( GEOMETRIC_REPRESENTATION_CONTEXT(2) 
PARAMETRIC_REPRESENTATION_CONTEXT() REPRESENTATION_CONTEXT('2D SPACE',''
  ) );
#6131 = ORIENTED_EDGE('',*,*,#5908,.F.);
#6132 = ORIENTED_EDGE('',*,*,#4571,.F.);
#6133 = ADVANCED_FACE('',(#6134),#4415,.T.);
#6134 = FACE_BOUND('',#6135,.T.);
#6135 = EDGE_LOOP('',(#6136,#6222,#6223,#6224,#6225,#6327,#6434,#6532));
#6136 = ORIENTED_EDGE('',*,*,#6137,.F.);
#6137 = EDGE_CURVE('',#4894,#6138,#6140,.T.);
#6138 = VERTEX_POINT('',#6139);
#6139 = CARTESIAN_POINT('',(8.177538350754,4.215265112585,3.739374392411
    ));
#6140 = SURFACE_CURVE('',#6141,(#6208,#6215),.PCURVE_S1.);
#6141 = B_SPLINE_CURVE_WITH_KNOTS('',9,(#6142,#6143,#6144,#6145,#6146,
    #6147,#6148,#6149,#6150,#6151,#6152,#6153,#6154,#6155,#6156,#6157,
    #6158,#6159,#6160,#6161,#6162,#6163,#6164,#6165,#6166,#6167,#6168,
    #6169,#6170,#6171,#6172,#6173,#6174,#6175,#6176,#6177,#6178,#6179,
    #6180,#6181,#6182,#6183,#6184,#6185,#6186,#6187,#6188,#6189,#6190,
    #6191,#6192,#6193,#6194,#6195,#6196,#6197,#6198,#6199,#6200,#6201,
    #6202,#6203,#6204,#6205,#6206,#6207),.UNSPECIFIED.,.F.,.F.,(10,8,8,8
    ,8,8,8,8,10),(0.,5.274577639062,10.549155278124,15.823732917185,
    21.098310556247,26.372888195309,31.647465834371,36.922043473433,
    42.196621112495),.UNSPECIFIED.);
#6142 = CARTESIAN_POINT('',(9.2,4.569480012411E-15,16.05));
#6143 = CARTESIAN_POINT('',(9.199999787334,-5.009792098559,
    15.833334176345));
#6144 = CARTESIAN_POINT('',(6.129233161128,-10.02155097046,
    15.616663815288));
#6145 = CARTESIAN_POINT('',(1.740004214274E-03,-12.86928974579,
    15.400006498253));
#6146 = CARTESIAN_POINT('',(-7.482216609008,-11.47995418609,
    15.183324070468));
#6147 = CARTESIAN_POINT('',(-12.67864257602,-5.198559603534,
    14.966676015192));
#6148 = CARTESIAN_POINT('',(-12.64101196238,2.413175841578,
    14.749993770098));
#6149 = CARTESIAN_POINT('',(-8.695538379769,7.898517785161,
    14.533336171053));
#6150 = CARTESIAN_POINT('',(-3.197146776377,9.975784280394,
    14.316666081977));
#6151 = CARTESIAN_POINT('',(6.644962963082,8.098301099337,13.88333405303
    ));
#6152 = CARTESIAN_POINT('',(10.992545515775,4.142816152033,
    13.66666399109));
#6153 = CARTESIAN_POINT('',(12.641665289969,-2.409755196573,
    13.450006298527));
#6154 = CARTESIAN_POINT('',(9.874585049502,-9.500814934285,
    13.233324252022));
#6155 = CARTESIAN_POINT('',(2.73073810926,-13.42818185887,
    13.016675884671));
#6156 = CARTESIAN_POINT('',(-4.739121303042,-11.96492084331,
    12.799993841746));
#6157 = CARTESIAN_POINT('',(-9.387994732308,-7.061481835971,
    12.583336143653));
#6158 = CARTESIAN_POINT('',(-10.39817128059,-1.271240945926,
    12.366666087052));
#6159 = CARTESIAN_POINT('',(-6.709716027015,8.044732706709,
    11.933334050606));
#6160 = CARTESIAN_POINT('',(-2.009637858909,11.574123648992,
    11.716663994549));
#6161 = CARTESIAN_POINT('',(4.735883667606,11.966203546735,
    11.500006294592));
#6162 = CARTESIAN_POINT('',(11.182842109002,7.919403807446,
    11.283324255601));
#6163 = CARTESIAN_POINT('',(13.702021137172,0.166178861234,
    11.066675882098));
#6164 = CARTESIAN_POINT('',(10.864966420603,-6.89718103252,
    10.849993843158));
#6165 = CARTESIAN_POINT('',(5.177268784468,-10.54489728466,
    10.633336143113));
#6166 = CARTESIAN_POINT('',(-0.699699230059,-10.45219787944,
    10.416666087153));
#6167 = CARTESIAN_POINT('',(-9.159513782959,-5.083435919261,
    9.983334050555));
#6168 = CARTESIAN_POINT('',(-11.7456826826,0.194732857123,9.766663994629
    ));
#6169 = CARTESIAN_POINT('',(-10.86683307622,6.894241098829,
    9.550006294498));
#6170 = CARTESIAN_POINT('',(-5.683673738235,12.468711526742,
    9.333324255682));
#6171 = CARTESIAN_POINT('',(2.404267356431,13.490459485748,
    9.116675882052));
#6172 = CARTESIAN_POINT('',(8.810904685036,9.380115145735,8.899993843173
    ));
#6173 = CARTESIAN_POINT('',(11.32824159377,3.10964840521,8.683336143112)
  );
#6174 = CARTESIAN_POINT('',(10.135950157533,-2.645852211994,
    8.466666087153));
#6175 = CARTESIAN_POINT('',(3.27707255977,-9.949814517038,8.033334050555
    ));
#6176 = CARTESIAN_POINT('',(-2.392205064624,-11.50114505146,
    7.816663994629));
#6177 = CARTESIAN_POINT('',(-8.808366602032,-9.3824996264,7.600006294496
    ));
#6178 = CARTESIAN_POINT('',(-13.31287062248,-3.246596693299,
    7.383324255687));
#6179 = CARTESIAN_POINT('',(-12.80099158145,4.889541204371,
    7.166675882045));
#6180 = CARTESIAN_POINT('',(-7.562968615457,10.412497646469,
    6.94999384318));
#6181 = CARTESIAN_POINT('',(-0.931867180898,11.710277296802,
    6.733336143107));
#6182 = CARTESIAN_POINT('',(4.498274560247,9.460631348083,6.516666087155
    ));
#6183 = CARTESIAN_POINT('',(10.387638111445,1.354617271089,
    6.083334050551));
#6184 = CARTESIAN_POINT('',(10.849173623065,-4.504932215098,
    5.866663994641));
#6185 = CARTESIAN_POINT('',(7.565786449746,-10.410451327,5.650006294494)
  );
#6186 = CARTESIAN_POINT('',(0.694507341926,-13.68541463939,
    5.433324255648));
#6187 = CARTESIAN_POINT('',(-7.201600617494,-11.65804216854,
    5.216675882136));
#6188 = CARTESIAN_POINT('',(-11.6452226877,-5.477900151517,
    4.999993843065));
#6189 = CARTESIAN_POINT('',(-11.67747058852,1.27892590288,4.783336143205
    ));
#6190 = CARTESIAN_POINT('',(-8.450164956597,6.191343289612,
    4.566666087095));
#6191 = CARTESIAN_POINT('',(0.61582600975,10.457474447096,4.133334050667
    ));
#6192 = CARTESIAN_POINT('',(6.45806989598,9.812864810167,3.91666399405)
  );
#6193 = CARTESIAN_POINT('',(11.64374062359,5.481051516577,3.700006295975
    ));
#6194 = CARTESIAN_POINT('',(13.573146020102,-1.882185278903,
    3.483324253044));
#6195 = CARTESIAN_POINT('',(10.102100799554,-9.258539737546,
    3.266675885675));
#6196 = CARTESIAN_POINT('',(3.198774343989,-12.46540991058,
    3.049993839207));
#6197 = CARTESIAN_POINT('',(-3.444412399158,-11.23098366204,
    2.833336146608));
#6198 = CARTESIAN_POINT('',(-7.665080596154,-7.140347259384,
    2.616666084691));
#6199 = CARTESIAN_POINT('',(-10.15684953725,2.564453348496,
    2.183334055724));
#6200 = CARTESIAN_POINT('',(-8.428930367681,8.182427224051,1.9666639667)
  );
#6201 = CARTESIAN_POINT('',(-3.202147604949,12.464544622313,
    1.750006367561));
#6202 = CARTESIAN_POINT('',(4.392200555238,12.980041902298,
    1.533324122546));
#6203 = CARTESIAN_POINT('',(10.987490461405,8.188287520652,
    1.316676067276));
#6204 = CARTESIAN_POINT('',(12.844003784063,0.806330308637,
    1.099993639395));
#6205 = CARTESIAN_POINT('',(10.386633530348,-5.487878823282,
    0.883336322478));
#6206 = CARTESIAN_POINT('',(5.577579207653,-8.867278633277,
    0.666665961344));
#6207 = CARTESIAN_POINT('',(0.577672772146,-9.181845867516,
    0.450000137718));
#6208 = PCURVE('',#4415,#6209);
#6209 = DEFINITIONAL_REPRESENTATION('',(#6210),#6214);
#6210 = LINE('',#6211,#6212);
#6211 = CARTESIAN_POINT('',(0.,0.));
#6212 = VECTOR('',#6213,1.);
#6213 = DIRECTION('',(0.,1.));
#6214 = ( GEOMETRIC_REPRESENTATION_CONTEXT(2) 
PARAMETRIC_REPRESENTATION_CONTEXT() REPRESENTATION_CONTEXT('2D SPACE',''
  ) );
#6215 = PCURVE('',#5178,#6216);
#6216 = DEFINITIONAL_REPRESENTATION('',(#6217),#6221);
#6217 = LINE('',#6218,#6219);
#6218 = CARTESIAN_POINT('',(0.5,0.));
#6219 = VECTOR('',#6220,1.);
#6220 = DIRECTION('',(0.,1.));
#6221 = ( GEOMETRIC_REPRESENTATION_CONTEXT(2) 
PARAMETRIC_REPRESENTATION_CONTEXT() REPRESENTATION_CONTEXT('2D SPACE',''
  ) );
#6222 = ORIENTED_EDGE('',*,*,#4893,.F.);
#6223 = ORIENTED_EDGE('',*,*,#4325,.T.);
#6224 = ORIENTED_EDGE('',*,*,#6011,.T.);
#6225 = ORIENTED_EDGE('',*,*,#6226,.T.);
#6226 = EDGE_CURVE('',#6012,#6227,#6229,.T.);
#6227 = VERTEX_POINT('',#6228);
#6228 = CARTESIAN_POINT('',(10.199998798998,-2.348018684425E-11,
    8.000001515646));
#6229 = SURFACE_CURVE('',#6230,(#6305,#6312),.PCURVE_S1.);
#6230 = B_SPLINE_CURVE_WITH_KNOTS('',10,(#6231,#6232,#6233,#6234,#6235,
    #6236,#6237,#6238,#6239,#6240,#6241,#6242,#6243,#6244,#6245,#6246,
    #6247,#6248,#6249,#6250,#6251,#6252,#6253,#6254,#6255,#6256,#6257,
    #6258,#6259,#6260,#6261,#6262,#6263,#6264,#6265,#6266,#6267,#6268,
    #6269,#6270,#6271,#6272,#6273,#6274,#6275,#6276,#6277,#6278,#6279,
    #6280,#6281,#6282,#6283,#6284,#6285,#6286,#6287,#6288,#6289,#6290,
    #6291,#6292,#6293,#6294,#6295,#6296,#6297,#6298,#6299,#6300,#6301,
    #6302,#6303,#6304),.UNSPECIFIED.,.F.,.F.,(11,9,9,9,9,9,9,9,11),(0.,
    5.274577639062,10.549155278124,15.823732917185,21.098310556247,
    26.372888195309,31.647465834371,36.922043473433,42.196621112495),
  .UNSPECIFIED.);
#6231 = CARTESIAN_POINT('',(10.2,3.613946018758E-15,15.5));
#6232 = CARTESIAN_POINT('',(10.199999386296,-4.998902208771,15.305));
#6233 = CARTESIAN_POINT('',(7.478162899529,-9.998055618341,
    15.110000000001));
#6234 = CARTESIAN_POINT('',(2.031890714295,-13.32764370143,
    14.914999999998));
#6235 = CARTESIAN_POINT('',(-4.959180828182,-13.32956430637,
    14.720000000003));
#6236 = CARTESIAN_POINT('',(-11.19815955814,-9.263915244654,
    14.524999999997));
#6237 = CARTESIAN_POINT('',(-14.02271490696,-2.373639180214,
    14.330000000003));
#6238 = CARTESIAN_POINT('',(-12.71083698442,4.493259401777,
    14.134999999999));
#6239 = CARTESIAN_POINT('',(-8.419694833088,9.219149197338,13.94));
#6240 = CARTESIAN_POINT('',(-2.999068420692,10.956031213654,13.745));
#6241 = CARTESIAN_POINT('',(6.821647219323,9.082628592241,13.355));
#6242 = CARTESIAN_POINT('',(11.222230532921,5.472255109563,
    13.160000000001));
#6243 = CARTESIAN_POINT('',(13.472312877827,-0.501450854724,
    12.964999999996));
#6244 = CARTESIAN_POINT('',(12.164203218085,-7.369051585759,
    12.770000000006));
#6245 = CARTESIAN_POINT('',(7.001500006639,-12.73569381561,
    12.574999999994));
#6246 = CARTESIAN_POINT('',(-0.295999267987,-14.2191098144,
    12.380000000005));
#6247 = CARTESIAN_POINT('',(-6.795444758337,-11.64374020551,
    12.184999999998));
#6248 = CARTESIAN_POINT('',(-10.63354620892,-6.543062614218,
    11.990000000001));
#6249 = CARTESIAN_POINT('',(-11.32393916232,-0.892991138599,11.795));
#6250 = CARTESIAN_POINT('',(-7.643501045977,8.402731976225,11.405));
#6251 = CARTESIAN_POINT('',(-3.272490116538,12.048852336144,
    11.210000000002));
#6252 = CARTESIAN_POINT('',(3.017028478428,13.139718653963,
    11.014999999996));
#6253 = CARTESIAN_POINT('',(9.517869813147,10.567919166452,
    10.820000000006));
#6254 = CARTESIAN_POINT('',(13.822059939087,4.491053140317,
    10.624999999994));
#6255 = CARTESIAN_POINT('',(13.911785555772,-2.955151794538,
    10.430000000003));
#6256 = CARTESIAN_POINT('',(10.164158182491,-8.856898096521,
    10.234999999999));
#6257 = CARTESIAN_POINT('',(4.434639119389,-11.67124454477,10.04));
#6258 = CARTESIAN_POINT('',(-1.244720796076,-11.2906909207,9.845));
#6259 = CARTESIAN_POINT('',(-9.686145765565,-5.933598664549,
    9.454999999999));
#6260 = CARTESIAN_POINT('',(-12.44892958941,-0.954479114625,
    9.260000000003));
#6261 = CARTESIAN_POINT('',(-12.34032910787,5.415302496512,
    9.064999999995));
#6262 = CARTESIAN_POINT('',(-8.600077538396,11.351849616597,
    8.870000000003));
#6263 = CARTESIAN_POINT('',(-1.817932312661,14.390408432602,8.675));
#6264 = CARTESIAN_POINT('',(5.506800365314,13.133966217475,
    8.479999999999));
#6265 = CARTESIAN_POINT('',(10.605905644758,8.314081920931,8.285));
#6266 = CARTESIAN_POINT('',(12.295191170671,2.171432737939,8.09));
#6267 = CARTESIAN_POINT('',(10.857464324267,-3.338337876005,7.895));
#6268 = CARTESIAN_POINT('',(4.013495592307,-10.6264230122,7.504999999999
    ));
#6269 = CARTESIAN_POINT('',(-1.395124126268,-12.40727637214,
    7.310000000004));
#6270 = CARTESIAN_POINT('',(-7.631729691812,-11.10702145178,
    7.114999999993));
#6271 = CARTESIAN_POINT('',(-12.76227098526,-6.320622017109,
    6.920000000007));
#6272 = CARTESIAN_POINT('',(-14.47616128269,0.910761916115,
    6.724999999996));
#6273 = CARTESIAN_POINT('',(-11.86945607531,7.870319646708,
    6.530000000002));
#6274 = CARTESIAN_POINT('',(-6.179468130361,11.975949497197,
    6.334999999999));
#6275 = CARTESIAN_POINT('',(0.170918390354,12.484295453191,6.14));
#6276 = CARTESIAN_POINT('',(5.313692672372,10.039606641232,5.945));
#6277 = CARTESIAN_POINT('',(11.190253925908,1.951212437809,
    5.554999999998));
#6278 = CARTESIAN_POINT('',(11.92667038841,-3.693043139094,5.36000000001
    ));
#6279 = CARTESIAN_POINT('',(9.477626692824,-9.587974729686,
    5.164999999974));
#6280 = CARTESIAN_POINT('',(3.822859589671,-13.69877753106,
    4.970000000042));
#6281 = CARTESIAN_POINT('',(-3.614308495878,-14.07677780481,
    4.774999999952));
#6282 = CARTESIAN_POINT('',(-9.949424651012,-10.16265952356,
    4.580000000039));
#6283 = CARTESIAN_POINT('',(-12.9243546988,-3.836119272218,
    4.384999999978));
#6284 = CARTESIAN_POINT('',(-12.23055616074,2.509475909854,
    4.190000000008));
#6285 = CARTESIAN_POINT('',(-8.86609088776,7.100807256693,3.994999999999
    ));
#6286 = CARTESIAN_POINT('',(0.180193390061,11.357664515525,
    3.605000000001));
#6287 = CARTESIAN_POINT('',(5.862464367938,11.023408987621,
    3.409999999997));
#6288 = CARTESIAN_POINT('',(11.194075486122,7.513144559404,
    3.215000000008));
#6289 = CARTESIAN_POINT('',(14.172466974743,1.188251292412,
    3.019999999987));
#6290 = CARTESIAN_POINT('',(13.150185491684,-6.188014283063,
    2.825000000017));
#6291 = CARTESIAN_POINT('',(8.118314613096,-11.67748549144,
    2.629999999984));
#6292 = CARTESIAN_POINT('',(1.346388479634,-13.41424591323,
    2.435000000011));
#6293 = CARTESIAN_POINT('',(-4.756803883672,-11.54369049388,
    2.239999999995));
#6294 = CARTESIAN_POINT('',(-8.636372203993,-7.37848944265,
    2.045000000002));
#6295 = CARTESIAN_POINT('',(-11.12272417718,2.305215773559,
    1.654999999998));
#6296 = CARTESIAN_POINT('',(-9.729637829073,7.824204894699,
    1.460000000012));
#6297 = CARTESIAN_POINT('',(-5.282505530803,12.403620480199,
    1.264999999971));
#6298 = CARTESIAN_POINT('',(1.488451392324,14.144089822238,
    1.070000000048));
#6299 = CARTESIAN_POINT('',(8.542506589813,11.757741133038,
    0.874999999946));
#6300 = CARTESIAN_POINT('',(12.991865573829,5.786374563886,
    0.680000000044));
#6301 = CARTESIAN_POINT('',(13.428930791273,-1.191038997006,
    0.484999999975));
#6302 = CARTESIAN_POINT('',(10.447883826033,-6.835619546348,
    0.29000000001));
#6303 = CARTESIAN_POINT('',(5.629501337242,-9.865989466431,
    9.499999999786E-02));
#6304 = CARTESIAN_POINT('',(0.640463292281,-10.17987252001,
    -9.999999999999E-02));
#6305 = PCURVE('',#4415,#6306);
#6306 = DEFINITIONAL_REPRESENTATION('',(#6307),#6311);
#6307 = LINE('',#6308,#6309);
#6308 = CARTESIAN_POINT('',(1.141271221051,0.));
#6309 = VECTOR('',#6310,1.);
#6310 = DIRECTION('',(0.,1.));
#6311 = ( GEOMETRIC_REPRESENTATION_CONTEXT(2) 
PARAMETRIC_REPRESENTATION_CONTEXT() REPRESENTATION_CONTEXT('2D SPACE',''
  ) );
#6312 = PCURVE('',#5883,#6313);
#6313 = DEFINITIONAL_REPRESENTATION('',(#6314),#6326);
#6314 = B_SPLINE_CURVE_WITH_KNOTS('',10,(#6315,#6316,#6317,#6318,#6319,
    #6320,#6321,#6322,#6323,#6324,#6325),.UNSPECIFIED.,.F.,.F.,(11,11),(
    13.524558661854,20.286832973624),.PIECEWISE_BEZIER_KNOTS.);
#6315 = CARTESIAN_POINT('',(6.283185307175,-4.500000226616));
#6316 = CARTESIAN_POINT('',(5.654867575993,-4.75000005239));
#6317 = CARTESIAN_POINT('',(5.026524444813,-4.999999878171));
#6318 = CARTESIAN_POINT('',(4.398349740048,-5.249999704247));
#6319 = CARTESIAN_POINT('',(3.769627329486,-5.499999528751));
#6320 = CARTESIAN_POINT('',(3.141952756327,-5.749999358435));
#6321 = CARTESIAN_POINT('',(2.513051253627,-5.999999179272));
#6322 = CARTESIAN_POINT('',(1.884978373739,-6.249999007618));
#6323 = CARTESIAN_POINT('',(1.256696177566,-6.499998832784));
#6324 = CARTESIAN_POINT('',(0.628300003816,-6.749998658579));
#6325 = CARTESIAN_POINT('',(-2.431832513139E-12,-6.999998484353));
#6326 = ( GEOMETRIC_REPRESENTATION_CONTEXT(2) 
PARAMETRIC_REPRESENTATION_CONTEXT() REPRESENTATION_CONTEXT('2D SPACE',''
  ) );
#6327 = ORIENTED_EDGE('',*,*,#6328,.T.);
#6328 = EDGE_CURVE('',#6227,#6329,#6331,.T.);
#6329 = VERTEX_POINT('',#6330);
#6330 = CARTESIAN_POINT('',(10.199997871581,-6.453446566675E-12,
    5.499999985962));
#6331 = SURFACE_CURVE('',#6332,(#6407,#6414),.PCURVE_S1.);
#6332 = B_SPLINE_CURVE_WITH_KNOTS('',10,(#6333,#6334,#6335,#6336,#6337,
    #6338,#6339,#6340,#6341,#6342,#6343,#6344,#6345,#6346,#6347,#6348,
    #6349,#6350,#6351,#6352,#6353,#6354,#6355,#6356,#6357,#6358,#6359,
    #6360,#6361,#6362,#6363,#6364,#6365,#6366,#6367,#6368,#6369,#6370,
    #6371,#6372,#6373,#6374,#6375,#6376,#6377,#6378,#6379,#6380,#6381,
    #6382,#6383,#6384,#6385,#6386,#6387,#6388,#6389,#6390,#6391,#6392,
    #6393,#6394,#6395,#6396,#6397,#6398,#6399,#6400,#6401,#6402,#6403,
    #6404,#6405,#6406),.UNSPECIFIED.,.F.,.F.,(11,9,9,9,9,9,9,9,11),(0.,
    5.274577639062,10.549155278124,15.823732917185,21.098310556247,
    26.372888195309,31.647465834371,36.922043473433,42.196621112495),
  .UNSPECIFIED.);
#6333 = CARTESIAN_POINT('',(10.2,3.613946018758E-15,15.5));
#6334 = CARTESIAN_POINT('',(10.199999386296,-4.998902208771,15.305));
#6335 = CARTESIAN_POINT('',(7.478162899529,-9.998055618341,
    15.110000000001));
#6336 = CARTESIAN_POINT('',(2.031890714295,-13.32764370143,
    14.914999999998));
#6337 = CARTESIAN_POINT('',(-4.959180828182,-13.32956430637,
    14.720000000003));
#6338 = CARTESIAN_POINT('',(-11.19815955814,-9.263915244654,
    14.524999999997));
#6339 = CARTESIAN_POINT('',(-14.02271490696,-2.373639180214,
    14.330000000003));
#6340 = CARTESIAN_POINT('',(-12.71083698442,4.493259401777,
    14.134999999999));
#6341 = CARTESIAN_POINT('',(-8.419694833088,9.219149197338,13.94));
#6342 = CARTESIAN_POINT('',(-2.999068420692,10.956031213654,13.745));
#6343 = CARTESIAN_POINT('',(6.821647219323,9.082628592241,13.355));
#6344 = CARTESIAN_POINT('',(11.222230532921,5.472255109563,
    13.160000000001));
#6345 = CARTESIAN_POINT('',(13.472312877827,-0.501450854724,
    12.964999999996));
#6346 = CARTESIAN_POINT('',(12.164203218085,-7.369051585759,
    12.770000000006));
#6347 = CARTESIAN_POINT('',(7.001500006639,-12.73569381561,
    12.574999999994));
#6348 = CARTESIAN_POINT('',(-0.295999267987,-14.2191098144,
    12.380000000005));
#6349 = CARTESIAN_POINT('',(-6.795444758337,-11.64374020551,
    12.184999999998));
#6350 = CARTESIAN_POINT('',(-10.63354620892,-6.543062614218,
    11.990000000001));
#6351 = CARTESIAN_POINT('',(-11.32393916232,-0.892991138599,11.795));
#6352 = CARTESIAN_POINT('',(-7.643501045977,8.402731976225,11.405));
#6353 = CARTESIAN_POINT('',(-3.272490116538,12.048852336144,
    11.210000000002));
#6354 = CARTESIAN_POINT('',(3.017028478428,13.139718653963,
    11.014999999996));
#6355 = CARTESIAN_POINT('',(9.517869813147,10.567919166452,
    10.820000000006));
#6356 = CARTESIAN_POINT('',(13.822059939087,4.491053140317,
    10.624999999994));
#6357 = CARTESIAN_POINT('',(13.911785555772,-2.955151794538,
    10.430000000003));
#6358 = CARTESIAN_POINT('',(10.164158182491,-8.856898096521,
    10.234999999999));
#6359 = CARTESIAN_POINT('',(4.434639119389,-11.67124454477,10.04));
#6360 = CARTESIAN_POINT('',(-1.244720796076,-11.2906909207,9.845));
#6361 = CARTESIAN_POINT('',(-9.686145765565,-5.933598664549,
    9.454999999999));
#6362 = CARTESIAN_POINT('',(-12.44892958941,-0.954479114625,
    9.260000000003));
#6363 = CARTESIAN_POINT('',(-12.34032910787,5.415302496512,
    9.064999999995));
#6364 = CARTESIAN_POINT('',(-8.600077538396,11.351849616597,
    8.870000000003));
#6365 = CARTESIAN_POINT('',(-1.817932312661,14.390408432602,8.675));
#6366 = CARTESIAN_POINT('',(5.506800365314,13.133966217475,
    8.479999999999));
#6367 = CARTESIAN_POINT('',(10.605905644758,8.314081920931,8.285));
#6368 = CARTESIAN_POINT('',(12.295191170671,2.171432737939,8.09));
#6369 = CARTESIAN_POINT('',(10.857464324267,-3.338337876005,7.895));
#6370 = CARTESIAN_POINT('',(4.013495592307,-10.6264230122,7.504999999999
    ));
#6371 = CARTESIAN_POINT('',(-1.395124126268,-12.40727637214,
    7.310000000004));
#6372 = CARTESIAN_POINT('',(-7.631729691812,-11.10702145178,
    7.114999999993));
#6373 = CARTESIAN_POINT('',(-12.76227098526,-6.320622017109,
    6.920000000007));
#6374 = CARTESIAN_POINT('',(-14.47616128269,0.910761916115,
    6.724999999996));
#6375 = CARTESIAN_POINT('',(-11.86945607531,7.870319646708,
    6.530000000002));
#6376 = CARTESIAN_POINT('',(-6.179468130361,11.975949497197,
    6.334999999999));
#6377 = CARTESIAN_POINT('',(0.170918390354,12.484295453191,6.14));
#6378 = CARTESIAN_POINT('',(5.313692672372,10.039606641232,5.945));
#6379 = CARTESIAN_POINT('',(11.190253925908,1.951212437809,
    5.554999999998));
#6380 = CARTESIAN_POINT('',(11.92667038841,-3.693043139094,5.36000000001
    ));
#6381 = CARTESIAN_POINT('',(9.477626692824,-9.587974729686,
    5.164999999974));
#6382 = CARTESIAN_POINT('',(3.822859589671,-13.69877753106,
    4.970000000042));
#6383 = CARTESIAN_POINT('',(-3.614308495878,-14.07677780481,
    4.774999999952));
#6384 = CARTESIAN_POINT('',(-9.949424651012,-10.16265952356,
    4.580000000039));
#6385 = CARTESIAN_POINT('',(-12.9243546988,-3.836119272218,
    4.384999999978));
#6386 = CARTESIAN_POINT('',(-12.23055616074,2.509475909854,
    4.190000000008));
#6387 = CARTESIAN_POINT('',(-8.86609088776,7.100807256693,3.994999999999
    ));
#6388 = CARTESIAN_POINT('',(0.180193390061,11.357664515525,
    3.605000000001));
#6389 = CARTESIAN_POINT('',(5.862464367938,11.023408987621,
    3.409999999997));
#6390 = CARTESIAN_POINT('',(11.194075486122,7.513144559404,
    3.215000000008));
#6391 = CARTESIAN_POINT('',(14.172466974743,1.188251292412,
    3.019999999987));
#6392 = CARTESIAN_POINT('',(13.150185491684,-6.188014283063,
    2.825000000017));
#6393 = CARTESIAN_POINT('',(8.118314613096,-11.67748549144,
    2.629999999984));
#6394 = CARTESIAN_POINT('',(1.346388479634,-13.41424591323,
    2.435000000011));
#6395 = CARTESIAN_POINT('',(-4.756803883672,-11.54369049388,
    2.239999999995));
#6396 = CARTESIAN_POINT('',(-8.636372203993,-7.37848944265,
    2.045000000002));
#6397 = CARTESIAN_POINT('',(-11.12272417718,2.305215773559,
    1.654999999998));
#6398 = CARTESIAN_POINT('',(-9.729637829073,7.824204894699,
    1.460000000012));
#6399 = CARTESIAN_POINT('',(-5.282505530803,12.403620480199,
    1.264999999971));
#6400 = CARTESIAN_POINT('',(1.488451392324,14.144089822238,
    1.070000000048));
#6401 = CARTESIAN_POINT('',(8.542506589813,11.757741133038,
    0.874999999946));
#6402 = CARTESIAN_POINT('',(12.991865573829,5.786374563886,
    0.680000000044));
#6403 = CARTESIAN_POINT('',(13.428930791273,-1.191038997006,
    0.484999999975));
#6404 = CARTESIAN_POINT('',(10.447883826033,-6.835619546348,
    0.29000000001));
#6405 = CARTESIAN_POINT('',(5.629501337242,-9.865989466431,
    9.499999999786E-02));
#6406 = CARTESIAN_POINT('',(0.640463292281,-10.17987252001,
    -9.999999999999E-02));
#6407 = PCURVE('',#4415,#6408);
#6408 = DEFINITIONAL_REPRESENTATION('',(#6409),#6413);
#6409 = LINE('',#6410,#6411);
#6410 = CARTESIAN_POINT('',(1.141271221051,0.));
#6411 = VECTOR('',#6412,1.);
#6412 = DIRECTION('',(0.,1.));
#6413 = ( GEOMETRIC_REPRESENTATION_CONTEXT(2) 
PARAMETRIC_REPRESENTATION_CONTEXT() REPRESENTATION_CONTEXT('2D SPACE',''
  ) );
#6414 = PCURVE('',#5775,#6415);
#6415 = DEFINITIONAL_REPRESENTATION('',(#6416),#6433);
#6416 = B_SPLINE_CURVE_WITH_KNOTS('',8,(#6417,#6418,#6419,#6420,#6421,
    #6422,#6423,#6424,#6425,#6426,#6427,#6428,#6429,#6430,#6431,#6432),
  .UNSPECIFIED.,.F.,.F.,(9,7,9),(20.286832973624,23.667974554674,
    27.049116135723),.UNSPECIFIED.);
#6417 = CARTESIAN_POINT('',(6.283185307177,-6.999998484353));
#6418 = CARTESIAN_POINT('',(5.890497290849,-7.156248579958));
#6419 = CARTESIAN_POINT('',(5.497877639006,-7.312498675552));
#6420 = CARTESIAN_POINT('',(5.104845048838,-7.468748771211));
#6421 = CARTESIAN_POINT('',(4.712658437144,-7.624998866704));
#6422 = CARTESIAN_POINT('',(4.319565574151,-7.781248962405));
#6423 = CARTESIAN_POINT('',(3.927011485189,-7.937499057979));
#6424 = CARTESIAN_POINT('',(3.534292898327,-8.09374915359));
#6425 = CARTESIAN_POINT('',(2.748896560105,-8.406249344801));
#6426 = CARTESIAN_POINT('',(2.356166623945,-8.562499440409));
#6427 = CARTESIAN_POINT('',(1.963629662669,-8.718749535994));
#6428 = CARTESIAN_POINT('',(1.570581689059,-8.874999631575));
#6429 = CARTESIAN_POINT('',(1.178247615936,-9.03124972721));
#6430 = CARTESIAN_POINT('',(0.785365407619,-9.187499822829));
#6431 = CARTESIAN_POINT('',(0.392699005526,-9.343749918432));
#6432 = CARTESIAN_POINT('',(1.342608502355E-13,-9.500000014037));
#6433 = ( GEOMETRIC_REPRESENTATION_CONTEXT(2) 
PARAMETRIC_REPRESENTATION_CONTEXT() REPRESENTATION_CONTEXT('2D SPACE',''
  ) );
#6434 = ORIENTED_EDGE('',*,*,#6435,.T.);
#6435 = EDGE_CURVE('',#6329,#6436,#6438,.T.);
#6436 = VERTEX_POINT('',#6437);
#6437 = CARTESIAN_POINT('',(9.632649102081,3.354415993059,3.133332282285
    ));
#6438 = SURFACE_CURVE('',#6439,(#6514,#6521),.PCURVE_S1.);
#6439 = B_SPLINE_CURVE_WITH_KNOTS('',10,(#6440,#6441,#6442,#6443,#6444,
    #6445,#6446,#6447,#6448,#6449,#6450,#6451,#6452,#6453,#6454,#6455,
    #6456,#6457,#6458,#6459,#6460,#6461,#6462,#6463,#6464,#6465,#6466,
    #6467,#6468,#6469,#6470,#6471,#6472,#6473,#6474,#6475,#6476,#6477,
    #6478,#6479,#6480,#6481,#6482,#6483,#6484,#6485,#6486,#6487,#6488,
    #6489,#6490,#6491,#6492,#6493,#6494,#6495,#6496,#6497,#6498,#6499,
    #6500,#6501,#6502,#6503,#6504,#6505,#6506,#6507,#6508,#6509,#6510,
    #6511,#6512,#6513),.UNSPECIFIED.,.F.,.F.,(11,9,9,9,9,9,9,9,11),(0.,
    5.274577639062,10.549155278124,15.823732917185,21.098310556247,
    26.372888195309,31.647465834371,36.922043473433,42.196621112495),
  .UNSPECIFIED.);
#6440 = CARTESIAN_POINT('',(10.2,3.613946018758E-15,15.5));
#6441 = CARTESIAN_POINT('',(10.199999386296,-4.998902208771,15.305));
#6442 = CARTESIAN_POINT('',(7.478162899529,-9.998055618341,
    15.110000000001));
#6443 = CARTESIAN_POINT('',(2.031890714295,-13.32764370143,
    14.914999999998));
#6444 = CARTESIAN_POINT('',(-4.959180828182,-13.32956430637,
    14.720000000003));
#6445 = CARTESIAN_POINT('',(-11.19815955814,-9.263915244654,
    14.524999999997));
#6446 = CARTESIAN_POINT('',(-14.02271490696,-2.373639180214,
    14.330000000003));
#6447 = CARTESIAN_POINT('',(-12.71083698442,4.493259401777,
    14.134999999999));
#6448 = CARTESIAN_POINT('',(-8.419694833088,9.219149197338,13.94));
#6449 = CARTESIAN_POINT('',(-2.999068420692,10.956031213654,13.745));
#6450 = CARTESIAN_POINT('',(6.821647219323,9.082628592241,13.355));
#6451 = CARTESIAN_POINT('',(11.222230532921,5.472255109563,
    13.160000000001));
#6452 = CARTESIAN_POINT('',(13.472312877827,-0.501450854724,
    12.964999999996));
#6453 = CARTESIAN_POINT('',(12.164203218085,-7.369051585759,
    12.770000000006));
#6454 = CARTESIAN_POINT('',(7.001500006639,-12.73569381561,
    12.574999999994));
#6455 = CARTESIAN_POINT('',(-0.295999267987,-14.2191098144,
    12.380000000005));
#6456 = CARTESIAN_POINT('',(-6.795444758337,-11.64374020551,
    12.184999999998));
#6457 = CARTESIAN_POINT('',(-10.63354620892,-6.543062614218,
    11.990000000001));
#6458 = CARTESIAN_POINT('',(-11.32393916232,-0.892991138599,11.795));
#6459 = CARTESIAN_POINT('',(-7.643501045977,8.402731976225,11.405));
#6460 = CARTESIAN_POINT('',(-3.272490116538,12.048852336144,
    11.210000000002));
#6461 = CARTESIAN_POINT('',(3.017028478428,13.139718653963,
    11.014999999996));
#6462 = CARTESIAN_POINT('',(9.517869813147,10.567919166452,
    10.820000000006));
#6463 = CARTESIAN_POINT('',(13.822059939087,4.491053140317,
    10.624999999994));
#6464 = CARTESIAN_POINT('',(13.911785555772,-2.955151794538,
    10.430000000003));
#6465 = CARTESIAN_POINT('',(10.164158182491,-8.856898096521,
    10.234999999999));
#6466 = CARTESIAN_POINT('',(4.434639119389,-11.67124454477,10.04));
#6467 = CARTESIAN_POINT('',(-1.244720796076,-11.2906909207,9.845));
#6468 = CARTESIAN_POINT('',(-9.686145765565,-5.933598664549,
    9.454999999999));
#6469 = CARTESIAN_POINT('',(-12.44892958941,-0.954479114625,
    9.260000000003));
#6470 = CARTESIAN_POINT('',(-12.34032910787,5.415302496512,
    9.064999999995));
#6471 = CARTESIAN_POINT('',(-8.600077538396,11.351849616597,
    8.870000000003));
#6472 = CARTESIAN_POINT('',(-1.817932312661,14.390408432602,8.675));
#6473 = CARTESIAN_POINT('',(5.506800365314,13.133966217475,
    8.479999999999));
#6474 = CARTESIAN_POINT('',(10.605905644758,8.314081920931,8.285));
#6475 = CARTESIAN_POINT('',(12.295191170671,2.171432737939,8.09));
#6476 = CARTESIAN_POINT('',(10.857464324267,-3.338337876005,7.895));
#6477 = CARTESIAN_POINT('',(4.013495592307,-10.6264230122,7.504999999999
    ));
#6478 = CARTESIAN_POINT('',(-1.395124126268,-12.40727637214,
    7.310000000004));
#6479 = CARTESIAN_POINT('',(-7.631729691812,-11.10702145178,
    7.114999999993));
#6480 = CARTESIAN_POINT('',(-12.76227098526,-6.320622017109,
    6.920000000007));
#6481 = CARTESIAN_POINT('',(-14.47616128269,0.910761916115,
    6.724999999996));
#6482 = CARTESIAN_POINT('',(-11.86945607531,7.870319646708,
    6.530000000002));
#6483 = CARTESIAN_POINT('',(-6.179468130361,11.975949497197,
    6.334999999999));
#6484 = CARTESIAN_POINT('',(0.170918390354,12.484295453191,6.14));
#6485 = CARTESIAN_POINT('',(5.313692672372,10.039606641232,5.945));
#6486 = CARTESIAN_POINT('',(11.190253925908,1.951212437809,
    5.554999999998));
#6487 = CARTESIAN_POINT('',(11.92667038841,-3.693043139094,5.36000000001
    ));
#6488 = CARTESIAN_POINT('',(9.477626692824,-9.587974729686,
    5.164999999974));
#6489 = CARTESIAN_POINT('',(3.822859589671,-13.69877753106,
    4.970000000042));
#6490 = CARTESIAN_POINT('',(-3.614308495878,-14.07677780481,
    4.774999999952));
#6491 = CARTESIAN_POINT('',(-9.949424651012,-10.16265952356,
    4.580000000039));
#6492 = CARTESIAN_POINT('',(-12.9243546988,-3.836119272218,
    4.384999999978));
#6493 = CARTESIAN_POINT('',(-12.23055616074,2.509475909854,
    4.190000000008));
#6494 = CARTESIAN_POINT('',(-8.86609088776,7.100807256693,3.994999999999
    ));
#6495 = CARTESIAN_POINT('',(0.180193390061,11.357664515525,
    3.605000000001));
#6496 = CARTESIAN_POINT('',(5.862464367938,11.023408987621,
    3.409999999997));
#6497 = CARTESIAN_POINT('',(11.194075486122,7.513144559404,
    3.215000000008));
#6498 = CARTESIAN_POINT('',(14.172466974743,1.188251292412,
    3.019999999987));
#6499 = CARTESIAN_POINT('',(13.150185491684,-6.188014283063,
    2.825000000017));
#6500 = CARTESIAN_POINT('',(8.118314613096,-11.67748549144,
    2.629999999984));
#6501 = CARTESIAN_POINT('',(1.346388479634,-13.41424591323,
    2.435000000011));
#6502 = CARTESIAN_POINT('',(-4.756803883672,-11.54369049388,
    2.239999999995));
#6503 = CARTESIAN_POINT('',(-8.636372203993,-7.37848944265,
    2.045000000002));
#6504 = CARTESIAN_POINT('',(-11.12272417718,2.305215773559,
    1.654999999998));
#6505 = CARTESIAN_POINT('',(-9.729637829073,7.824204894699,
    1.460000000012));
#6506 = CARTESIAN_POINT('',(-5.282505530803,12.403620480199,
    1.264999999971));
#6507 = CARTESIAN_POINT('',(1.488451392324,14.144089822238,
    1.070000000048));
#6508 = CARTESIAN_POINT('',(8.542506589813,11.757741133038,
    0.874999999946));
#6509 = CARTESIAN_POINT('',(12.991865573829,5.786374563886,
    0.680000000044));
#6510 = CARTESIAN_POINT('',(13.428930791273,-1.191038997006,
    0.484999999975));
#6511 = CARTESIAN_POINT('',(10.447883826033,-6.835619546348,
    0.29000000001));
#6512 = CARTESIAN_POINT('',(5.629501337242,-9.865989466431,
    9.499999999786E-02));
#6513 = CARTESIAN_POINT('',(0.640463292281,-10.17987252001,
    -9.999999999999E-02));
#6514 = PCURVE('',#4415,#6515);
#6515 = DEFINITIONAL_REPRESENTATION('',(#6516),#6520);
#6516 = LINE('',#6517,#6518);
#6517 = CARTESIAN_POINT('',(1.141271221051,0.));
#6518 = VECTOR('',#6519,1.);
#6519 = DIRECTION('',(0.,1.));
#6520 = ( GEOMETRIC_REPRESENTATION_CONTEXT(2) 
PARAMETRIC_REPRESENTATION_CONTEXT() REPRESENTATION_CONTEXT('2D SPACE',''
  ) );
#6521 = PCURVE('',#5673,#6522);
#6522 = DEFINITIONAL_REPRESENTATION('',(#6523),#6531);
#6523 = B_SPLINE_CURVE_WITH_KNOTS('',6,(#6524,#6525,#6526,#6527,#6528,
    #6529,#6530),.UNSPECIFIED.,.F.,.F.,(7,7),(27.049116135723,
    33.450743083882),.PIECEWISE_BEZIER_KNOTS.);
#6524 = CARTESIAN_POINT('',(6.28318530718,-9.500000014037));
#6525 = CARTESIAN_POINT('',(5.291838656539,-9.894444631317));
#6526 = CARTESIAN_POINT('',(4.300486505242,-10.28888924859));
#6527 = CARTESIAN_POINT('',(3.309150085494,-10.68333386587));
#6528 = CARTESIAN_POINT('',(2.317789161013,-11.07777848315));
#6529 = CARTESIAN_POINT('',(1.326450198202,-11.47222310043));
#6530 = CARTESIAN_POINT('',(0.335100686028,-11.86666771771));
#6531 = ( GEOMETRIC_REPRESENTATION_CONTEXT(2) 
PARAMETRIC_REPRESENTATION_CONTEXT() REPRESENTATION_CONTEXT('2D SPACE',''
  ) );
#6532 = ORIENTED_EDGE('',*,*,#6533,.T.);
#6533 = EDGE_CURVE('',#6436,#6138,#6534,.T.);
#6534 = SURFACE_CURVE('',#6535,(#6542,#6552),.PCURVE_S1.);
#6535 = B_SPLINE_CURVE_WITH_KNOTS('',5,(#6536,#6537,#6538,#6539,#6540,
    #6541),.UNSPECIFIED.,.F.,.F.,(6,6),(0.,1.),
  .PIECEWISE_BEZIER_KNOTS.);
#6536 = CARTESIAN_POINT('',(9.632649102081,3.354415993059,3.133332282285
    ));
#6537 = CARTESIAN_POINT('',(9.353816867123,3.556763007937,3.252591740014
    ));
#6538 = CARTESIAN_POINT('',(9.067954454066,3.744647250002,3.372817972949
    ));
#6539 = CARTESIAN_POINT('',(8.775925302595,3.917447316212,3.494020935574
    ));
#6540 = CARTESIAN_POINT('',(8.478690779776,4.074601792514,3.616210265826
    ));
#6541 = CARTESIAN_POINT('',(8.177314083788,4.215638255805,3.739391583376
    ));
#6542 = PCURVE('',#4415,#6543);
#6543 = DEFINITIONAL_REPRESENTATION('',(#6544),#6551);
#6544 = B_SPLINE_CURVE_WITH_KNOTS('',5,(#6545,#6546,#6547,#6548,#6549,
    #6550),.UNSPECIFIED.,.F.,.F.,(6,6),(0.,1.),
  .PIECEWISE_BEZIER_KNOTS.);
#6545 = CARTESIAN_POINT('',(1.141271221051,33.450743083882));
#6546 = CARTESIAN_POINT('',(0.916693447258,33.420904652581));
#6547 = CARTESIAN_POINT('',(0.690295161201,33.390824306953));
#6548 = CARTESIAN_POINT('',(0.462057644682,33.360499521159));
#6549 = CARTESIAN_POINT('',(0.231962777774,33.329927845419));
#6550 = CARTESIAN_POINT('',(0.,33.299107844534));
#6551 = ( GEOMETRIC_REPRESENTATION_CONTEXT(2) 
PARAMETRIC_REPRESENTATION_CONTEXT() REPRESENTATION_CONTEXT('2D SPACE',''
  ) );
#6552 = PCURVE('',#5535,#6553);
#6553 = DEFINITIONAL_REPRESENTATION('',(#6554),#6561);
#6554 = B_SPLINE_CURVE_WITH_KNOTS('',5,(#6555,#6556,#6557,#6558,#6559,
    #6560),.UNSPECIFIED.,.F.,.F.,(6,6),(0.,1.),
  .PIECEWISE_BEZIER_KNOTS.);
#6555 = CARTESIAN_POINT('',(5.948084621151,0.666667717715));
#6556 = CARTESIAN_POINT('',(5.92036012943,0.547408259986));
#6557 = CARTESIAN_POINT('',(5.892410867318,0.427182027051));
#6558 = CARTESIAN_POINT('',(5.86423448987,0.305979064426));
#6559 = CARTESIAN_POINT('',(5.835828722433,0.183789734174));
#6560 = CARTESIAN_POINT('',(5.807192232142,6.060841662409E-02));
#6561 = ( GEOMETRIC_REPRESENTATION_CONTEXT(2) 
PARAMETRIC_REPRESENTATION_CONTEXT() REPRESENTATION_CONTEXT('2D SPACE',''
  ) );
#6562 = ADVANCED_FACE('',(#6563),#5178,.T.);
#6563 = FACE_BOUND('',#6564,.T.);
#6564 = EDGE_LOOP('',(#6565,#6566,#6567,#6568));
#6565 = ORIENTED_EDGE('',*,*,#5347,.F.);
#6566 = ORIENTED_EDGE('',*,*,#5116,.F.);
#6567 = ORIENTED_EDGE('',*,*,#6137,.T.);
#6568 = ORIENTED_EDGE('',*,*,#6569,.F.);
#6569 = EDGE_CURVE('',#5348,#6138,#6570,.T.);
#6570 = SURFACE_CURVE('',#6571,(#6599,#6650),.PCURVE_S1.);
#6571 = B_SPLINE_CURVE_WITH_KNOTS('',6,(#6572,#6573,#6574,#6575,#6576,
    #6577,#6578,#6579,#6580,#6581,#6582,#6583,#6584,#6585,#6586,#6587,
    #6588,#6589,#6590,#6591,#6592,#6593,#6594,#6595,#6596,#6597,#6598),
  .UNSPECIFIED.,.F.,.F.,(7,5,5,5,5,7),(0.,0.439553129926,0.895037454534,
    0.938489086089,1.,1.609692120345),.UNSPECIFIED.);
#6572 = CARTESIAN_POINT('',(6.53638794139,-6.474210624352,3.739401497738
    ));
#6573 = CARTESIAN_POINT('',(6.906618507262,-6.100408494153,
    3.739408290662));
#6574 = CARTESIAN_POINT('',(7.251209790031,-5.701187551442,
    3.739414852455));
#6575 = CARTESIAN_POINT('',(7.567953107058,-5.278773161752,
    3.739420465504));
#6576 = CARTESIAN_POINT('',(7.85494638856,-4.835608457111,3.73942442439)
  );
#6577 = CARTESIAN_POINT('',(8.110555512867,-4.374323172034,
    3.739426365303));
#6578 = CARTESIAN_POINT('',(8.564435943789,-3.403921749493,
    3.739426228307));
#6579 = CARTESIAN_POINT('',(8.760310094854,-2.893642110891,
    3.739424002273));
#6580 = CARTESIAN_POINT('',(8.919594656067,-2.370080131741,
    3.739419624983));
#6581 = CARTESIAN_POINT('',(9.041224410715,-1.836512020874,
    3.739413534209));
#6582 = CARTESIAN_POINT('',(9.124495764633,-1.296310335371,
    3.739406549861));
#6583 = CARTESIAN_POINT('',(9.173384662337,-0.701121452322,
    3.739398796252));
#6584 = CARTESIAN_POINT('',(9.177290698939,-0.649258405596,
    3.739398120147));
#6585 = CARTESIAN_POINT('',(9.180844860691,-0.597369457835,
    3.739397443886));
#6586 = CARTESIAN_POINT('',(9.184046935324,-0.545457593213,
    3.739396768165));
#6587 = CARTESIAN_POINT('',(9.186896744323,-0.493525798138,
    3.739396093676));
#6588 = CARTESIAN_POINT('',(9.192929505481,-0.368037491671,
    3.739394469007));
#6589 = CARTESIAN_POINT('',(9.195758646666,-0.294463970002,
    3.739393520753));
#6590 = CARTESIAN_POINT('',(9.197881155805,-0.220864975405,
    3.739392578304));
#6591 = CARTESIAN_POINT('',(9.199296758077,-0.147248990661,
    3.739391643581));
#6592 = CARTESIAN_POINT('',(9.200005314523,-7.36245021815E-02,
    3.739390718471));
#6593 = CARTESIAN_POINT('',(9.200021764529,0.729761208062,3.73938074877)
  );
#6594 = CARTESIAN_POINT('',(9.130571520636,1.459613678026,3.739372819193
    ));
#6595 = CARTESIAN_POINT('',(8.991622478751,2.181091964095,3.73936779418)
  );
#6596 = CARTESIAN_POINT('',(8.784571272393,2.886051498423,3.739367024906
    ));
#6597 = CARTESIAN_POINT('',(8.511907125155,3.566612508467,3.739369729474
    ));
#6598 = CARTESIAN_POINT('',(8.177538350754,4.215265112585,3.739374392411
    ));
#6599 = PCURVE('',#5178,#6600);
#6600 = DEFINITIONAL_REPRESENTATION('',(#6601),#6649);
#6601 = B_SPLINE_CURVE_WITH_KNOTS('',3,(#6602,#6603,#6604,#6605,#6606,
    #6607,#6608,#6609,#6610,#6611,#6612,#6613,#6614,#6615,#6616,#6617,
    #6618,#6619,#6620,#6621,#6622,#6623,#6624,#6625,#6626,#6627,#6628,
    #6629,#6630,#6631,#6632,#6633,#6634,#6635,#6636,#6637,#6638,#6639,
    #6640,#6641,#6642,#6643,#6644,#6645,#6646,#6647,#6648),
  .UNSPECIFIED.,.F.,.F.,(4,1,1,1,1,1,1,1,1,1,1,1,1,1,1,1,1,1,1,1,1,1,1,1
    ,1,1,1,1,1,1,1,1,1,1,1,1,1,1,1,1,1,1,1,1,4),(0.,3.658391182602E-02,
    7.316782365204E-02,0.109751735478,0.146335647304,0.18291955913,
    0.219503470956,0.256087382782,0.292671294608,0.329255206434,
    0.36583911826,0.402423030086,0.439006941912,0.475590853738,
    0.512174765564,0.54875867739,0.585342589216,0.621926501042,
    0.658510412868,0.695094324694,0.73167823652,0.768262148346,
    0.804846060172,0.841429971998,0.878013883824,0.914597795651,
    0.951181707477,0.987765619303,1.024349531129,1.060933442955,
    1.097517354781,1.134101266607,1.170685178433,1.207269090259,
    1.243853002085,1.280436913911,1.317020825737,1.353604737563,
    1.390188649389,1.426772561215,1.463356473041,1.499940384867,
    1.536524296693,1.573108208519,1.609692120345),
  .QUASI_UNIFORM_KNOTS.);
#6602 = CARTESIAN_POINT('',(0.,34.651536840817));
#6603 = CARTESIAN_POINT('',(3.786492824174E-03,34.641291653295));
#6604 = CARTESIAN_POINT('',(1.135953345371E-02,34.620801173701));
#6605 = CARTESIAN_POINT('',(2.271925334276E-02,34.59006528682));
#6606 = CARTESIAN_POINT('',(3.407911466943E-02,34.55932941163));
#6607 = CARTESIAN_POINT('',(4.543914020565E-02,34.528593611739));
#6608 = CARTESIAN_POINT('',(5.67993682401E-02,34.497857901753));
#6609 = CARTESIAN_POINT('',(6.815984885716E-02,34.467122255004));
#6610 = CARTESIAN_POINT('',(7.952063513719E-02,34.436386625772));
#6611 = CARTESIAN_POINT('',(9.088177548509E-02,34.405650968507));
#6612 = CARTESIAN_POINT('',(0.102243307679,34.37491525262));
#6613 = CARTESIAN_POINT('',(0.113605245352,34.344179497928));
#6614 = CARTESIAN_POINT('',(0.124967592752,34.313443733798));
#6615 = CARTESIAN_POINT('',(0.136330252988,34.282708246627));
#6616 = CARTESIAN_POINT('',(0.147693332404,34.251972755914));
#6617 = CARTESIAN_POINT('',(0.159056943853,34.221236947108));
#6618 = CARTESIAN_POINT('',(0.1704209591,34.190501140682));
#6619 = CARTESIAN_POINT('',(0.181785347918,34.159765375479));
#6620 = CARTESIAN_POINT('',(0.193150077655,34.129029681167));
#6621 = CARTESIAN_POINT('',(0.20451513111,34.098294030856));
#6622 = CARTESIAN_POINT('',(0.215880493134,34.067558378492));
#6623 = CARTESIAN_POINT('',(0.227246145994,34.036822672744));
#6624 = CARTESIAN_POINT('',(0.238612062247,34.006086877787));
#6625 = CARTESIAN_POINT('',(0.249978199359,33.975350989572));
#6626 = CARTESIAN_POINT('',(0.26134448971,33.944615064751));
#6627 = CARTESIAN_POINT('',(0.272710846455,33.91387920688));
#6628 = CARTESIAN_POINT('',(0.284077109045,33.883143716139));
#6629 = CARTESIAN_POINT('',(0.295443381154,33.85240817711));
#6630 = CARTESIAN_POINT('',(0.306809586877,33.821672661396));
#6631 = CARTESIAN_POINT('',(0.318175725295,33.790937041246));
#6632 = CARTESIAN_POINT('',(0.329542074269,33.760200440619));
#6633 = CARTESIAN_POINT('',(0.340908331832,33.729463559594));
#6634 = CARTESIAN_POINT('',(0.352274381879,33.698726604651));
#6635 = CARTESIAN_POINT('',(0.363640118574,33.667989765804));
#6636 = CARTESIAN_POINT('',(0.375005483624,33.63725311742));
#6637 = CARTESIAN_POINT('',(0.386370447076,33.60651667157));
#6638 = CARTESIAN_POINT('',(0.397735003689,33.575780388987));
#6639 = CARTESIAN_POINT('',(0.409099165416,33.545044200232));
#6640 = CARTESIAN_POINT('',(0.420462955083,33.514308023358));
#6641 = CARTESIAN_POINT('',(0.431826399737,33.483571782181));
#6642 = CARTESIAN_POINT('',(0.443189523972,33.452835424332));
#6643 = CARTESIAN_POINT('',(0.454552342812,33.422098940246));
#6644 = CARTESIAN_POINT('',(0.465914854798,33.391362381185));
#6645 = CARTESIAN_POINT('',(0.477277032428,33.360625884646));
#6646 = CARTESIAN_POINT('',(0.488638820044,33.32988967748));
#6647 = CARTESIAN_POINT('',(0.496213007338,33.309399338368));
#6648 = CARTESIAN_POINT('',(0.5,33.299154344736));
#6649 = ( GEOMETRIC_REPRESENTATION_CONTEXT(2) 
PARAMETRIC_REPRESENTATION_CONTEXT() REPRESENTATION_CONTEXT('2D SPACE',''
  ) );
#6650 = PCURVE('',#5535,#6651);
#6651 = DEFINITIONAL_REPRESENTATION('',(#6652),#6700);
#6652 = B_SPLINE_CURVE_WITH_KNOTS('',3,(#6653,#6654,#6655,#6656,#6657,
    #6658,#6659,#6660,#6661,#6662,#6663,#6664,#6665,#6666,#6667,#6668,
    #6669,#6670,#6671,#6672,#6673,#6674,#6675,#6676,#6677,#6678,#6679,
    #6680,#6681,#6682,#6683,#6684,#6685,#6686,#6687,#6688,#6689,#6690,
    #6691,#6692,#6693,#6694,#6695,#6696,#6697,#6698,#6699),
  .UNSPECIFIED.,.F.,.F.,(4,1,1,1,1,1,1,1,1,1,1,1,1,1,1,1,1,1,1,1,1,1,1,1
    ,1,1,1,1,1,1,1,1,1,1,1,1,1,1,1,1,1,1,1,1,4),(0.,3.658391182602E-02,
    7.316782365204E-02,0.109751735478,0.146335647304,0.18291955913,
    0.219503470956,0.256087382782,0.292671294608,0.329255206434,
    0.36583911826,0.402423030086,0.439006941912,0.475590853738,
    0.512174765564,0.54875867739,0.585342589216,0.621926501042,
    0.658510412868,0.695094324694,0.73167823652,0.768262148346,
    0.804846060172,0.841429971998,0.878013883824,0.914597795651,
    0.951181707477,0.987765619303,1.024349531129,1.060933442955,
    1.097517354781,1.134101266607,1.170685178433,1.207269090259,
    1.243853002085,1.280436913911,1.317020825737,1.353604737563,
    1.390188649389,1.426772561215,1.463356473041,1.499940384867,
    1.536524296693,1.573108208519,1.609692120345),
  .QUASI_UNIFORM_KNOTS.);
#6653 = CARTESIAN_POINT('',(7.063804532592,6.059850226187E-02));
#6654 = CARTESIAN_POINT('',(7.054285257259,6.059737129796E-02));
#6655 = CARTESIAN_POINT('',(7.035246598597,6.059512588555E-02));
#6656 = CARTESIAN_POINT('',(7.006688422158,6.059185519581E-02));
#6657 = CARTESIAN_POINT('',(6.978130223156,6.058873064015E-02));
#6658 = CARTESIAN_POINT('',(6.94957206128,6.058579804493E-02));
#6659 = CARTESIAN_POINT('',(6.921013951422,6.058310115512E-02));
#6660 = CARTESIAN_POINT('',(6.892455870929,6.058068042127E-02));
#6661 = CARTESIAN_POINT('',(6.863897780151,6.057857214774E-02));
#6662 = CARTESIAN_POINT('',(6.835339640231,6.057680776997E-02));
#6663 = CARTESIAN_POINT('',(6.806781426758,6.057541349265E-02));
#6664 = CARTESIAN_POINT('',(6.778223162604,6.057441018343E-02));
#6665 = CARTESIAN_POINT('',(6.749664879857,6.057381321414E-02));
#6666 = CARTESIAN_POINT('',(6.72110684965,6.057363200278E-02));
#6667 = CARTESIAN_POINT('',(6.692548816495,6.057386789756E-02));
#6668 = CARTESIAN_POINT('',(6.663990493254,6.057451874299E-02));
#6669 = CARTESIAN_POINT('',(6.635432182701,6.05755743743E-02));
#6670 = CARTESIAN_POINT('',(6.606873925689,6.057701848815E-02));
#6671 = CARTESIAN_POINT('',(6.578315754189,6.057882941223E-02));
#6672 = CARTESIAN_POINT('',(6.549757647161,6.05809802668E-02));
#6673 = CARTESIAN_POINT('',(6.5211995652,6.058343904845E-02));
#6674 = CARTESIAN_POINT('',(6.492641463352,6.058616893375E-02));
#6675 = CARTESIAN_POINT('',(6.46408331035,6.058912892664E-02));
#6676 = CARTESIAN_POINT('',(6.435525103666,6.059227482108E-02));
#6677 = CARTESIAN_POINT('',(6.406966896343,6.059556014505E-02));
#6678 = CARTESIAN_POINT('',(6.37840878414,6.059893704105E-02));
#6679 = CARTESIAN_POINT('',(6.349851044626,6.060235511277E-02));
#6680 = CARTESIAN_POINT('',(6.321293289598,6.060576447708E-02));
#6681 = CARTESIAN_POINT('',(6.292735582508,6.060911622235E-02));
#6682 = CARTESIAN_POINT('',(6.264177800755,6.061236062431E-02));
#6683 = CARTESIAN_POINT('',(6.235619125699,6.061545181839E-02));
#6684 = CARTESIAN_POINT('',(6.207060202441,6.061835111458E-02));
#6685 = CARTESIAN_POINT('',(6.178501216839,6.06210162091E-02));
#6686 = CARTESIAN_POINT('',(6.149942338942,6.062340975602E-02));
#6687 = CARTESIAN_POINT('',(6.121383630938,6.06255002611E-02));
#6688 = CARTESIAN_POINT('',(6.092825096866,6.06272628807E-02));
#6689 = CARTESIAN_POINT('',(6.06426669292,6.062867905953E-02));
#6690 = CARTESIAN_POINT('',(6.035708347269,6.062973604568E-02));
#6691 = CARTESIAN_POINT('',(6.00714997661,6.063042653855E-02));
#6692 = CARTESIAN_POINT('',(5.978591503302,6.063074871052E-02));
#6693 = CARTESIAN_POINT('',(5.950032872292,6.06307066249E-02));
#6694 = CARTESIAN_POINT('',(5.921474068909,6.063031089282E-02));
#6695 = CARTESIAN_POINT('',(5.892915135749,6.062957927744E-02));
#6696 = CARTESIAN_POINT('',(5.864356196461,6.062853660753E-02));
#6697 = CARTESIAN_POINT('',(5.835797458625,6.06272138348E-02));
#6698 = CARTESIAN_POINT('',(5.816758686728,6.062616694554E-02));
#6699 = CARTESIAN_POINT('',(5.807239452392,6.06256075886E-02));
#6700 = ( GEOMETRIC_REPRESENTATION_CONTEXT(2) 
PARAMETRIC_REPRESENTATION_CONTEXT() REPRESENTATION_CONTEXT('2D SPACE',''
  ) );
#6701 = ADVANCED_FACE('',(#6702),#5883,.F.);
#6702 = FACE_BOUND('',#6703,.F.);
#6703 = EDGE_LOOP('',(#6704,#6705,#6726,#6727));
#6704 = ORIENTED_EDGE('',*,*,#6226,.T.);
#6705 = ORIENTED_EDGE('',*,*,#6706,.T.);
#6706 = EDGE_CURVE('',#6227,#5689,#6707,.T.);
#6707 = SURFACE_CURVE('',#6708,(#6712,#6719),.PCURVE_S1.);
#6708 = LINE('',#6709,#6710);
#6709 = CARTESIAN_POINT('',(10.2,0.,15.));
#6710 = VECTOR('',#6711,1.);
#6711 = DIRECTION('',(0.,-1.224646799147E-16,-1.));
#6712 = PCURVE('',#5883,#6713);
#6713 = DEFINITIONAL_REPRESENTATION('',(#6714),#6718);
#6714 = LINE('',#6715,#6716);
#6715 = CARTESIAN_POINT('',(0.,0.));
#6716 = VECTOR('',#6717,1.);
#6717 = DIRECTION('',(0.,-1.));
#6718 = ( GEOMETRIC_REPRESENTATION_CONTEXT(2) 
PARAMETRIC_REPRESENTATION_CONTEXT() REPRESENTATION_CONTEXT('2D SPACE',''
  ) );
#6719 = PCURVE('',#5775,#6720);
#6720 = DEFINITIONAL_REPRESENTATION('',(#6721),#6725);
#6721 = LINE('',#6722,#6723);
#6722 = CARTESIAN_POINT('',(6.28318530718,0.));
#6723 = VECTOR('',#6724,1.);
#6724 = DIRECTION('',(0.,-1.));
#6725 = ( GEOMETRIC_REPRESENTATION_CONTEXT(2) 
PARAMETRIC_REPRESENTATION_CONTEXT() REPRESENTATION_CONTEXT('2D SPACE',''
  ) );
#6726 = ORIENTED_EDGE('',*,*,#5796,.F.);
#6727 = ORIENTED_EDGE('',*,*,#6111,.F.);
#6728 = ADVANCED_FACE('',(#6729),#5775,.F.);
#6729 = FACE_BOUND('',#6730,.F.);
#6730 = EDGE_LOOP('',(#6731,#6732,#6753,#6754));
#6731 = ORIENTED_EDGE('',*,*,#6328,.T.);
#6732 = ORIENTED_EDGE('',*,*,#6733,.T.);
#6733 = EDGE_CURVE('',#6329,#5587,#6734,.T.);
#6734 = SURFACE_CURVE('',#6735,(#6739,#6746),.PCURVE_S1.);
#6735 = LINE('',#6736,#6737);
#6736 = CARTESIAN_POINT('',(10.2,0.,15.));
#6737 = VECTOR('',#6738,1.);
#6738 = DIRECTION('',(0.,-1.224646799147E-16,-1.));
#6739 = PCURVE('',#5775,#6740);
#6740 = DEFINITIONAL_REPRESENTATION('',(#6741),#6745);
#6741 = LINE('',#6742,#6743);
#6742 = CARTESIAN_POINT('',(0.,0.));
#6743 = VECTOR('',#6744,1.);
#6744 = DIRECTION('',(0.,-1.));
#6745 = ( GEOMETRIC_REPRESENTATION_CONTEXT(2) 
PARAMETRIC_REPRESENTATION_CONTEXT() REPRESENTATION_CONTEXT('2D SPACE',''
  ) );
#6746 = PCURVE('',#5673,#6747);
#6747 = DEFINITIONAL_REPRESENTATION('',(#6748),#6752);
#6748 = LINE('',#6749,#6750);
#6749 = CARTESIAN_POINT('',(6.28318530718,0.));
#6750 = VECTOR('',#6751,1.);
#6751 = DIRECTION('',(0.,-1.));
#6752 = ( GEOMETRIC_REPRESENTATION_CONTEXT(2) 
PARAMETRIC_REPRESENTATION_CONTEXT() REPRESENTATION_CONTEXT('2D SPACE',''
  ) );
#6753 = ORIENTED_EDGE('',*,*,#5688,.F.);
#6754 = ORIENTED_EDGE('',*,*,#6706,.F.);
#6755 = ADVANCED_FACE('',(#6756),#5673,.F.);
#6756 = FACE_BOUND('',#6757,.F.);
#6757 = EDGE_LOOP('',(#6758,#6759,#6783,#6806,#6833,#6834,#6856,#6857));
#6758 = ORIENTED_EDGE('',*,*,#6435,.T.);
#6759 = ORIENTED_EDGE('',*,*,#6760,.F.);
#6760 = EDGE_CURVE('',#6761,#6436,#6763,.T.);
#6761 = VERTEX_POINT('',#6762);
#6762 = CARTESIAN_POINT('',(10.2,-1.453247534988E-15,3.133333333333));
#6763 = SURFACE_CURVE('',#6764,(#6769,#6776),.PCURVE_S1.);
#6764 = CIRCLE('',#6765,10.2);
#6765 = AXIS2_PLACEMENT_3D('',#6766,#6767,#6768);
#6766 = CARTESIAN_POINT('',(0.,-1.453247534988E-15,3.133333333333));
#6767 = DIRECTION('',(-0.,1.224646799147E-16,1.));
#6768 = DIRECTION('',(0.,-1.,1.224646799147E-16));
#6769 = PCURVE('',#5673,#6770);
#6770 = DEFINITIONAL_REPRESENTATION('',(#6771),#6775);
#6771 = LINE('',#6772,#6773);
#6772 = CARTESIAN_POINT('',(-1.570796326795,-11.86666666666));
#6773 = VECTOR('',#6774,1.);
#6774 = DIRECTION('',(1.,0.));
#6775 = ( GEOMETRIC_REPRESENTATION_CONTEXT(2) 
PARAMETRIC_REPRESENTATION_CONTEXT() REPRESENTATION_CONTEXT('2D SPACE',''
  ) );
#6776 = PCURVE('',#5535,#6777);
#6777 = DEFINITIONAL_REPRESENTATION('',(#6778),#6782);
#6778 = LINE('',#6779,#6780);
#6779 = CARTESIAN_POINT('',(7.853981633974,0.666666666667));
#6780 = VECTOR('',#6781,1.);
#6781 = DIRECTION('',(-1.,0.));
#6782 = ( GEOMETRIC_REPRESENTATION_CONTEXT(2) 
PARAMETRIC_REPRESENTATION_CONTEXT() REPRESENTATION_CONTEXT('2D SPACE',''
  ) );
#6783 = ORIENTED_EDGE('',*,*,#6784,.T.);
#6784 = EDGE_CURVE('',#6761,#6785,#6787,.T.);
#6785 = VERTEX_POINT('',#6786);
#6786 = CARTESIAN_POINT('',(10.2,-1.592040838892E-15,2.));
#6787 = SEAM_CURVE('',#6788,(#6792,#6799),.PCURVE_S1.);
#6788 = LINE('',#6789,#6790);
#6789 = CARTESIAN_POINT('',(10.2,0.,15.));
#6790 = VECTOR('',#6791,1.);
#6791 = DIRECTION('',(0.,-1.224646799147E-16,-1.));
#6792 = PCURVE('',#5673,#6793);
#6793 = DEFINITIONAL_REPRESENTATION('',(#6794),#6798);
#6794 = LINE('',#6795,#6796);
#6795 = CARTESIAN_POINT('',(0.,0.));
#6796 = VECTOR('',#6797,1.);
#6797 = DIRECTION('',(0.,-1.));
#6798 = ( GEOMETRIC_REPRESENTATION_CONTEXT(2) 
PARAMETRIC_REPRESENTATION_CONTEXT() REPRESENTATION_CONTEXT('2D SPACE',''
  ) );
#6799 = PCURVE('',#5673,#6800);
#6800 = DEFINITIONAL_REPRESENTATION('',(#6801),#6805);
#6801 = LINE('',#6802,#6803);
#6802 = CARTESIAN_POINT('',(6.28318530718,0.));
#6803 = VECTOR('',#6804,1.);
#6804 = DIRECTION('',(0.,-1.));
#6805 = ( GEOMETRIC_REPRESENTATION_CONTEXT(2) 
PARAMETRIC_REPRESENTATION_CONTEXT() REPRESENTATION_CONTEXT('2D SPACE',''
  ) );
#6806 = ORIENTED_EDGE('',*,*,#6807,.T.);
#6807 = EDGE_CURVE('',#6785,#6785,#6808,.T.);
#6808 = SURFACE_CURVE('',#6809,(#6814,#6821),.PCURVE_S1.);
#6809 = CIRCLE('',#6810,10.2);
#6810 = AXIS2_PLACEMENT_3D('',#6811,#6812,#6813);
#6811 = CARTESIAN_POINT('',(0.,-1.592040838892E-15,2.));
#6812 = DIRECTION('',(-0.,1.224646799147E-16,1.));
#6813 = DIRECTION('',(1.,0.,0.));
#6814 = PCURVE('',#5673,#6815);
#6815 = DEFINITIONAL_REPRESENTATION('',(#6816),#6820);
#6816 = LINE('',#6817,#6818);
#6817 = CARTESIAN_POINT('',(0.,-13.));
#6818 = VECTOR('',#6819,1.);
#6819 = DIRECTION('',(1.,0.));
#6820 = ( GEOMETRIC_REPRESENTATION_CONTEXT(2) 
PARAMETRIC_REPRESENTATION_CONTEXT() REPRESENTATION_CONTEXT('2D SPACE',''
  ) );
#6821 = PCURVE('',#6822,#6827);
#6822 = PLANE('',#6823);
#6823 = AXIS2_PLACEMENT_3D('',#6824,#6825,#6826);
#6824 = CARTESIAN_POINT('',(-2.681255161842E-16,-3.996676534965E-16,2.)
  );
#6825 = DIRECTION('',(-0.,1.224646799147E-16,1.));
#6826 = DIRECTION('',(-1.,-0.,0.));
#6827 = DEFINITIONAL_REPRESENTATION('',(#6828),#6832);
#6828 = CIRCLE('',#6829,10.2);
#6829 = AXIS2_PLACEMENT_2D('',#6830,#6831);
#6830 = CARTESIAN_POINT('',(-2.681255161842E-16,1.192373185395E-15));
#6831 = DIRECTION('',(-1.,0.));
#6832 = ( GEOMETRIC_REPRESENTATION_CONTEXT(2) 
PARAMETRIC_REPRESENTATION_CONTEXT() REPRESENTATION_CONTEXT('2D SPACE',''
  ) );
#6833 = ORIENTED_EDGE('',*,*,#6784,.F.);
#6834 = ORIENTED_EDGE('',*,*,#6835,.F.);
#6835 = EDGE_CURVE('',#5442,#6761,#6836,.T.);
#6836 = SURFACE_CURVE('',#6837,(#6842,#6849),.PCURVE_S1.);
#6837 = CIRCLE('',#6838,10.2);
#6838 = AXIS2_PLACEMENT_3D('',#6839,#6840,#6841);
#6839 = CARTESIAN_POINT('',(0.,-1.453247534988E-15,3.133333333333));
#6840 = DIRECTION('',(-0.,1.224646799147E-16,1.));
#6841 = DIRECTION('',(0.,-1.,1.224646799147E-16));
#6842 = PCURVE('',#5673,#6843);
#6843 = DEFINITIONAL_REPRESENTATION('',(#6844),#6848);
#6844 = LINE('',#6845,#6846);
#6845 = CARTESIAN_POINT('',(-1.570796326795,-11.86666666666));
#6846 = VECTOR('',#6847,1.);
#6847 = DIRECTION('',(1.,0.));
#6848 = ( GEOMETRIC_REPRESENTATION_CONTEXT(2) 
PARAMETRIC_REPRESENTATION_CONTEXT() REPRESENTATION_CONTEXT('2D SPACE',''
  ) );
#6849 = PCURVE('',#5535,#6850);
#6850 = DEFINITIONAL_REPRESENTATION('',(#6851),#6855);
#6851 = LINE('',#6852,#6853);
#6852 = CARTESIAN_POINT('',(14.137166941154,0.666666666667));
#6853 = VECTOR('',#6854,1.);
#6854 = DIRECTION('',(-1.,0.));
#6855 = ( GEOMETRIC_REPRESENTATION_CONTEXT(2) 
PARAMETRIC_REPRESENTATION_CONTEXT() REPRESENTATION_CONTEXT('2D SPACE',''
  ) );
#6856 = ORIENTED_EDGE('',*,*,#5586,.F.);
#6857 = ORIENTED_EDGE('',*,*,#6733,.F.);
#6858 = ADVANCED_FACE('',(#6859),#5535,.F.);
#6859 = FACE_BOUND('',#6860,.F.);
#6860 = EDGE_LOOP('',(#6861,#6862,#6863,#6864,#6865));
#6861 = ORIENTED_EDGE('',*,*,#5441,.T.);
#6862 = ORIENTED_EDGE('',*,*,#6835,.T.);
#6863 = ORIENTED_EDGE('',*,*,#6760,.T.);
#6864 = ORIENTED_EDGE('',*,*,#6533,.T.);
#6865 = ORIENTED_EDGE('',*,*,#6569,.F.);
#6866 = ADVANCED_FACE('',(#6867),#6822,.T.);
#6867 = FACE_BOUND('',#6868,.T.);
#6868 = EDGE_LOOP('',(#6869));
#6869 = ORIENTED_EDGE('',*,*,#6807,.T.);
#6870 = ( GEOMETRIC_REPRESENTATION_CONTEXT(3) 
GLOBAL_UNCERTAINTY_ASSIGNED_CONTEXT((#6874)) 
GLOBAL_UNIT_ASSIGNED_CONTEXT((#6871,#6872,#6873)) REPRESENTATION_CONTEXT
('Context #1','3D Context with UNIT and UNCERTAINTY') );
#6871 = ( LENGTH_UNIT() NAMED_UNIT(*) SI_UNIT(.MILLI.,.METRE.) );
#6872 = ( NAMED_UNIT(*) PLANE_ANGLE_UNIT() SI_UNIT($,.RADIAN.) );
#6873 = ( NAMED_UNIT(*) SI_UNIT($,.STERADIAN.) SOLID_ANGLE_UNIT() );
#6874 = UNCERTAINTY_MEASURE_WITH_UNIT(LENGTH_MEASURE(1.E-05),#6871,
  'distance_accuracy_value','confusion accuracy');
#6875 = PRODUCT_RELATED_PRODUCT_CATEGORY('part',$,(#7));
ENDSEC;
END-ISO-10303-21;
