ISO-10303-21;
HEADER;
FILE_DESCRIPTION(('Open CASCADE Model'),'2;1');
FILE_NAME('Open CASCADE Shape Model','2026-08-26T00:47:56',('Author'),(
    'Open CASCADE'),'Open CASCADE STEP processor 7.9','Open CASCADE 7.9'
  ,'Unknown');
FILE_SCHEMA(('AUTOMOTIVE_DESIGN { 1 0 10303 214 1 1 1 1 }'));
ENDSEC;
DATA;
#1 = APPLICATION_PROTOCOL_DEFINITION('international standard',
  'automotive_design',2000,#2);
#2 = APPLICATION_CONTEXT(
  'core data for automotive mechanical design processes');
#3 = SHAPE_DEFINITION_REPRESENTATION(#4,#10);
#4 = PRODUCT_DEFINITION_SHAPE('','',#5);
#5 = PRODUCT_DEFINITION('design','',#6,#9);
#6 = PRODUCT_DEFINITION_FORMATION('','',#7);
#7 = PRODUCT('Open CASCADE STEP translator 7.9 1',
  'Open CASCADE STEP translator 7.9 1','',(#8));
#8 = PRODUCT_CONTEXT('',#2,'mechanical');
#9 = PRODUCT_DEFINITION_CONTEXT('part definition',#2,'design');
#10 = ADVANCED_BREP_SHAPE_REPRESENTATION('',(#11,#15),#3452);
#11 = AXIS2_PLACEMENT_3D('',#12,#13,#14);
#12 = CARTESIAN_POINT('',(0.,0.,0.));
#13 = DIRECTION('',(0.,0.,1.));
#14 = DIRECTION('',(1.,0.,-0.));
#15 = MANIFOLD_SOLID_BREP('',#16);
#16 = CLOSED_SHELL('',(#17,#105,#160,#195,#199,#770,#1867,#1992,#2958,
    #2991,#3018,#3045,#3156,#3184,#3212,#3240,#3248,#3303,#3338,#3393,
    #3448));
#17 = ADVANCED_FACE('',(#18),#32,.T.);
#18 = FACE_BOUND('',#19,.F.);
#19 = EDGE_LOOP('',(#20,#50,#77,#78));
#20 = ORIENTED_EDGE('',*,*,#21,.T.);
#21 = EDGE_CURVE('',#22,#24,#26,.T.);
#22 = VERTEX_POINT('',#23);
#23 = CARTESIAN_POINT('',(10.,0.,0.6));
#24 = VERTEX_POINT('',#25);
#25 = CARTESIAN_POINT('',(10.,0.,46.));
#26 = SEAM_CURVE('',#27,(#31,#43),.PCURVE_S1.);
#27 = LINE('',#28,#29);
#28 = CARTESIAN_POINT('',(10.,0.,0.));
#29 = VECTOR('',#30,1.);
#30 = DIRECTION('',(0.,0.,1.));
#31 = PCURVE('',#32,#37);
#32 = CYLINDRICAL_SURFACE('',#33,10.);
#33 = AXIS2_PLACEMENT_3D('',#34,#35,#36);
#34 = CARTESIAN_POINT('',(0.,0.,0.));
#35 = DIRECTION('',(-0.,-0.,-1.));
#36 = DIRECTION('',(1.,0.,0.));
#37 = DEFINITIONAL_REPRESENTATION('',(#38),#42);
#38 = LINE('',#39,#40);
#39 = CARTESIAN_POINT('',(-0.,0.));
#40 = VECTOR('',#41,1.);
#41 = DIRECTION('',(-0.,-1.));
#42 = ( GEOMETRIC_REPRESENTATION_CONTEXT(2) 
PARAMETRIC_REPRESENTATION_CONTEXT() REPRESENTATION_CONTEXT('2D SPACE',''
  ) );
#43 = PCURVE('',#32,#44);
#44 = DEFINITIONAL_REPRESENTATION('',(#45),#49);
#45 = LINE('',#46,#47);
#46 = CARTESIAN_POINT('',(-6.28318530718,0.));
#47 = VECTOR('',#48,1.);
#48 = DIRECTION('',(-0.,-1.));
#49 = ( GEOMETRIC_REPRESENTATION_CONTEXT(2) 
PARAMETRIC_REPRESENTATION_CONTEXT() REPRESENTATION_CONTEXT('2D SPACE',''
  ) );
#50 = ORIENTED_EDGE('',*,*,#51,.T.);
#51 = EDGE_CURVE('',#24,#24,#52,.T.);
#52 = SURFACE_CURVE('',#53,(#58,#65),.PCURVE_S1.);
#53 = CIRCLE('',#54,10.);
#54 = AXIS2_PLACEMENT_3D('',#55,#56,#57);
#55 = CARTESIAN_POINT('',(0.,0.,46.));
#56 = DIRECTION('',(0.,0.,1.));
#57 = DIRECTION('',(1.,0.,0.));
#58 = PCURVE('',#32,#59);
#59 = DEFINITIONAL_REPRESENTATION('',(#60),#64);
#60 = LINE('',#61,#62);
#61 = CARTESIAN_POINT('',(-0.,-46.));
#62 = VECTOR('',#63,1.);
#63 = DIRECTION('',(-1.,0.));
#64 = ( GEOMETRIC_REPRESENTATION_CONTEXT(2) 
PARAMETRIC_REPRESENTATION_CONTEXT() REPRESENTATION_CONTEXT('2D SPACE',''
  ) );
#65 = PCURVE('',#66,#71);
#66 = PLANE('',#67);
#67 = AXIS2_PLACEMENT_3D('',#68,#69,#70);
#68 = CARTESIAN_POINT('',(-5.469760530158E-16,6.857365063158E-16,46.));
#69 = DIRECTION('',(0.,0.,1.));
#70 = DIRECTION('',(1.,0.,-0.));
#71 = DEFINITIONAL_REPRESENTATION('',(#72),#76);
#72 = CIRCLE('',#73,10.);
#73 = AXIS2_PLACEMENT_2D('',#74,#75);
#74 = CARTESIAN_POINT('',(5.469760530158E-16,-6.857365063158E-16));
#75 = DIRECTION('',(1.,0.));
#76 = ( GEOMETRIC_REPRESENTATION_CONTEXT(2) 
PARAMETRIC_REPRESENTATION_CONTEXT() REPRESENTATION_CONTEXT('2D SPACE',''
  ) );
#77 = ORIENTED_EDGE('',*,*,#21,.F.);
#78 = ORIENTED_EDGE('',*,*,#79,.F.);
#79 = EDGE_CURVE('',#22,#22,#80,.T.);
#80 = SURFACE_CURVE('',#81,(#86,#93),.PCURVE_S1.);
#81 = CIRCLE('',#82,10.);
#82 = AXIS2_PLACEMENT_3D('',#83,#84,#85);
#83 = CARTESIAN_POINT('',(0.,0.,0.6));
#84 = DIRECTION('',(0.,0.,1.));
#85 = DIRECTION('',(1.,0.,-0.));
#86 = PCURVE('',#32,#87);
#87 = DEFINITIONAL_REPRESENTATION('',(#88),#92);
#88 = LINE('',#89,#90);
#89 = CARTESIAN_POINT('',(-0.,-0.6));
#90 = VECTOR('',#91,1.);
#91 = DIRECTION('',(-1.,0.));
#92 = ( GEOMETRIC_REPRESENTATION_CONTEXT(2) 
PARAMETRIC_REPRESENTATION_CONTEXT() REPRESENTATION_CONTEXT('2D SPACE',''
  ) );
#93 = PCURVE('',#94,#99);
#94 = CONICAL_SURFACE('',#95,10.,0.785398163397);
#95 = AXIS2_PLACEMENT_3D('',#96,#97,#98);
#96 = CARTESIAN_POINT('',(0.,0.,0.6));
#97 = DIRECTION('',(0.,0.,1.));
#98 = DIRECTION('',(1.,0.,-0.));
#99 = DEFINITIONAL_REPRESENTATION('',(#100),#104);
#100 = LINE('',#101,#102);
#101 = CARTESIAN_POINT('',(0.,-0.));
#102 = VECTOR('',#103,1.);
#103 = DIRECTION('',(1.,-0.));
#104 = ( GEOMETRIC_REPRESENTATION_CONTEXT(2) 
PARAMETRIC_REPRESENTATION_CONTEXT() REPRESENTATION_CONTEXT('2D SPACE',''
  ) );
#105 = ADVANCED_FACE('',(#106),#94,.T.);
#106 = FACE_BOUND('',#107,.F.);
#107 = EDGE_LOOP('',(#108,#131,#132,#133));
#108 = ORIENTED_EDGE('',*,*,#109,.F.);
#109 = EDGE_CURVE('',#22,#110,#112,.T.);
#110 = VERTEX_POINT('',#111);
#111 = CARTESIAN_POINT('',(9.4,0.,0.));
#112 = SEAM_CURVE('',#113,(#117,#124),.PCURVE_S1.);
#113 = LINE('',#114,#115);
#114 = CARTESIAN_POINT('',(10.,0.,0.6));
#115 = VECTOR('',#116,1.);
#116 = DIRECTION('',(-0.707106781187,-0.,-0.707106781187));
#117 = PCURVE('',#94,#118);
#118 = DEFINITIONAL_REPRESENTATION('',(#119),#123);
#119 = LINE('',#120,#121);
#120 = CARTESIAN_POINT('',(0.,-0.));
#121 = VECTOR('',#122,1.);
#122 = DIRECTION('',(0.,-1.));
#123 = ( GEOMETRIC_REPRESENTATION_CONTEXT(2) 
PARAMETRIC_REPRESENTATION_CONTEXT() REPRESENTATION_CONTEXT('2D SPACE',''
  ) );
#124 = PCURVE('',#94,#125);
#125 = DEFINITIONAL_REPRESENTATION('',(#126),#130);
#126 = LINE('',#127,#128);
#127 = CARTESIAN_POINT('',(6.28318530718,-0.));
#128 = VECTOR('',#129,1.);
#129 = DIRECTION('',(0.,-1.));
#130 = ( GEOMETRIC_REPRESENTATION_CONTEXT(2) 
PARAMETRIC_REPRESENTATION_CONTEXT() REPRESENTATION_CONTEXT('2D SPACE',''
  ) );
#131 = ORIENTED_EDGE('',*,*,#79,.T.);
#132 = ORIENTED_EDGE('',*,*,#109,.T.);
#133 = ORIENTED_EDGE('',*,*,#134,.F.);
#134 = EDGE_CURVE('',#110,#110,#135,.T.);
#135 = SURFACE_CURVE('',#136,(#141,#148),.PCURVE_S1.);
#136 = CIRCLE('',#137,9.4);
#137 = AXIS2_PLACEMENT_3D('',#138,#139,#140);
#138 = CARTESIAN_POINT('',(0.,0.,0.));
#139 = DIRECTION('',(0.,0.,1.));
#140 = DIRECTION('',(1.,0.,-0.));
#141 = PCURVE('',#94,#142);
#142 = DEFINITIONAL_REPRESENTATION('',(#143),#147);
#143 = LINE('',#144,#145);
#144 = CARTESIAN_POINT('',(0.,-0.6));
#145 = VECTOR('',#146,1.);
#146 = DIRECTION('',(1.,-0.));
#147 = ( GEOMETRIC_REPRESENTATION_CONTEXT(2) 
PARAMETRIC_REPRESENTATION_CONTEXT() REPRESENTATION_CONTEXT('2D SPACE',''
  ) );
#148 = PCURVE('',#149,#154);
#149 = PLANE('',#150);
#150 = AXIS2_PLACEMENT_3D('',#151,#152,#153);
#151 = CARTESIAN_POINT('',(-5.469760530158E-16,6.857365063158E-16,0.));
#152 = DIRECTION('',(0.,0.,1.));
#153 = DIRECTION('',(1.,0.,-0.));
#154 = DEFINITIONAL_REPRESENTATION('',(#155),#159);
#155 = CIRCLE('',#156,9.4);
#156 = AXIS2_PLACEMENT_2D('',#157,#158);
#157 = CARTESIAN_POINT('',(5.469760530158E-16,-6.857365063158E-16));
#158 = DIRECTION('',(1.,0.));
#159 = ( GEOMETRIC_REPRESENTATION_CONTEXT(2) 
PARAMETRIC_REPRESENTATION_CONTEXT() REPRESENTATION_CONTEXT('2D SPACE',''
  ) );
#160 = ADVANCED_FACE('',(#161,#164),#66,.T.);
#161 = FACE_BOUND('',#162,.T.);
#162 = EDGE_LOOP('',(#163));
#163 = ORIENTED_EDGE('',*,*,#51,.T.);
#164 = FACE_BOUND('',#165,.T.);
#165 = EDGE_LOOP('',(#166));
#166 = ORIENTED_EDGE('',*,*,#167,.F.);
#167 = EDGE_CURVE('',#168,#168,#170,.T.);
#168 = VERTEX_POINT('',#169);
#169 = CARTESIAN_POINT('',(9.,0.,46.));
#170 = SURFACE_CURVE('',#171,(#176,#183),.PCURVE_S1.);
#171 = CIRCLE('',#172,9.);
#172 = AXIS2_PLACEMENT_3D('',#173,#174,#175);
#173 = CARTESIAN_POINT('',(0.,0.,46.));
#174 = DIRECTION('',(0.,0.,1.));
#175 = DIRECTION('',(1.,0.,0.));
#176 = PCURVE('',#66,#177);
#177 = DEFINITIONAL_REPRESENTATION('',(#178),#182);
#178 = CIRCLE('',#179,9.);
#179 = AXIS2_PLACEMENT_2D('',#180,#181);
#180 = CARTESIAN_POINT('',(5.469760530158E-16,-6.857365063158E-16));
#181 = DIRECTION('',(1.,0.));
#182 = ( GEOMETRIC_REPRESENTATION_CONTEXT(2) 
PARAMETRIC_REPRESENTATION_CONTEXT() REPRESENTATION_CONTEXT('2D SPACE',''
  ) );
#183 = PCURVE('',#184,#189);
#184 = CYLINDRICAL_SURFACE('',#185,9.);
#185 = AXIS2_PLACEMENT_3D('',#186,#187,#188);
#186 = CARTESIAN_POINT('',(0.,0.,46.));
#187 = DIRECTION('',(-0.,-0.,-1.));
#188 = DIRECTION('',(1.,0.,0.));
#189 = DEFINITIONAL_REPRESENTATION('',(#190),#194);
#190 = LINE('',#191,#192);
#191 = CARTESIAN_POINT('',(-0.,0.));
#192 = VECTOR('',#193,1.);
#193 = DIRECTION('',(-1.,0.));
#194 = ( GEOMETRIC_REPRESENTATION_CONTEXT(2) 
PARAMETRIC_REPRESENTATION_CONTEXT() REPRESENTATION_CONTEXT('2D SPACE',''
  ) );
#195 = ADVANCED_FACE('',(#196),#149,.F.);
#196 = FACE_BOUND('',#197,.F.);
#197 = EDGE_LOOP('',(#198));
#198 = ORIENTED_EDGE('',*,*,#134,.T.);
#199 = ADVANCED_FACE('',(#200),#184,.T.);
#200 = FACE_BOUND('',#201,.F.);
#201 = EDGE_LOOP('',(#202,#434,#462,#688,#721,#742,#743,#744));
#202 = ORIENTED_EDGE('',*,*,#203,.T.);
#203 = EDGE_CURVE('',#204,#206,#208,.T.);
#204 = VERTEX_POINT('',#205);
#205 = CARTESIAN_POINT('',(3.832012843892,8.143437815371,46.1));
#206 = VERTEX_POINT('',#207);
#207 = CARTESIAN_POINT('',(9.000013694487,1.079023537187E-10,
    48.150001082271));
#208 = SURFACE_CURVE('',#209,(#276,#294),.PCURVE_S1.);
#209 = B_SPLINE_CURVE_WITH_KNOTS('',9,(#210,#211,#212,#213,#214,#215,
    #216,#217,#218,#219,#220,#221,#222,#223,#224,#225,#226,#227,#228,
    #229,#230,#231,#232,#233,#234,#235,#236,#237,#238,#239,#240,#241,
    #242,#243,#244,#245,#246,#247,#248,#249,#250,#251,#252,#253,#254,
    #255,#256,#257,#258,#259,#260,#261,#262,#263,#264,#265,#266,#267,
    #268,#269,#270,#271,#272,#273,#274,#275),.UNSPECIFIED.,.F.,.F.,(10,8
    ,8,8,8,8,8,8,10),(0.,5.071709268329,10.143418536657,15.215127804986,
    20.286837073315,25.358546341643,30.430255609972,35.501964878301,
    40.573674146629),.UNSPECIFIED.);
#210 = CARTESIAN_POINT('',(9.,8.881784197001E-16,43.15));
#211 = CARTESIAN_POINT('',(9.000003615328,4.712389233542,43.358333333333
    ));
#212 = CARTESIAN_POINT('',(6.223136117819,9.426186407956,43.566666666667
    ));
#213 = CARTESIAN_POINT('',(0.677820973924,12.260398834759,
    43.775000000004));
#214 = CARTESIAN_POINT('',(-6.200718603645,11.399914597347,
    43.983333333322));
#215 = CARTESIAN_POINT('',(-11.39989034894,6.20068303033,44.191666666684
    ));
#216 = CARTESIAN_POINT('',(-12.26040854436,-0.677788276357,
    44.399999999985));
#217 = CARTESIAN_POINT('',(-9.426184637845,-6.223154657012,
    44.608333333341));
#218 = CARTESIAN_POINT('',(-4.712389203576,-8.999997912403,
    44.816666666665));
#219 = CARTESIAN_POINT('',(4.712389219238,-9.000002886038,
    45.233333333334));
#220 = CARTESIAN_POINT('',(9.426186428345,-6.223137157504,
    45.441666666665));
#221 = CARTESIAN_POINT('',(12.260398811601,-0.677819792753,
    45.650000000007));
#222 = CARTESIAN_POINT('',(11.399914618393,6.20071752994,45.858333333318
    ));
#223 = CARTESIAN_POINT('',(6.200683015203,11.399891120849,
    46.066666666687));
#224 = CARTESIAN_POINT('',(-0.677788268054,12.260408120621,
    46.274999999983));
#225 = CARTESIAN_POINT('',(-6.223154660187,9.426184799891,
    46.483333333342));
#226 = CARTESIAN_POINT('',(-8.999997911814,4.712389173562,
    46.691666666665));
#227 = CARTESIAN_POINT('',(-9.000002886319,-4.71238920491,
    47.108333333334));
#228 = CARTESIAN_POINT('',(-6.223137157101,-9.426186448772,
    47.316666666665));
#229 = CARTESIAN_POINT('',(-0.677819793214,-12.26039878839,
    47.525000000005));
#230 = CARTESIAN_POINT('',(6.20071753036,-11.39991463949,47.733333333322
    ));
#231 = CARTESIAN_POINT('',(11.399891120545,-6.200683000028,
    47.941666666683));
#232 = CARTESIAN_POINT('',(12.260408120788,0.677788259722,
    48.149999999986));
#233 = CARTESIAN_POINT('',(9.426184799827,6.223154663374,48.358333333341
    ));
#234 = CARTESIAN_POINT('',(4.712389173574,8.999997911224,48.566666666665
    ));
#235 = CARTESIAN_POINT('',(-4.712389204915,9.000002886601,
    48.983333333334));
#236 = CARTESIAN_POINT('',(-9.426186448765,6.223137156698,
    49.191666666666));
#237 = CARTESIAN_POINT('',(-12.26039878839,0.677819793673,
    49.400000000004));
#238 = CARTESIAN_POINT('',(-11.39991463949,-6.20071753078,
    49.608333333323));
#239 = CARTESIAN_POINT('',(-6.20068300003,-11.39989112024,
    49.816666666682));
#240 = CARTESIAN_POINT('',(0.677788259722,-12.26040812095,
    50.024999999986));
#241 = CARTESIAN_POINT('',(6.223154663374,-9.426184799764,50.23333333334
    ));
#242 = CARTESIAN_POINT('',(8.999997911223,-4.712389173585,
    50.441666666665));
#243 = CARTESIAN_POINT('',(9.000002886602,4.71238920492,50.858333333333)
  );
#244 = CARTESIAN_POINT('',(6.223137156695,9.426186448759,51.066666666668
    ));
#245 = CARTESIAN_POINT('',(0.677819793679,12.260398788401,
    51.275000000001));
#246 = CARTESIAN_POINT('',(-6.200717530788,11.399914639489,
    51.483333333327));
#247 = CARTESIAN_POINT('',(-11.39989112023,6.200683000031,
    51.691666666679));
#248 = CARTESIAN_POINT('',(-12.26040812096,-0.677788259723,
    51.899999999988));
#249 = CARTESIAN_POINT('',(-9.426184799756,-6.223154663373,
    52.10833333334));
#250 = CARTESIAN_POINT('',(-4.712389173591,-8.999997911224,
    52.316666666665));
#251 = CARTESIAN_POINT('',(4.712389204932,-9.000002886601,
    52.733333333334));
#252 = CARTESIAN_POINT('',(9.426186448695,-6.223137156699,
    52.941666666665));
#253 = CARTESIAN_POINT('',(12.26039878857,-0.677819793671,
    53.150000000006));
#254 = CARTESIAN_POINT('',(11.399914639182,6.200717530779,
    53.358333333319));
#255 = CARTESIAN_POINT('',(6.200683000455,11.399891120239,
    53.566666666687));
#256 = CARTESIAN_POINT('',(-0.677788260186,12.260408120964,
    53.774999999983));
#257 = CARTESIAN_POINT('',(-6.223154662969,9.426184799751,
    53.983333333342));
#258 = CARTESIAN_POINT('',(-8.999997911507,4.712389173596,
    54.191666666665));
#259 = CARTESIAN_POINT('',(-9.00000288601,-4.712389204944,
    54.608333333335));
#260 = CARTESIAN_POINT('',(-6.223137159886,-9.42618644863,
    54.816666666663));
#261 = CARTESIAN_POINT('',(-0.677819785341,-12.26039878874,
    55.025000000012));
#262 = CARTESIAN_POINT('',(6.200717515609,-11.39991463887,
    55.233333333312));
#263 = CARTESIAN_POINT('',(11.399891141336,-6.200683000881,
    55.441666666693));
#264 = CARTESIAN_POINT('',(12.260408097758,0.677788260649,
    55.649999999979));
#265 = CARTESIAN_POINT('',(9.426184820176,6.223154662564,55.858333333343
    ));
#266 = CARTESIAN_POINT('',(4.712389159269,8.999997911788,56.066666666665
    ));
#267 = CARTESIAN_POINT('',(-4.71238917493,9.000002885423,56.483333333334
    ));
#268 = CARTESIAN_POINT('',(-9.42618661068,6.223137163055,56.691666666667
    ));
#269 = CARTESIAN_POINT('',(-12.26039836498,0.677819777047,
    56.900000000002));
#270 = CARTESIAN_POINT('',(-11.39991541079,-6.20071750049,
    57.108333333326));
#271 = CARTESIAN_POINT('',(-6.200681927153,-11.39989116237,
    57.316666666681));
#272 = CARTESIAN_POINT('',(0.67778707946,-12.26040807459,57.524999999986
    ));
#273 = CARTESIAN_POINT('',(6.22315570226,-9.426184840567,57.733333333342
    ));
#274 = CARTESIAN_POINT('',(8.999997182494,-4.712389144963,
    57.941666666664));
#275 = CARTESIAN_POINT('',(9.000000797826,-1.136868377216E-13,58.15));
#276 = PCURVE('',#184,#277);
#277 = DEFINITIONAL_REPRESENTATION('',(#278),#293);
#278 = B_SPLINE_CURVE_WITH_KNOTS('',7,(#279,#280,#281,#282,#283,#284,
    #285,#286,#287,#288,#289,#290,#291,#292),.UNSPECIFIED.,.F.,.F.,(8,6,
    8),(7.979489248837,10.752025112576,13.524560976316),.UNSPECIFIED.);
#279 = CARTESIAN_POINT('',(-1.130973166112,-0.1));
#280 = CARTESIAN_POINT('',(-1.498986462235,-0.246428648733));
#281 = CARTESIAN_POINT('',(-1.866972184366,-0.392857297466));
#282 = CARTESIAN_POINT('',(-2.235108100441,-0.539285946203));
#283 = CARTESIAN_POINT('',(-2.6029570899,-0.685714594933));
#284 = CARTESIAN_POINT('',(-2.971060951913,-0.832143243666));
#285 = CARTESIAN_POINT('',(-3.339077298443,-0.9785718924));
#286 = CARTESIAN_POINT('',(-4.075087049811,-1.271429189868));
#287 = CARTESIAN_POINT('',(-4.44310928341,-1.417857838601));
#288 = CARTESIAN_POINT('',(-4.811131774966,-1.564286487334));
#289 = CARTESIAN_POINT('',(-5.179147925928,-1.710715136068));
#290 = CARTESIAN_POINT('',(-5.547158564691,-1.857143784801));
#291 = CARTESIAN_POINT('',(-5.915168872142,-2.003572433535));
#292 = CARTESIAN_POINT('',(-6.283185307196,-2.150001082268));
#293 = ( GEOMETRIC_REPRESENTATION_CONTEXT(2) 
PARAMETRIC_REPRESENTATION_CONTEXT() REPRESENTATION_CONTEXT('2D SPACE',''
  ) );
#294 = PCURVE('',#295,#428);
#295 = B_SPLINE_SURFACE_WITH_KNOTS('',1,9,(
    (#296,#297,#298,#299,#300,#301,#302,#303,#304,#305,#306,#307,#308
      ,#309,#310,#311,#312,#313,#314,#315,#316,#317,#318,#319,#320,#321
      ,#322,#323,#324,#325,#326,#327,#328,#329,#330,#331,#332,#333,#334
      ,#335,#336,#337,#338,#339,#340,#341,#342,#343,#344,#345,#346,#347
      ,#348,#349,#350,#351,#352,#353,#354,#355,#356,#357,#358,#359,#360
      ,#361)
    ,(#362,#363,#364,#365,#366,#367,#368,#369,#370,#371,#372,#373,#374
      ,#375,#376,#377,#378,#379,#380,#381,#382,#383,#384,#385,#386,#387
      ,#388,#389,#390,#391,#392,#393,#394,#395,#396,#397,#398,#399,#400
      ,#401,#402,#403,#404,#405,#406,#407,#408,#409,#410,#411,#412,#413
      ,#414,#415,#416,#417,#418,#419,#420,#421,#422,#423,#424,#425,#426
      ,#427)),.UNSPECIFIED.,.F.,.F.,.F.,(2,2),(10,8,8,8,8,8,8,8,10),(0.,
    1.141271221051),(0.,5.071709268329,10.143418536657,15.215127804986,
    20.286837073315,25.358546341643,30.430255609972,35.501964878301,
    40.573674146629),.UNSPECIFIED.);
#296 = CARTESIAN_POINT('',(9.,-5.329070518201E-15,43.15));
#297 = CARTESIAN_POINT('',(9.000003615328,4.712389233542,43.358333333333
    ));
#298 = CARTESIAN_POINT('',(6.223136117818,9.426186407956,43.566666666667
    ));
#299 = CARTESIAN_POINT('',(0.677820973924,12.260398834759,
    43.775000000004));
#300 = CARTESIAN_POINT('',(-6.200718603645,11.399914597347,
    43.983333333322));
#301 = CARTESIAN_POINT('',(-11.39989034894,6.20068303033,44.191666666684
    ));
#302 = CARTESIAN_POINT('',(-12.26040854436,-0.677788276357,
    44.399999999985));
#303 = CARTESIAN_POINT('',(-9.426184637845,-6.223154657012,
    44.608333333341));
#304 = CARTESIAN_POINT('',(-4.712389203576,-8.999997912403,
    44.816666666665));
#305 = CARTESIAN_POINT('',(4.712389219238,-9.000002886038,
    45.233333333334));
#306 = CARTESIAN_POINT('',(9.426186428345,-6.223137157504,
    45.441666666665));
#307 = CARTESIAN_POINT('',(12.260398811601,-0.677819792753,
    45.650000000007));
#308 = CARTESIAN_POINT('',(11.399914618393,6.20071752994,45.858333333318
    ));
#309 = CARTESIAN_POINT('',(6.200683015203,11.399891120849,
    46.066666666687));
#310 = CARTESIAN_POINT('',(-0.677788268054,12.260408120621,
    46.274999999983));
#311 = CARTESIAN_POINT('',(-6.223154660187,9.426184799891,
    46.483333333342));
#312 = CARTESIAN_POINT('',(-8.999997911814,4.712389173562,
    46.691666666665));
#313 = CARTESIAN_POINT('',(-9.000002886319,-4.71238920491,
    47.108333333334));
#314 = CARTESIAN_POINT('',(-6.223137157101,-9.426186448772,
    47.316666666665));
#315 = CARTESIAN_POINT('',(-0.677819793213,-12.26039878839,
    47.525000000005));
#316 = CARTESIAN_POINT('',(6.200717530359,-11.39991463949,
    47.733333333322));
#317 = CARTESIAN_POINT('',(11.399891120546,-6.200683000028,
    47.941666666683));
#318 = CARTESIAN_POINT('',(12.260408120787,0.677788259721,
    48.149999999986));
#319 = CARTESIAN_POINT('',(9.426184799827,6.223154663374,48.358333333341
    ));
#320 = CARTESIAN_POINT('',(4.712389173574,8.999997911224,48.566666666665
    ));
#321 = CARTESIAN_POINT('',(-4.712389204915,9.000002886601,
    48.983333333334));
#322 = CARTESIAN_POINT('',(-9.426186448765,6.223137156698,
    49.191666666666));
#323 = CARTESIAN_POINT('',(-12.26039878839,0.677819793673,
    49.400000000004));
#324 = CARTESIAN_POINT('',(-11.39991463949,-6.200717530779,
    49.608333333323));
#325 = CARTESIAN_POINT('',(-6.20068300003,-11.39989112024,
    49.816666666682));
#326 = CARTESIAN_POINT('',(0.677788259722,-12.26040812095,
    50.024999999986));
#327 = CARTESIAN_POINT('',(6.223154663374,-9.426184799764,50.23333333334
    ));
#328 = CARTESIAN_POINT('',(8.999997911223,-4.712389173585,
    50.441666666665));
#329 = CARTESIAN_POINT('',(9.000002886602,4.71238920492,50.858333333333)
  );
#330 = CARTESIAN_POINT('',(6.223137156695,9.426186448759,51.066666666668
    ));
#331 = CARTESIAN_POINT('',(0.677819793679,12.260398788401,
    51.275000000001));
#332 = CARTESIAN_POINT('',(-6.200717530787,11.399914639489,
    51.483333333327));
#333 = CARTESIAN_POINT('',(-11.39989112023,6.200683000031,
    51.691666666679));
#334 = CARTESIAN_POINT('',(-12.26040812096,-0.677788259723,
    51.899999999988));
#335 = CARTESIAN_POINT('',(-9.426184799756,-6.223154663373,
    52.10833333334));
#336 = CARTESIAN_POINT('',(-4.712389173591,-8.999997911224,
    52.316666666665));
#337 = CARTESIAN_POINT('',(4.712389204932,-9.000002886601,
    52.733333333334));
#338 = CARTESIAN_POINT('',(9.426186448695,-6.223137156699,
    52.941666666665));
#339 = CARTESIAN_POINT('',(12.260398788571,-0.677819793671,
    53.150000000006));
#340 = CARTESIAN_POINT('',(11.399914639182,6.200717530779,
    53.358333333319));
#341 = CARTESIAN_POINT('',(6.200683000456,11.399891120238,
    53.566666666687));
#342 = CARTESIAN_POINT('',(-0.677788260186,12.260408120964,
    53.774999999983));
#343 = CARTESIAN_POINT('',(-6.223154662968,9.426184799751,
    53.983333333342));
#344 = CARTESIAN_POINT('',(-8.999997911507,4.712389173596,
    54.191666666665));
#345 = CARTESIAN_POINT('',(-9.00000288601,-4.712389204944,
    54.608333333335));
#346 = CARTESIAN_POINT('',(-6.223137159886,-9.426186448629,
    54.816666666663));
#347 = CARTESIAN_POINT('',(-0.677819785341,-12.26039878874,
    55.025000000012));
#348 = CARTESIAN_POINT('',(6.200717515609,-11.39991463887,
    55.233333333312));
#349 = CARTESIAN_POINT('',(11.399891141336,-6.200683000882,
    55.441666666693));
#350 = CARTESIAN_POINT('',(12.260408097758,0.677788260649,
    55.649999999979));
#351 = CARTESIAN_POINT('',(9.426184820176,6.223154662564,55.858333333343
    ));
#352 = CARTESIAN_POINT('',(4.712389159269,8.999997911788,56.066666666665
    ));
#353 = CARTESIAN_POINT('',(-4.71238917493,9.000002885423,56.483333333334
    ));
#354 = CARTESIAN_POINT('',(-9.426186610679,6.223137163055,
    56.691666666667));
#355 = CARTESIAN_POINT('',(-12.26039836498,0.677819777047,
    56.900000000002));
#356 = CARTESIAN_POINT('',(-11.39991541079,-6.20071750049,
    57.108333333326));
#357 = CARTESIAN_POINT('',(-6.200681927153,-11.39989116237,
    57.316666666681));
#358 = CARTESIAN_POINT('',(0.677787079461,-12.26040807459,
    57.524999999986));
#359 = CARTESIAN_POINT('',(6.22315570226,-9.426184840567,57.733333333342
    ));
#360 = CARTESIAN_POINT('',(8.999997182494,-4.712389144963,
    57.941666666664));
#361 = CARTESIAN_POINT('',(9.000000797826,-1.145750161413E-13,58.15));
#362 = CARTESIAN_POINT('',(10.,-1.7763568394E-15,43.7));
#363 = CARTESIAN_POINT('',(10.00000127831,5.235983323074,43.908337532466
    ));
#364 = CARTESIAN_POINT('',(6.914604605738,10.473556404426,
    44.116653814959));
#365 = CARTESIAN_POINT('',(0.753112498683,13.622637170251,44.3250292694)
  );
#366 = CARTESIAN_POINT('',(-6.889650082573,12.666596915918,
    44.533292318204));
#367 = CARTESIAN_POINT('',(-12.66658827912,6.889637547882,
    44.741708265632));
#368 = CARTESIAN_POINT('',(-13.62264065846,-0.75310088878,
    44.949972559618));
#369 = CARTESIAN_POINT('',(-10.47355575556,-6.914611106057,
    45.15834609194));
#370 = CARTESIAN_POINT('',(-5.235983391669,-9.999999247754,
    45.366664228195));
#371 = CARTESIAN_POINT('',(5.235983355819,-10.00000102718,
    45.783336691983));
#372 = CARTESIAN_POINT('',(10.473556357741,-6.914604963747,
    45.991655013163));
#373 = CARTESIAN_POINT('',(13.622637223292,-0.753112091956,
    46.200027908141));
#374 = CARTESIAN_POINT('',(12.666596867699,6.889649712852,
    46.408293555611));
#375 = CARTESIAN_POINT('',(6.88963758255,12.666588544924,46.616707376039
    ));
#376 = CARTESIAN_POINT('',(-0.753100907812,13.622640512557,
    46.824973047965));
#377 = CARTESIAN_POINT('',(-6.914611098779,10.473555811366,
    47.033345905188));
#378 = CARTESIAN_POINT('',(-9.999999249102,5.235983381334,
    47.241664262784));
#379 = CARTESIAN_POINT('',(-10.00000102654,-5.235983350886,
    47.658336675471));
#380 = CARTESIAN_POINT('',(-6.914604964664,-10.47355636477,47.8666550367
    ));
#381 = CARTESIAN_POINT('',(-0.753112090914,-13.62263721529,
    48.075027881403));
#382 = CARTESIAN_POINT('',(6.889649711904,-12.66659687496,
    48.283293579915));
#383 = CARTESIAN_POINT('',(12.666588545606,-6.889637577323,
    48.491707358568));
#384 = CARTESIAN_POINT('',(13.622640512183,0.753100904942,
    48.699973057554));
#385 = CARTESIAN_POINT('',(10.473555811509,6.914611099876,
    48.908345901522));
#386 = CARTESIAN_POINT('',(5.235983381307,9.999999248899,49.116664263463
    ));
#387 = CARTESIAN_POINT('',(-5.235983350873,10.000001026638,
    49.533336675147));
#388 = CARTESIAN_POINT('',(-10.47355636479,6.914604964524,
    49.741655037162));
#389 = CARTESIAN_POINT('',(-13.62263721527,0.753112091073,
    49.950027880877));
#390 = CARTESIAN_POINT('',(-12.66659687498,-6.889649712049,
    50.158293580393));
#391 = CARTESIAN_POINT('',(-6.889637577309,-12.6665885455,
    50.366707358224));
#392 = CARTESIAN_POINT('',(0.753100904934,-13.62264051224,
    50.574973057743));
#393 = CARTESIAN_POINT('',(6.91461109988,-10.47355581148,50.78334590145)
  );
#394 = CARTESIAN_POINT('',(9.999999248898,-5.235983381311,
    50.991664263476));
#395 = CARTESIAN_POINT('',(10.000001026638,5.235983350875,
    51.408336675141));
#396 = CARTESIAN_POINT('',(6.914604964523,10.473556364793,51.61665503717
    ));
#397 = CARTESIAN_POINT('',(0.753112091076,13.622637215278,51.82502788087
    ));
#398 = CARTESIAN_POINT('',(-6.889649712054,12.666596874988,
    52.033293580397));
#399 = CARTESIAN_POINT('',(-12.66658854549,6.889637577307,
    52.241707358225));
#400 = CARTESIAN_POINT('',(-13.62264051224,-0.753100904933,
    52.449973057738));
#401 = CARTESIAN_POINT('',(-10.47355581148,-6.91461109988,
    52.658345901457));
#402 = CARTESIAN_POINT('',(-5.235983381313,-9.999999248898,
    52.86666426347));
#403 = CARTESIAN_POINT('',(5.235983350879,-10.00000102663,
    53.283336675154));
#404 = CARTESIAN_POINT('',(10.473556364769,-6.914604964522,53.4916550371
    ));
#405 = CARTESIAN_POINT('',(13.622637215339,-0.75311209108,
    53.700027881057));
#406 = CARTESIAN_POINT('',(12.666596874877,6.889649712064,
    53.908293580054));
#407 = CARTESIAN_POINT('',(6.889637577461,12.666588545478,
    54.116707358702));
#408 = CARTESIAN_POINT('',(-0.7531009051,13.622640512267,54.324973057213
    ));
#409 = CARTESIAN_POINT('',(-6.914611099734,10.473555811462,
    54.533345901919));
#410 = CARTESIAN_POINT('',(-9.999999249,5.23598338133,54.741664263146));
#411 = CARTESIAN_POINT('',(-10.00000102642,-5.235983350914,
    55.158336675833));
#412 = CARTESIAN_POINT('',(-6.914604965673,-10.47355636457,
    55.366655033433));
#413 = CARTESIAN_POINT('',(-0.75311208807,-13.62263721583,
    55.575027890648));
#414 = CARTESIAN_POINT('',(6.889649706581,-12.66659687397,
    55.783293562581));
#415 = CARTESIAN_POINT('',(12.666588553104,-6.889637578709,
    55.991707383008));
#416 = CARTESIAN_POINT('',(13.622640503878,0.753100906469,
    56.199973030474));
#417 = CARTESIAN_POINT('',(10.473555818847,6.914611098532,
    56.408345925456));
#418 = CARTESIAN_POINT('',(5.23598337615,9.999999249842,56.616664246635)
  );
#419 = CARTESIAN_POINT('',(-5.235983340063,10.000001024662,
    57.033336710424));
#420 = CARTESIAN_POINT('',(-10.47355642316,6.914604975189,
    57.241654846676));
#421 = CARTESIAN_POINT('',(-13.62263706262,0.753112063184,
    57.450028379002));
#422 = CARTESIAN_POINT('',(-12.66659715306,-6.889649661244,
    57.658292672979));
#423 = CARTESIAN_POINT('',(-6.88963719051,-12.66658861617,
    57.866708620425));
#424 = CARTESIAN_POINT('',(0.753100479422,-13.62264043449,
    58.074971669205));
#425 = CARTESIAN_POINT('',(6.914611474422,-10.47355587992,
    58.283347123667));
#426 = CARTESIAN_POINT('',(9.999998986174,-5.235983333307,
    58.491663406147));
#427 = CARTESIAN_POINT('',(10.000000281585,-4.149616650295E-08,
    58.700000938619));
#428 = DEFINITIONAL_REPRESENTATION('',(#429),#433);
#429 = LINE('',#430,#431);
#430 = CARTESIAN_POINT('',(0.,0.));
#431 = VECTOR('',#432,1.);
#432 = DIRECTION('',(0.,1.));
#433 = ( GEOMETRIC_REPRESENTATION_CONTEXT(2) 
PARAMETRIC_REPRESENTATION_CONTEXT() REPRESENTATION_CONTEXT('2D SPACE',''
  ) );
#434 = ORIENTED_EDGE('',*,*,#435,.F.);
#435 = EDGE_CURVE('',#436,#206,#438,.T.);
#436 = VERTEX_POINT('',#437);
#437 = CARTESIAN_POINT('',(9.000013295574,2.771116669464E-13,
    47.349998917739));
#438 = SURFACE_CURVE('',#439,(#443,#450),.PCURVE_S1.);
#439 = LINE('',#440,#441);
#440 = CARTESIAN_POINT('',(9.,0.,46.));
#441 = VECTOR('',#442,1.);
#442 = DIRECTION('',(0.,0.,1.));
#443 = PCURVE('',#184,#444);
#444 = DEFINITIONAL_REPRESENTATION('',(#445),#449);
#445 = LINE('',#446,#447);
#446 = CARTESIAN_POINT('',(-6.28318530718,0.));
#447 = VECTOR('',#448,1.);
#448 = DIRECTION('',(-0.,-1.));
#449 = ( GEOMETRIC_REPRESENTATION_CONTEXT(2) 
PARAMETRIC_REPRESENTATION_CONTEXT() REPRESENTATION_CONTEXT('2D SPACE',''
  ) );
#450 = PCURVE('',#451,#456);
#451 = CYLINDRICAL_SURFACE('',#452,9.);
#452 = AXIS2_PLACEMENT_3D('',#453,#454,#455);
#453 = CARTESIAN_POINT('',(0.,0.,46.));
#454 = DIRECTION('',(-0.,-0.,-1.));
#455 = DIRECTION('',(1.,0.,0.));
#456 = DEFINITIONAL_REPRESENTATION('',(#457),#461);
#457 = LINE('',#458,#459);
#458 = CARTESIAN_POINT('',(-0.,0.));
#459 = VECTOR('',#460,1.);
#460 = DIRECTION('',(-0.,-1.));
#461 = ( GEOMETRIC_REPRESENTATION_CONTEXT(2) 
PARAMETRIC_REPRESENTATION_CONTEXT() REPRESENTATION_CONTEXT('2D SPACE',''
  ) );
#462 = ORIENTED_EDGE('',*,*,#463,.F.);
#463 = EDGE_CURVE('',#464,#436,#466,.T.);
#464 = VERTEX_POINT('',#465);
#465 = CARTESIAN_POINT('',(-9.000026666894,2.435463044237E-05,46.1));
#466 = SURFACE_CURVE('',#467,(#534,#548),.PCURVE_S1.);
#467 = B_SPLINE_CURVE_WITH_KNOTS('',9,(#468,#469,#470,#471,#472,#473,
    #474,#475,#476,#477,#478,#479,#480,#481,#482,#483,#484,#485,#486,
    #487,#488,#489,#490,#491,#492,#493,#494,#495,#496,#497,#498,#499,
    #500,#501,#502,#503,#504,#505,#506,#507,#508,#509,#510,#511,#512,
    #513,#514,#515,#516,#517,#518,#519,#520,#521,#522,#523,#524,#525,
    #526,#527,#528,#529,#530,#531,#532,#533),.UNSPECIFIED.,.F.,.F.,(10,8
    ,8,8,8,8,8,8,10),(0.,5.071709268329,10.143418536657,15.215127804986,
    20.286837073315,25.358546341643,30.430255609972,35.501964878301,
    40.573674146629),.UNSPECIFIED.);
#468 = CARTESIAN_POINT('',(9.,-6.217248937901E-15,44.85));
#469 = CARTESIAN_POINT('',(8.999996384672,4.712388727226,45.058333333333
    ));
#470 = CARTESIAN_POINT('',(6.223155150586,9.426184004952,45.266666666667
    ));
#471 = CARTESIAN_POINT('',(0.677787019396,12.260406987763,
    45.474999999995));
#472 = CARTESIAN_POINT('',(-6.200681377514,11.399890151797,
    45.683333333346));
#473 = CARTESIAN_POINT('',(-11.39991440018,6.200716950816,
    45.891666666648));
#474 = CARTESIAN_POINT('',(-12.26039727817,-0.677819716956,
    46.100000000016));
#475 = CARTESIAN_POINT('',(-9.426185775057,-6.223136611396,
    46.308333333325));
#476 = CARTESIAN_POINT('',(-4.712388757194,-9.000002087597,
    46.516666666668));
#477 = CARTESIAN_POINT('',(4.712388741533,-8.999997113963,
    46.933333333333));
#478 = CARTESIAN_POINT('',(9.426183984554,-6.223154110901,
    47.141666666668));
#479 = CARTESIAN_POINT('',(12.260407010941,-0.677788200564,
    47.349999999995));
#480 = CARTESIAN_POINT('',(11.399890130726,6.200682451214,
    47.558333333345));
#481 = CARTESIAN_POINT('',(6.200716965965,11.399913628287,
    47.766666666649));
#482 = CARTESIAN_POINT('',(-0.677819725272,12.260397701908,
    47.975000000015));
#483 = CARTESIAN_POINT('',(-6.223136608216,9.426185613014,
    48.183333333325));
#484 = CARTESIAN_POINT('',(-9.000002088186,4.712388787207,
    48.391666666668));
#485 = CARTESIAN_POINT('',(-8.999997113681,-4.71238875586,
    48.808333333333));
#486 = CARTESIAN_POINT('',(-6.223154111305,-9.42618396413,
    49.016666666668));
#487 = CARTESIAN_POINT('',(-0.677788200103,-12.26040703414,
    49.224999999993));
#488 = CARTESIAN_POINT('',(6.200682450793,-11.39989010963,
    49.433333333348));
#489 = CARTESIAN_POINT('',(11.39991362859,-6.200716981133,
    49.641666666646));
#490 = CARTESIAN_POINT('',(12.260397701743,0.677819733601,
    49.850000000018));
#491 = CARTESIAN_POINT('',(9.426185613077,6.223136605029,50.058333333324
    ));
#492 = CARTESIAN_POINT('',(4.712388787196,9.000002088777,50.266666666669
    ));
#493 = CARTESIAN_POINT('',(-4.712388755854,8.999997113399,
    50.683333333332));
#494 = CARTESIAN_POINT('',(-9.426183964137,6.223154111707,
    50.891666666669));
#495 = CARTESIAN_POINT('',(-12.26040703413,0.677788199647,
    51.099999999991));
#496 = CARTESIAN_POINT('',(-11.39989010963,-6.20068245038,
    51.308333333351));
#497 = CARTESIAN_POINT('',(-6.200716981129,-11.39991362888,
    51.516666666643));
#498 = CARTESIAN_POINT('',(0.677819733598,-12.26039770158,
    51.725000000019));
#499 = CARTESIAN_POINT('',(6.22313660503,-9.426185613139,51.933333333323
    ));
#500 = CARTESIAN_POINT('',(9.000002088776,-4.712388787184,
    52.141666666669));
#501 = CARTESIAN_POINT('',(8.999997113399,4.712388755848,52.558333333332
    ));
#502 = CARTESIAN_POINT('',(6.223154111708,9.426183964147,52.766666666671
    ));
#503 = CARTESIAN_POINT('',(0.677788199645,12.260407034124,
    52.974999999989));
#504 = CARTESIAN_POINT('',(-6.200682450376,11.399890109651,
    53.183333333354));
#505 = CARTESIAN_POINT('',(-11.39991362889,6.200716981118,
    53.391666666641));
#506 = CARTESIAN_POINT('',(-12.26039770157,-0.677819733592,
    53.60000000002));
#507 = CARTESIAN_POINT('',(-9.426185613146,-6.223136605033,
    53.808333333323));
#508 = CARTESIAN_POINT('',(-4.712388787179,-9.000002088776,
    54.016666666669));
#509 = CARTESIAN_POINT('',(4.712388755837,-8.999997113399,
    54.433333333332));
#510 = CARTESIAN_POINT('',(9.426183964209,-6.223154111707,
    54.641666666668));
#511 = CARTESIAN_POINT('',(12.260407033959,-0.677788199645,
    54.849999999994));
#512 = CARTESIAN_POINT('',(11.399890109953,6.200682450373,
    55.058333333346));
#513 = CARTESIAN_POINT('',(6.200716980699,11.399913628899,
    55.266666666649));
#514 = CARTESIAN_POINT('',(-0.677819733132,12.260397701564,
    55.475000000015));
#515 = CARTESIAN_POINT('',(-6.223136605437,9.426185613154,
    55.683333333326));
#516 = CARTESIAN_POINT('',(-9.000002088493,4.712388787173,
    55.891666666668));
#517 = CARTESIAN_POINT('',(-8.99999711399,-4.712388755826,
    56.308333333333));
#518 = CARTESIAN_POINT('',(-6.223154108519,-9.426183964271,
    56.516666666666));
#519 = CARTESIAN_POINT('',(-0.677788207978,-12.26040703379,56.725));
#520 = CARTESIAN_POINT('',(6.200682465547,-11.39989011025,
    56.933333333339));
#521 = CARTESIAN_POINT('',(11.399913607799,-6.200716980281,
    57.141666666655));
#522 = CARTESIAN_POINT('',(12.260397724771,0.677819732672,
    57.350000000012));
#523 = CARTESIAN_POINT('',(9.426185592729,6.22313660584,57.558333333326)
  );
#524 = CARTESIAN_POINT('',(4.7123888015,9.000002088212,57.766666666668)
  );
#525 = CARTESIAN_POINT('',(-4.712388785838,8.999997114577,
    58.183333333332));
#526 = CARTESIAN_POINT('',(-9.426183802227,6.223154105349,
    58.391666666671));
#527 = CARTESIAN_POINT('',(-12.26040745753,0.677788216274,
    58.599999999988));
#528 = CARTESIAN_POINT('',(-11.39988933834,-6.20068248067,
    58.808333333356));
#529 = CARTESIAN_POINT('',(-6.200718053997,-11.39991358675,
    59.016666666638));
#530 = CARTESIAN_POINT('',(0.677820913854,-12.26039774793,
    59.225000000023));
#531 = CARTESIAN_POINT('',(6.223135566146,-9.426185572336,
    59.433333333321));
#532 = CARTESIAN_POINT('',(9.000002817506,-4.712388815806,59.64166666667
    ));
#533 = CARTESIAN_POINT('',(8.999999202174,6.750155989721E-14,59.85));
#534 = PCURVE('',#184,#535);
#535 = DEFINITIONAL_REPRESENTATION('',(#536),#547);
#536 = B_SPLINE_CURVE_WITH_KNOTS('',9,(#537,#538,#539,#540,#541,#542,
    #543,#544,#545,#546),.UNSPECIFIED.,.F.,.F.,(10,10),(3.381139512219,
    6.762276097012),.PIECEWISE_BEZIER_KNOTS.);
#537 = CARTESIAN_POINT('',(-3.141589947528,-0.1));
#538 = CARTESIAN_POINT('',(-3.490656517839,-0.238888768638));
#539 = CARTESIAN_POINT('',(-3.839705070528,-0.377777537275));
#540 = CARTESIAN_POINT('',(-4.188964384331,-0.516666305899));
#541 = CARTESIAN_POINT('',(-4.53746307746,-0.655555074551));
#542 = CARTESIAN_POINT('',(-4.887312254825,-0.794443843184));
#543 = CARTESIAN_POINT('',(-5.2358107482,-0.93333261181));
#544 = CARTESIAN_POINT('',(-5.585070155803,-1.072221380461));
#545 = CARTESIAN_POINT('',(-5.934118745309,-1.211110149099));
#546 = CARTESIAN_POINT('',(-6.283185307175,-1.349998917737));
#547 = ( GEOMETRIC_REPRESENTATION_CONTEXT(2) 
PARAMETRIC_REPRESENTATION_CONTEXT() REPRESENTATION_CONTEXT('2D SPACE',''
  ) );
#548 = PCURVE('',#549,#682);
#549 = B_SPLINE_SURFACE_WITH_KNOTS('',1,9,(
    (#550,#551,#552,#553,#554,#555,#556,#557,#558,#559,#560,#561,#562
      ,#563,#564,#565,#566,#567,#568,#569,#570,#571,#572,#573,#574,#575
      ,#576,#577,#578,#579,#580,#581,#582,#583,#584,#585,#586,#587,#588
      ,#589,#590,#591,#592,#593,#594,#595,#596,#597,#598,#599,#600,#601
      ,#602,#603,#604,#605,#606,#607,#608,#609,#610,#611,#612,#613,#614
      ,#615)
    ,(#616,#617,#618,#619,#620,#621,#622,#623,#624,#625,#626,#627,#628
      ,#629,#630,#631,#632,#633,#634,#635,#636,#637,#638,#639,#640,#641
      ,#642,#643,#644,#645,#646,#647,#648,#649,#650,#651,#652,#653,#654
      ,#655,#656,#657,#658,#659,#660,#661,#662,#663,#664,#665,#666,#667
      ,#668,#669,#670,#671,#672,#673,#674,#675,#676,#677,#678,#679,#680
      ,#681)),.UNSPECIFIED.,.F.,.F.,.F.,(2,2),(10,8,8,8,8,8,8,8,10),(0.,
    1.141271221051),(0.,5.071709268329,10.143418536657,15.215127804986,
    20.286837073315,25.358546341643,30.430255609972,35.501964878301,
    40.573674146629),.UNSPECIFIED.);
#550 = CARTESIAN_POINT('',(10.,5.329070518201E-15,44.3));
#551 = CARTESIAN_POINT('',(9.999998726314,5.235983144374,44.508337532466
    ));
#552 = CARTESIAN_POINT('',(6.914611323186,10.473555556307,44.71665381496
    ));
#553 = CARTESIAN_POINT('',(0.753100514731,13.622640047782,
    44.925029269397));
#554 = CARTESIAN_POINT('',(-6.889636943938,12.666588288076,
    45.133292318212));
#555 = CARTESIAN_POINT('',(-12.6665967678,6.88964951982,45.341708265619)
  );
#556 = CARTESIAN_POINT('',(-13.62263668216,-0.753111985463,
    45.54997255963));
#557 = CARTESIAN_POINT('',(-10.47355615693,-6.914604737015,
    45.758346091935));
#558 = CARTESIAN_POINT('',(-5.235983234122,-10.00000072135,
    45.966664228196));
#559 = CARTESIAN_POINT('',(5.235983187218,-9.999998989981,
    46.383336691982));
#560 = CARTESIAN_POINT('',(10.473555495227,-6.914610947299,
    46.591655013164));
#561 = CARTESIAN_POINT('',(13.622640117177,-0.753100941771,
    46.800027908137));
#562 = CARTESIAN_POINT('',(12.666588224992,6.889637332124,
    47.008293555621));
#563 = CARTESIAN_POINT('',(6.889649565173,12.666596488726,
    47.216707376025));
#564 = CARTESIAN_POINT('',(-0.75311201036,13.622636835364,
    47.424973047977));
#565 = CARTESIAN_POINT('',(-6.914604727495,10.473556098351,
    47.633345905182));
#566 = CARTESIAN_POINT('',(-10.00000072311,5.235983244974,
    47.841664262785));
#567 = CARTESIAN_POINT('',(-9.999998989139,-5.235983192398,
    48.258336675471));
#568 = CARTESIAN_POINT('',(-6.914610948501,-10.47355548784,
    48.466655036702));
#569 = CARTESIAN_POINT('',(-0.753100940404,-13.62264012556,
    48.675027881398));
#570 = CARTESIAN_POINT('',(6.88963733088,-12.66658821736,48.883293579925
    ));
#571 = CARTESIAN_POINT('',(12.666596489622,-6.889649570656,
    49.091707358554));
#572 = CARTESIAN_POINT('',(13.622636834873,0.753112013371,
    49.299973057566));
#573 = CARTESIAN_POINT('',(10.473556098539,6.914604726342,
    49.508345901516));
#574 = CARTESIAN_POINT('',(5.235983244939,10.000000723329,
    49.716664263464));
#575 = CARTESIAN_POINT('',(-5.235983192381,9.999998989037,
    50.133336675147));
#576 = CARTESIAN_POINT('',(-10.47355548786,6.914610948645,
    50.341655037163));
#577 = CARTESIAN_POINT('',(-13.62264012553,0.753100940241,
    50.550027880873));
#578 = CARTESIAN_POINT('',(-12.66658821739,-6.889637330733,
    50.758293580402));
#579 = CARTESIAN_POINT('',(-6.889649570638,-12.66659648972,
    50.966707358211));
#580 = CARTESIAN_POINT('',(0.753112013361,-13.62263683481,
    51.174973057755));
#581 = CARTESIAN_POINT('',(6.914604726346,-10.47355609856,
    51.383345901444));
#582 = CARTESIAN_POINT('',(10.000000723328,-5.235983244935,
    51.591664263477));
#583 = CARTESIAN_POINT('',(9.999998989037,5.235983192379,52.008336675141
    ));
#584 = CARTESIAN_POINT('',(6.914610948645,10.47355548787,52.216655037172
    ));
#585 = CARTESIAN_POINT('',(0.75310094024,13.622640125533,52.425027880865
    ));
#586 = CARTESIAN_POINT('',(-6.889637330731,12.666588217398,
    52.633293580408));
#587 = CARTESIAN_POINT('',(-12.66659648972,6.889649570632,52.84170735821
    ));
#588 = CARTESIAN_POINT('',(-13.62263683481,-0.753112013357,
    53.04997305775));
#589 = CARTESIAN_POINT('',(-10.47355609856,-6.914604726348,
    53.25834590145));
#590 = CARTESIAN_POINT('',(-5.235983244933,-10.00000072332,
    53.466664263472));
#591 = CARTESIAN_POINT('',(5.235983192375,-9.999998989038,
    53.883336675153));
#592 = CARTESIAN_POINT('',(10.473555487892,-6.914610948642,
    54.091655037101));
#593 = CARTESIAN_POINT('',(13.622640125476,-0.753100940247,
    54.300027881053));
#594 = CARTESIAN_POINT('',(12.666588217502,6.889637330743,
    54.508293580064));
#595 = CARTESIAN_POINT('',(6.889649570488,12.666596489713,
    54.716707358689));
#596 = CARTESIAN_POINT('',(-0.753112013199,13.622636834831,
    54.924973057224));
#597 = CARTESIAN_POINT('',(-6.914604726487,10.473556098546,
    55.133345901913));
#598 = CARTESIAN_POINT('',(-10.00000072323,5.235983244945,
    55.341664263148));
#599 = CARTESIAN_POINT('',(-9.999998989241,-5.235983192402,
    55.758336675832));
#600 = CARTESIAN_POINT('',(-6.914610947544,-10.47355548774,
    55.966655033433));
#601 = CARTESIAN_POINT('',(-0.753100943118,-13.62264012585,
    56.175027890645));
#602 = CARTESIAN_POINT('',(6.88963733597,-12.66658821681,56.383293562589
    ));
#603 = CARTESIAN_POINT('',(12.666596482445,-6.889649571438,
    56.591707382996));
#604 = CARTESIAN_POINT('',(13.622636842823,0.753112014241,
    56.799973030484));
#605 = CARTESIAN_POINT('',(10.473556091513,6.91460472557,57.00834592545)
  );
#606 = CARTESIAN_POINT('',(5.235983249879,10.000000723874,
    57.216664246636));
#607 = CARTESIAN_POINT('',(-5.235983202736,9.999998987893,
    57.633336710423));
#608 = CARTESIAN_POINT('',(-10.47355543195,6.914610954823,
    57.841654846677));
#609 = CARTESIAN_POINT('',(-13.62264027176,0.753100924087,
    58.050028378998));
#610 = CARTESIAN_POINT('',(-12.66658795102,-6.889637301307,
    58.258292672989));
#611 = CARTESIAN_POINT('',(-6.889649941159,-12.66659653065,
    58.466708620411));
#612 = CARTESIAN_POINT('',(0.753112420971,-13.62263678978,
    58.674971669217));
#613 = CARTESIAN_POINT('',(6.914604367559,-10.47355613819,58.88334712366
    ));
#614 = CARTESIAN_POINT('',(10.000000975002,-5.235983217134,
    59.091663406149));
#615 = CARTESIAN_POINT('',(9.999999718414,-4.149609988957E-08,
    59.300000938619));
#616 = CARTESIAN_POINT('',(9.,-6.217248937901E-15,44.85));
#617 = CARTESIAN_POINT('',(8.999996384672,4.712388727226,45.058333333333
    ));
#618 = CARTESIAN_POINT('',(6.223155150586,9.426184004952,45.266666666667
    ));
#619 = CARTESIAN_POINT('',(0.677787019396,12.260406987763,
    45.474999999995));
#620 = CARTESIAN_POINT('',(-6.200681377514,11.399890151797,
    45.683333333346));
#621 = CARTESIAN_POINT('',(-11.39991440018,6.200716950816,
    45.891666666648));
#622 = CARTESIAN_POINT('',(-12.26039727817,-0.677819716956,
    46.100000000016));
#623 = CARTESIAN_POINT('',(-9.426185775057,-6.223136611396,
    46.308333333325));
#624 = CARTESIAN_POINT('',(-4.712388757194,-9.000002087597,
    46.516666666668));
#625 = CARTESIAN_POINT('',(4.712388741533,-8.999997113963,
    46.933333333333));
#626 = CARTESIAN_POINT('',(9.426183984554,-6.223154110901,
    47.141666666668));
#627 = CARTESIAN_POINT('',(12.260407010941,-0.677788200564,
    47.349999999995));
#628 = CARTESIAN_POINT('',(11.399890130726,6.200682451214,
    47.558333333345));
#629 = CARTESIAN_POINT('',(6.200716965965,11.399913628287,
    47.766666666649));
#630 = CARTESIAN_POINT('',(-0.677819725272,12.260397701908,
    47.975000000015));
#631 = CARTESIAN_POINT('',(-6.223136608216,9.426185613014,
    48.183333333325));
#632 = CARTESIAN_POINT('',(-9.000002088186,4.712388787207,
    48.391666666668));
#633 = CARTESIAN_POINT('',(-8.999997113681,-4.71238875586,
    48.808333333333));
#634 = CARTESIAN_POINT('',(-6.223154111305,-9.42618396413,
    49.016666666668));
#635 = CARTESIAN_POINT('',(-0.677788200103,-12.26040703414,
    49.224999999993));
#636 = CARTESIAN_POINT('',(6.200682450793,-11.39989010963,
    49.433333333348));
#637 = CARTESIAN_POINT('',(11.39991362859,-6.200716981133,
    49.641666666646));
#638 = CARTESIAN_POINT('',(12.260397701743,0.677819733601,
    49.850000000018));
#639 = CARTESIAN_POINT('',(9.426185613077,6.223136605029,50.058333333324
    ));
#640 = CARTESIAN_POINT('',(4.712388787196,9.000002088777,50.266666666669
    ));
#641 = CARTESIAN_POINT('',(-4.712388755854,8.999997113399,
    50.683333333332));
#642 = CARTESIAN_POINT('',(-9.426183964137,6.223154111707,
    50.891666666669));
#643 = CARTESIAN_POINT('',(-12.26040703413,0.677788199647,
    51.099999999991));
#644 = CARTESIAN_POINT('',(-11.39989010963,-6.20068245038,
    51.308333333351));
#645 = CARTESIAN_POINT('',(-6.200716981129,-11.39991362888,
    51.516666666643));
#646 = CARTESIAN_POINT('',(0.677819733598,-12.26039770158,
    51.725000000019));
#647 = CARTESIAN_POINT('',(6.22313660503,-9.426185613139,51.933333333323
    ));
#648 = CARTESIAN_POINT('',(9.000002088776,-4.712388787184,
    52.141666666669));
#649 = CARTESIAN_POINT('',(8.999997113399,4.712388755848,52.558333333332
    ));
#650 = CARTESIAN_POINT('',(6.223154111708,9.426183964147,52.766666666671
    ));
#651 = CARTESIAN_POINT('',(0.677788199645,12.260407034124,
    52.974999999989));
#652 = CARTESIAN_POINT('',(-6.200682450376,11.399890109651,
    53.183333333354));
#653 = CARTESIAN_POINT('',(-11.39991362889,6.200716981118,
    53.391666666641));
#654 = CARTESIAN_POINT('',(-12.26039770157,-0.677819733592,
    53.60000000002));
#655 = CARTESIAN_POINT('',(-9.426185613146,-6.223136605033,
    53.808333333323));
#656 = CARTESIAN_POINT('',(-4.712388787179,-9.000002088776,
    54.016666666669));
#657 = CARTESIAN_POINT('',(4.712388755837,-8.999997113399,
    54.433333333332));
#658 = CARTESIAN_POINT('',(9.426183964209,-6.223154111707,
    54.641666666668));
#659 = CARTESIAN_POINT('',(12.260407033959,-0.677788199645,
    54.849999999994));
#660 = CARTESIAN_POINT('',(11.399890109953,6.200682450373,
    55.058333333346));
#661 = CARTESIAN_POINT('',(6.200716980699,11.399913628899,
    55.266666666649));
#662 = CARTESIAN_POINT('',(-0.677819733132,12.260397701564,
    55.475000000015));
#663 = CARTESIAN_POINT('',(-6.223136605437,9.426185613154,
    55.683333333326));
#664 = CARTESIAN_POINT('',(-9.000002088493,4.712388787173,
    55.891666666668));
#665 = CARTESIAN_POINT('',(-8.99999711399,-4.712388755826,
    56.308333333333));
#666 = CARTESIAN_POINT('',(-6.223154108519,-9.426183964271,
    56.516666666666));
#667 = CARTESIAN_POINT('',(-0.677788207978,-12.26040703379,56.725));
#668 = CARTESIAN_POINT('',(6.200682465547,-11.39989011025,
    56.933333333339));
#669 = CARTESIAN_POINT('',(11.399913607799,-6.200716980281,
    57.141666666655));
#670 = CARTESIAN_POINT('',(12.260397724771,0.677819732672,
    57.350000000012));
#671 = CARTESIAN_POINT('',(9.426185592729,6.22313660584,57.558333333326)
  );
#672 = CARTESIAN_POINT('',(4.7123888015,9.000002088212,57.766666666668)
  );
#673 = CARTESIAN_POINT('',(-4.712388785838,8.999997114577,
    58.183333333332));
#674 = CARTESIAN_POINT('',(-9.426183802227,6.223154105349,
    58.391666666671));
#675 = CARTESIAN_POINT('',(-12.26040745753,0.677788216274,
    58.599999999988));
#676 = CARTESIAN_POINT('',(-11.39988933834,-6.20068248067,
    58.808333333356));
#677 = CARTESIAN_POINT('',(-6.200718053997,-11.39991358675,
    59.016666666638));
#678 = CARTESIAN_POINT('',(0.677820913854,-12.26039774793,
    59.225000000023));
#679 = CARTESIAN_POINT('',(6.223135566146,-9.426185572336,
    59.433333333321));
#680 = CARTESIAN_POINT('',(9.000002817506,-4.712388815806,59.64166666667
    ));
#681 = CARTESIAN_POINT('',(8.999999202174,6.750155989721E-14,59.85));
#682 = DEFINITIONAL_REPRESENTATION('',(#683),#687);
#683 = LINE('',#684,#685);
#684 = CARTESIAN_POINT('',(1.141271221051,0.));
#685 = VECTOR('',#686,1.);
#686 = DIRECTION('',(0.,1.));
#687 = ( GEOMETRIC_REPRESENTATION_CONTEXT(2) 
PARAMETRIC_REPRESENTATION_CONTEXT() REPRESENTATION_CONTEXT('2D SPACE',''
  ) );
#688 = ORIENTED_EDGE('',*,*,#689,.F.);
#689 = EDGE_CURVE('',#690,#464,#692,.T.);
#690 = VERTEX_POINT('',#691);
#691 = CARTESIAN_POINT('',(9.,0.,46.1));
#692 = SURFACE_CURVE('',#693,(#698,#705),.PCURVE_S1.);
#693 = CIRCLE('',#694,9.);
#694 = AXIS2_PLACEMENT_3D('',#695,#696,#697);
#695 = CARTESIAN_POINT('',(0.,0.,46.1));
#696 = DIRECTION('',(0.,0.,-1.));
#697 = DIRECTION('',(1.,0.,0.));
#698 = PCURVE('',#184,#699);
#699 = DEFINITIONAL_REPRESENTATION('',(#700),#704);
#700 = LINE('',#701,#702);
#701 = CARTESIAN_POINT('',(-6.28318530718,-0.1));
#702 = VECTOR('',#703,1.);
#703 = DIRECTION('',(1.,-0.));
#704 = ( GEOMETRIC_REPRESENTATION_CONTEXT(2) 
PARAMETRIC_REPRESENTATION_CONTEXT() REPRESENTATION_CONTEXT('2D SPACE',''
  ) );
#705 = PCURVE('',#706,#711);
#706 = PLANE('',#707);
#707 = AXIS2_PLACEMENT_3D('',#708,#709,#710);
#708 = CARTESIAN_POINT('',(-5.469760530158E-16,6.857365063158E-16,46.1)
  );
#709 = DIRECTION('',(0.,0.,1.));
#710 = DIRECTION('',(1.,0.,-0.));
#711 = DEFINITIONAL_REPRESENTATION('',(#712),#720);
#712 = ( BOUNDED_CURVE() B_SPLINE_CURVE(2,(#713,#714,#715,#716,#717,#718
,#719),.UNSPECIFIED.,.T.,.F.) B_SPLINE_CURVE_WITH_KNOTS((1,2,2,2,2,1),(
    -2.094395102393,0.,2.094395102393,4.188790204786,6.28318530718,
8.377580409573),.UNSPECIFIED.) CURVE() GEOMETRIC_REPRESENTATION_ITEM() 
RATIONAL_B_SPLINE_CURVE((1.,0.5,1.,0.5,1.,0.5,1.)) REPRESENTATION_ITEM(
  '') );
#713 = CARTESIAN_POINT('',(9.,-6.857365063158E-16));
#714 = CARTESIAN_POINT('',(9.,-15.58845726812));
#715 = CARTESIAN_POINT('',(-4.5,-7.79422863406));
#716 = CARTESIAN_POINT('',(-18.,-2.890100744781E-15));
#717 = CARTESIAN_POINT('',(-4.5,7.79422863406));
#718 = CARTESIAN_POINT('',(9.,15.58845726812));
#719 = CARTESIAN_POINT('',(9.,-6.857365063158E-16));
#720 = ( GEOMETRIC_REPRESENTATION_CONTEXT(2) 
PARAMETRIC_REPRESENTATION_CONTEXT() REPRESENTATION_CONTEXT('2D SPACE',''
  ) );
#721 = ORIENTED_EDGE('',*,*,#722,.F.);
#722 = EDGE_CURVE('',#168,#690,#723,.T.);
#723 = SEAM_CURVE('',#724,(#728,#735),.PCURVE_S1.);
#724 = LINE('',#725,#726);
#725 = CARTESIAN_POINT('',(9.,0.,46.));
#726 = VECTOR('',#727,1.);
#727 = DIRECTION('',(0.,0.,1.));
#728 = PCURVE('',#184,#729);
#729 = DEFINITIONAL_REPRESENTATION('',(#730),#734);
#730 = LINE('',#731,#732);
#731 = CARTESIAN_POINT('',(-6.28318530718,0.));
#732 = VECTOR('',#733,1.);
#733 = DIRECTION('',(-0.,-1.));
#734 = ( GEOMETRIC_REPRESENTATION_CONTEXT(2) 
PARAMETRIC_REPRESENTATION_CONTEXT() REPRESENTATION_CONTEXT('2D SPACE',''
  ) );
#735 = PCURVE('',#184,#736);
#736 = DEFINITIONAL_REPRESENTATION('',(#737),#741);
#737 = LINE('',#738,#739);
#738 = CARTESIAN_POINT('',(-0.,0.));
#739 = VECTOR('',#740,1.);
#740 = DIRECTION('',(-0.,-1.));
#741 = ( GEOMETRIC_REPRESENTATION_CONTEXT(2) 
PARAMETRIC_REPRESENTATION_CONTEXT() REPRESENTATION_CONTEXT('2D SPACE',''
  ) );
#742 = ORIENTED_EDGE('',*,*,#167,.F.);
#743 = ORIENTED_EDGE('',*,*,#722,.T.);
#744 = ORIENTED_EDGE('',*,*,#745,.F.);
#745 = EDGE_CURVE('',#204,#690,#746,.T.);
#746 = SURFACE_CURVE('',#747,(#752,#759),.PCURVE_S1.);
#747 = CIRCLE('',#748,9.);
#748 = AXIS2_PLACEMENT_3D('',#749,#750,#751);
#749 = CARTESIAN_POINT('',(0.,0.,46.1));
#750 = DIRECTION('',(0.,0.,-1.));
#751 = DIRECTION('',(1.,0.,0.));
#752 = PCURVE('',#184,#753);
#753 = DEFINITIONAL_REPRESENTATION('',(#754),#758);
#754 = LINE('',#755,#756);
#755 = CARTESIAN_POINT('',(-6.28318530718,-0.1));
#756 = VECTOR('',#757,1.);
#757 = DIRECTION('',(1.,-0.));
#758 = ( GEOMETRIC_REPRESENTATION_CONTEXT(2) 
PARAMETRIC_REPRESENTATION_CONTEXT() REPRESENTATION_CONTEXT('2D SPACE',''
  ) );
#759 = PCURVE('',#706,#760);
#760 = DEFINITIONAL_REPRESENTATION('',(#761),#769);
#761 = ( BOUNDED_CURVE() B_SPLINE_CURVE(2,(#762,#763,#764,#765,#766,#767
,#768),.UNSPECIFIED.,.T.,.F.) B_SPLINE_CURVE_WITH_KNOTS((1,2,2,2,2,1),(
    -2.094395102393,0.,2.094395102393,4.188790204786,6.28318530718,
8.377580409573),.UNSPECIFIED.) CURVE() GEOMETRIC_REPRESENTATION_ITEM() 
RATIONAL_B_SPLINE_CURVE((1.,0.5,1.,0.5,1.,0.5,1.)) REPRESENTATION_ITEM(
  '') );
#762 = CARTESIAN_POINT('',(9.,-6.857365063158E-16));
#763 = CARTESIAN_POINT('',(9.,-15.58845726812));
#764 = CARTESIAN_POINT('',(-4.5,-7.79422863406));
#765 = CARTESIAN_POINT('',(-18.,-2.890100744781E-15));
#766 = CARTESIAN_POINT('',(-4.5,7.79422863406));
#767 = CARTESIAN_POINT('',(9.,15.58845726812));
#768 = CARTESIAN_POINT('',(9.,-6.857365063158E-16));
#769 = ( GEOMETRIC_REPRESENTATION_CONTEXT(2) 
PARAMETRIC_REPRESENTATION_CONTEXT() REPRESENTATION_CONTEXT('2D SPACE',''
  ) );
#770 = ADVANCED_FACE('',(#771),#295,.F.);
#771 = FACE_BOUND('',#772,.F.);
#772 = EDGE_LOOP('',(#773,#774,#839,#912,#1115,#1381,#1460,#1558,#1662,
    #1768));
#773 = ORIENTED_EDGE('',*,*,#203,.F.);
#774 = ORIENTED_EDGE('',*,*,#775,.F.);
#775 = EDGE_CURVE('',#776,#204,#778,.T.);
#776 = VERTEX_POINT('',#777);
#777 = CARTESIAN_POINT('',(4.409775721348,7.902934776867,46.1));
#778 = SURFACE_CURVE('',#779,(#797,#818),.PCURVE_S1.);
#779 = B_SPLINE_CURVE_WITH_KNOTS('',6,(#780,#781,#782,#783,#784,#785,
    #786,#787,#788,#789,#790,#791,#792,#793,#794,#795,#796),
  .UNSPECIFIED.,.F.,.F.,(7,5,5,7),(0.,1.437989863045E-02,0.524064705075,
    1.),.UNSPECIFIED.);
#780 = CARTESIAN_POINT('',(9.05,3.133322429903,46.1));
#781 = CARTESIAN_POINT('',(9.042917200872,3.14967597125,46.1));
#782 = CARTESIAN_POINT('',(9.035797818505,3.166013548876,46.1));
#783 = CARTESIAN_POINT('',(9.028641851564,3.182335171484,46.1));
#784 = CARTESIAN_POINT('',(9.021449356281,3.198640682858,46.1));
#785 = CARTESIAN_POINT('',(9.014220393638,3.214929912212,46.1));
#786 = CARTESIAN_POINT('',(8.74943767413,3.807984092668,46.1));
#787 = CARTESIAN_POINT('',(8.446114477072,4.364280639329,46.1));
#788 = CARTESIAN_POINT('',(8.098718620828,4.895311610342,46.1));
#789 = CARTESIAN_POINT('',(7.709625470175,5.396567064561,46.1));
#790 = CARTESIAN_POINT('',(7.281791867339,5.863771526022,46.1));
#791 = CARTESIAN_POINT('',(6.386653775855,6.693801363132,46.1));
#792 = CARTESIAN_POINT('',(5.923794087475,7.06153149975,46.1));
#793 = CARTESIAN_POINT('',(5.433308101602,7.392972147294,46.1));
#794 = CARTESIAN_POINT('',(4.918592595434,7.68531513659,46.1));
#795 = CARTESIAN_POINT('',(4.383421123432,7.936119543777,46.1));
#796 = CARTESIAN_POINT('',(3.832012843892,8.14343781537,46.1));
#797 = PCURVE('',#295,#798);
#798 = DEFINITIONAL_REPRESENTATION('',(#799),#817);
#799 = B_SPLINE_CURVE_WITH_KNOTS('',6,(#800,#801,#802,#803,#804,#805,
    #806,#807,#808,#809,#810,#811,#812,#813,#814,#815,#816),
  .UNSPECIFIED.,.F.,.F.,(7,5,5,7),(0.,1.437989863045E-02,0.524064705075,
    1.),.UNSPECIFIED.);
#800 = CARTESIAN_POINT('',(0.658579295769,7.120999131059));
#801 = CARTESIAN_POINT('',(0.657047278228,7.122996190662));
#802 = CARTESIAN_POINT('',(0.655514787255,7.124993867397));
#803 = CARTESIAN_POINT('',(0.653982343016,7.126991483205));
#804 = CARTESIAN_POINT('',(0.652449713298,7.128989340783));
#805 = CARTESIAN_POINT('',(0.650916599846,7.130987828924));
#806 = CARTESIAN_POINT('',(0.595037527764,7.203828923796));
#807 = CARTESIAN_POINT('',(0.540371723059,7.275088454627));
#808 = CARTESIAN_POINT('',(0.48538632804,7.346764578509));
#809 = CARTESIAN_POINT('',(0.430071315413,7.418870371877));
#810 = CARTESIAN_POINT('',(0.374414568898,7.491421634104));
#811 = CARTESIAN_POINT('',(0.266122885824,7.632585092343));
#812 = CARTESIAN_POINT('',(0.213526522444,7.701147005743));
#813 = CARTESIAN_POINT('',(0.160625003773,7.77010671018));
#814 = CARTESIAN_POINT('',(0.107409189415,7.839476120957));
#815 = CARTESIAN_POINT('',(5.386820930304E-02,7.909269405027));
#816 = CARTESIAN_POINT('',(0.,7.979489248837));
#817 = ( GEOMETRIC_REPRESENTATION_CONTEXT(2) 
PARAMETRIC_REPRESENTATION_CONTEXT() REPRESENTATION_CONTEXT('2D SPACE',''
  ) );
#818 = PCURVE('',#706,#819);
#819 = DEFINITIONAL_REPRESENTATION('',(#820),#838);
#820 = B_SPLINE_CURVE_WITH_KNOTS('',6,(#821,#822,#823,#824,#825,#826,
    #827,#828,#829,#830,#831,#832,#833,#834,#835,#836,#837),
  .UNSPECIFIED.,.F.,.F.,(7,5,5,7),(0.,1.437989863045E-02,0.524064705075,
    1.),.UNSPECIFIED.);
#821 = CARTESIAN_POINT('',(9.05,3.133322429903));
#822 = CARTESIAN_POINT('',(9.042917200872,3.14967597125));
#823 = CARTESIAN_POINT('',(9.035797818505,3.166013548876));
#824 = CARTESIAN_POINT('',(9.028641851564,3.182335171484));
#825 = CARTESIAN_POINT('',(9.021449356281,3.198640682858));
#826 = CARTESIAN_POINT('',(9.014220393638,3.214929912212));
#827 = CARTESIAN_POINT('',(8.74943767413,3.807984092668));
#828 = CARTESIAN_POINT('',(8.446114477072,4.364280639329));
#829 = CARTESIAN_POINT('',(8.098718620828,4.895311610342));
#830 = CARTESIAN_POINT('',(7.709625470175,5.396567064561));
#831 = CARTESIAN_POINT('',(7.281791867339,5.863771526022));
#832 = CARTESIAN_POINT('',(6.386653775855,6.693801363132));
#833 = CARTESIAN_POINT('',(5.923794087475,7.06153149975));
#834 = CARTESIAN_POINT('',(5.433308101602,7.392972147294));
#835 = CARTESIAN_POINT('',(4.918592595434,7.68531513659));
#836 = CARTESIAN_POINT('',(4.383421123432,7.936119543777));
#837 = CARTESIAN_POINT('',(3.832012843892,8.14343781537));
#838 = ( GEOMETRIC_REPRESENTATION_CONTEXT(2) 
PARAMETRIC_REPRESENTATION_CONTEXT() REPRESENTATION_CONTEXT('2D SPACE',''
  ) );
#839 = ORIENTED_EDGE('',*,*,#840,.F.);
#840 = EDGE_CURVE('',#841,#776,#843,.T.);
#841 = VERTEX_POINT('',#842);
#842 = CARTESIAN_POINT('',(-5.358288804059,8.443260237873,
    47.049999999954));
#843 = SURFACE_CURVE('',#844,(#863,#885),.PCURVE_S1.);
#844 = B_SPLINE_CURVE_WITH_KNOTS('',5,(#845,#846,#847,#848,#849,#850,
    #851,#852,#853,#854,#855,#856,#857,#858,#859,#860,#861,#862),
  .UNSPECIFIED.,.F.,.F.,(6,4,4,4,6),(0.,0.270018770913,0.533658350059,
    0.769469269964,1.),.UNSPECIFIED.);
#845 = CARTESIAN_POINT('',(-5.358078977295,8.443387612741,
    47.049990235291));
#846 = CARTESIAN_POINT('',(-4.863757180691,8.699027137593,
    47.000975024535));
#847 = CARTESIAN_POINT('',(-4.351730257444,8.920069332476,
    46.951674920992));
#848 = CARTESIAN_POINT('',(-3.825118263252,9.104596712828,
    46.902085474549));
#849 = CARTESIAN_POINT('',(-3.287323277125,9.251104900843,
    46.852197275004));
#850 = CARTESIAN_POINT('',(-2.209637013499,9.463498142433,
    46.753001224615));
#851 = CARTESIAN_POINT('',(-1.670078252604,9.531209539156,
    46.703705910372));
#852 = CARTESIAN_POINT('',(-1.126804932474,9.560755421893,
    46.654117200127));
#853 = CARTESIAN_POINT('',(-0.583413667761,9.551647797284,
    46.604226323518));
#854 = CARTESIAN_POINT('',(0.439146192974,9.461245916698,46.509129429038
    ));
#855 = CARTESIAN_POINT('',(0.919051609619,9.38767193119,46.463983642429)
  );
#856 = CARTESIAN_POINT('',(1.39339341783,9.283238386023,46.418587906703)
  );
#857 = CARTESIAN_POINT('',(1.859475599919,9.148311819693,46.37293461516)
  );
#858 = CARTESIAN_POINT('',(2.759534397655,8.822645719135,46.282130780148
    ));
#859 = CARTESIAN_POINT('',(3.194006243549,8.633219962752,46.236990854719
    ));
#860 = CARTESIAN_POINT('',(3.615493917632,8.4160543943,46.191594413832)
  );
#861 = CARTESIAN_POINT('',(4.021539174319,8.172167290387,46.145932695574
    ));
#862 = CARTESIAN_POINT('',(4.409775721348,7.902934776867,46.1));
#863 = PCURVE('',#295,#864);
#864 = DEFINITIONAL_REPRESENTATION('',(#865),#884);
#865 = B_SPLINE_CURVE_WITH_KNOTS('',5,(#866,#867,#868,#869,#870,#871,
    #872,#873,#874,#875,#876,#877,#878,#879,#880,#881,#882,#883),
  .UNSPECIFIED.,.F.,.F.,(6,4,4,4,6),(0.,0.270018770913,0.533658350059,
    0.769469269964,1.),.UNSPECIFIED.);
#866 = CARTESIAN_POINT('',(1.141271221051,9.061426227598));
#867 = CARTESIAN_POINT('',(1.085331299157,9.001764893275));
#868 = CARTESIAN_POINT('',(1.02906453926,8.941758981995));
#869 = CARTESIAN_POINT('',(0.972465365264,8.881403718273));
#870 = CARTESIAN_POINT('',(0.915523617428,8.8206868956));
#871 = CARTESIAN_POINT('',(0.80230158024,8.69996077157));
#872 = CARTESIAN_POINT('',(0.746035614974,8.639966709075));
#873 = CARTESIAN_POINT('',(0.689435306709,8.579614861405));
#874 = CARTESIAN_POINT('',(0.632491947687,8.518892863979));
#875 = CARTESIAN_POINT('',(0.523956823506,8.403144945192));
#876 = CARTESIAN_POINT('',(0.472433328538,8.34819294976));
#877 = CARTESIAN_POINT('',(0.420626865483,8.292933732857));
#878 = CARTESIAN_POINT('',(0.368528650836,8.237358169377));
#879 = CARTESIAN_POINT('',(0.264909012567,8.126815067104));
#880 = CARTESIAN_POINT('',(0.213399638814,8.07186054135));
#881 = CARTESIAN_POINT('',(0.161598476222,8.016592528909));
#882 = CARTESIAN_POINT('',(0.109494551034,7.961001631617));
#883 = CARTESIAN_POINT('',(5.708050951824E-02,7.905082015277));
#884 = ( GEOMETRIC_REPRESENTATION_CONTEXT(2) 
PARAMETRIC_REPRESENTATION_CONTEXT() REPRESENTATION_CONTEXT('2D SPACE',''
  ) );
#885 = PCURVE('',#886,#891);
#886 = CONICAL_SURFACE('',#887,10.,0.785398163397);
#887 = AXIS2_PLACEMENT_3D('',#888,#889,#890);
#888 = CARTESIAN_POINT('',(0.,0.,47.05));
#889 = DIRECTION('',(0.,0.,1.));
#890 = DIRECTION('',(1.,0.,-0.));
#891 = DEFINITIONAL_REPRESENTATION('',(#892),#911);
#892 = B_SPLINE_CURVE_WITH_KNOTS('',5,(#893,#894,#895,#896,#897,#898,
    #899,#900,#901,#902,#903,#904,#905,#906,#907,#908,#909,#910),
  .UNSPECIFIED.,.F.,.F.,(6,4,4,4,6),(0.,0.270018770913,0.533658350059,
    0.769469269964,1.),.UNSPECIFIED.);
#893 = CARTESIAN_POINT('',(8.419446550027,-9.764708638116E-06));
#894 = CARTESIAN_POINT('',(8.364011568785,-4.902497546511E-02));
#895 = CARTESIAN_POINT('',(8.308256109805,-9.832507900817E-02));
#896 = CARTESIAN_POINT('',(8.252175866202,-0.147914525451));
#897 = CARTESIAN_POINT('',(8.195759693277,-0.197802724996));
#898 = CARTESIAN_POINT('',(8.083585021617,-0.296998775385));
#899 = CARTESIAN_POINT('',(8.027840675811,-0.346294089628));
#900 = CARTESIAN_POINT('',(7.971764129408,-0.395882799873));
#901 = CARTESIAN_POINT('',(7.915343926961,-0.445773676482));
#902 = CARTESIAN_POINT('',(7.807796489089,-0.540870570962));
#903 = CARTESIAN_POINT('',(7.756737897959,-0.586016357571));
#904 = CARTESIAN_POINT('',(7.705393999314,-0.631412093297));
#905 = CARTESIAN_POINT('',(7.65375623982,-0.67706538484));
#906 = CARTESIAN_POINT('',(7.551045678542,-0.767869219852));
#907 = CARTESIAN_POINT('',(7.499984967651,-0.813009145281));
#908 = CARTESIAN_POINT('',(7.448632929035,-0.858405586167));
#909 = CARTESIAN_POINT('',(7.396980785458,-0.904067304427));
#910 = CARTESIAN_POINT('',(7.345023114926,-0.95));
#911 = ( GEOMETRIC_REPRESENTATION_CONTEXT(2) 
PARAMETRIC_REPRESENTATION_CONTEXT() REPRESENTATION_CONTEXT('2D SPACE',''
  ) );
#912 = ORIENTED_EDGE('',*,*,#913,.F.);
#913 = EDGE_CURVE('',#914,#841,#916,.T.);
#914 = VERTEX_POINT('',#915);
#915 = CARTESIAN_POINT('',(8.090151262661,-5.877851578507,
    55.950000003781));
#916 = SURFACE_CURVE('',#917,(#968,#975),.PCURVE_S1.);
#917 = B_SPLINE_CURVE_WITH_KNOTS('',9,(#918,#919,#920,#921,#922,#923,
    #924,#925,#926,#927,#928,#929,#930,#931,#932,#933,#934,#935,#936,
    #937,#938,#939,#940,#941,#942,#943,#944,#945,#946,#947,#948,#949,
    #950,#951,#952,#953,#954,#955,#956,#957,#958,#959,#960,#961,#962,
    #963,#964,#965,#966,#967),.UNSPECIFIED.,.F.,.F.,(10,8,8,8,8,8,10),(
    27.049113191026,29.754023449055,34.825732717384,39.897441985713,
    44.969151254041,50.04086052237,51.122826419031),.UNSPECIFIED.);
#918 = CARTESIAN_POINT('',(8.090138586647,-5.877842368821,
    55.950000007562));
#919 = CARTESIAN_POINT('',(6.448713690357,-8.137018644324,
    55.838888894655));
#920 = CARTESIAN_POINT('',(4.097578035014,-9.880561957685,
    55.727777722063));
#921 = CARTESIAN_POINT('',(1.221904001725,-10.85368720424,
    55.616666608513));
#922 = CARTESIAN_POINT('',(-1.88648776372,-10.87908779291,
    55.505555811312));
#923 = CARTESIAN_POINT('',(-4.86818926134,-9.910457493888,
    55.394445325803));
#924 = CARTESIAN_POINT('',(-7.368542990045,-8.061853005627,
    55.283333977642));
#925 = CARTESIAN_POINT('',(-9.122377941654,-5.585498283557,
    55.17222056823));
#926 = CARTESIAN_POINT('',(-10.00000061169,-2.792523051194,
    55.061113057345));
#927 = CARTESIAN_POINT('',(-9.999999249,5.23598338133,54.741664263146));
#928 = CARTESIAN_POINT('',(-6.914611099734,10.473555811462,
    54.533345901918));
#929 = CARTESIAN_POINT('',(-0.7531009051,13.622640512267,54.324973057213
    ));
#930 = CARTESIAN_POINT('',(6.889637577461,12.666588545478,
    54.116707358702));
#931 = CARTESIAN_POINT('',(12.666596874877,6.889649712064,
    53.908293580055));
#932 = CARTESIAN_POINT('',(13.622637215339,-0.753112091081,
    53.700027881057));
#933 = CARTESIAN_POINT('',(10.473556364769,-6.914604964522,53.4916550371
    ));
#934 = CARTESIAN_POINT('',(5.235983350879,-10.00000102663,
    53.283336675154));
#935 = CARTESIAN_POINT('',(-5.235983381313,-9.999999248898,
    52.86666426347));
#936 = CARTESIAN_POINT('',(-10.47355581148,-6.91461109988,
    52.658345901457));
#937 = CARTESIAN_POINT('',(-13.62264051224,-0.753100904933,
    52.449973057738));
#938 = CARTESIAN_POINT('',(-12.66658854549,6.889637577307,
    52.241707358225));
#939 = CARTESIAN_POINT('',(-6.889649712054,12.666596874988,
    52.033293580397));
#940 = CARTESIAN_POINT('',(0.753112091076,13.622637215278,51.82502788087
    ));
#941 = CARTESIAN_POINT('',(6.914604964523,10.473556364793,51.61665503717
    ));
#942 = CARTESIAN_POINT('',(10.000001026638,5.235983350875,
    51.408336675141));
#943 = CARTESIAN_POINT('',(9.999999248898,-5.235983381311,
    50.991664263476));
#944 = CARTESIAN_POINT('',(6.91461109988,-10.47355581148,50.78334590145)
  );
#945 = CARTESIAN_POINT('',(0.753100904934,-13.62264051224,
    50.574973057743));
#946 = CARTESIAN_POINT('',(-6.889637577309,-12.6665885455,
    50.366707358224));
#947 = CARTESIAN_POINT('',(-12.66659687498,-6.889649712049,
    50.158293580393));
#948 = CARTESIAN_POINT('',(-13.62263721527,0.753112091073,
    49.950027880877));
#949 = CARTESIAN_POINT('',(-10.47355636479,6.914604964524,
    49.741655037162));
#950 = CARTESIAN_POINT('',(-5.235983350873,10.000001026638,
    49.533336675147));
#951 = CARTESIAN_POINT('',(5.235983381307,9.999999248899,49.116664263463
    ));
#952 = CARTESIAN_POINT('',(10.473555811509,6.914611099876,
    48.908345901522));
#953 = CARTESIAN_POINT('',(13.622640512183,0.753100904942,
    48.699973057554));
#954 = CARTESIAN_POINT('',(12.666588545606,-6.889637577323,
    48.491707358569));
#955 = CARTESIAN_POINT('',(6.889649711904,-12.66659687496,
    48.283293579913));
#956 = CARTESIAN_POINT('',(-0.753112090914,-13.62263721529,
    48.075027881412));
#957 = CARTESIAN_POINT('',(-6.914604964661,-10.47355636477,
    47.866655036655));
#958 = CARTESIAN_POINT('',(-10.00000102654,-5.235983350892,
    47.658336675619));
#959 = CARTESIAN_POINT('',(-9.999999948228,1.117011093322,
    47.405555360314));
#960 = CARTESIAN_POINT('',(-9.859580030981,2.234094491653,
    47.361111063818));
#961 = CARTESIAN_POINT('',(-9.578830342768,3.330957506737,
    47.316666877205));
#962 = CARTESIAN_POINT('',(-9.161125106372,4.387459524065,
    47.272222582786));
#963 = CARTESIAN_POINT('',(-8.613196375776,5.38415440265,47.227778159936
    ));
#964 = CARTESIAN_POINT('',(-7.944989802683,6.302940553314,
    47.183333650099));
#965 = CARTESIAN_POINT('',(-7.169326241435,7.127682139976,
    47.138889100237));
#966 = CARTESIAN_POINT('',(-6.301416892387,7.844723069362,
    47.094444544088));
#967 = CARTESIAN_POINT('',(-5.35828618793,8.443256115539,47.049999999909
    ));
#968 = PCURVE('',#295,#969);
#969 = DEFINITIONAL_REPRESENTATION('',(#970),#974);
#970 = LINE('',#971,#972);
#971 = CARTESIAN_POINT('',(1.141271221051,60.184279059027));
#972 = VECTOR('',#973,1.);
#973 = DIRECTION('',(-3.689411813159E-17,-1.));
#974 = ( GEOMETRIC_REPRESENTATION_CONTEXT(2) 
PARAMETRIC_REPRESENTATION_CONTEXT() REPRESENTATION_CONTEXT('2D SPACE',''
  ) );
#975 = PCURVE('',#976,#1109);
#976 = B_SPLINE_SURFACE_WITH_KNOTS('',1,9,(
    (#977,#978,#979,#980,#981,#982,#983,#984,#985,#986,#987,#988,#989
      ,#990,#991,#992,#993,#994,#995,#996,#997,#998,#999,#1000,#1001
      ,#1002,#1003,#1004,#1005,#1006,#1007,#1008,#1009,#1010,#1011,#1012
      ,#1013,#1014,#1015,#1016,#1017,#1018,#1019,#1020,#1021,#1022,#1023
      ,#1024,#1025,#1026,#1027,#1028,#1029,#1030,#1031,#1032,#1033,#1034
      ,#1035,#1036,#1037,#1038,#1039,#1040,#1041,#1042)
    ,(#1043,#1044,#1045,#1046,#1047,#1048,#1049,#1050,#1051,#1052,#1053
      ,#1054,#1055,#1056,#1057,#1058,#1059,#1060,#1061,#1062,#1063,#1064
      ,#1065,#1066,#1067,#1068,#1069,#1070,#1071,#1072,#1073,#1074,#1075
      ,#1076,#1077,#1078,#1079,#1080,#1081,#1082,#1083,#1084,#1085,#1086
      ,#1087,#1088,#1089,#1090,#1091,#1092,#1093,#1094,#1095,#1096,#1097
      ,#1098,#1099,#1100,#1101,#1102,#1103,#1104,#1105,#1106,#1107,#1108
      )),.UNSPECIFIED.,.F.,.F.,.F.,(2,2),(10,8,8,8,8,8,8,8,10),(0.,0.6),
  (0.,5.071709268329,10.143418536657,15.215127804986,20.286837073315,
    25.358546341643,30.430255609972,35.501964878301,40.573674146629),
  .UNSPECIFIED.);
#977 = CARTESIAN_POINT('',(10.,-5.329070518201E-15,43.7));
#978 = CARTESIAN_POINT('',(10.00000127831,5.235983323074,43.908337532466
    ));
#979 = CARTESIAN_POINT('',(6.914604605738,10.473556404426,
    44.116653814959));
#980 = CARTESIAN_POINT('',(0.753112498683,13.622637170251,44.3250292694)
  );
#981 = CARTESIAN_POINT('',(-6.889650082573,12.666596915918,
    44.533292318204));
#982 = CARTESIAN_POINT('',(-12.66658827912,6.889637547882,
    44.741708265632));
#983 = CARTESIAN_POINT('',(-13.62264065846,-0.75310088878,
    44.949972559618));
#984 = CARTESIAN_POINT('',(-10.47355575556,-6.914611106057,
    45.15834609194));
#985 = CARTESIAN_POINT('',(-5.235983391669,-9.999999247754,
    45.366664228195));
#986 = CARTESIAN_POINT('',(5.235983355819,-10.00000102718,
    45.783336691983));
#987 = CARTESIAN_POINT('',(10.473556357741,-6.914604963747,
    45.991655013163));
#988 = CARTESIAN_POINT('',(13.622637223292,-0.753112091955,
    46.200027908141));
#989 = CARTESIAN_POINT('',(12.666596867698,6.889649712851,
    46.408293555611));
#990 = CARTESIAN_POINT('',(6.88963758255,12.666588544925,46.616707376039
    ));
#991 = CARTESIAN_POINT('',(-0.753100907812,13.622640512557,
    46.824973047965));
#992 = CARTESIAN_POINT('',(-6.914611098778,10.473555811366,
    47.033345905188));
#993 = CARTESIAN_POINT('',(-9.999999249102,5.235983381334,
    47.241664262784));
#994 = CARTESIAN_POINT('',(-10.00000102654,-5.235983350886,
    47.658336675471));
#995 = CARTESIAN_POINT('',(-6.914604964664,-10.47355636477,47.8666550367
    ));
#996 = CARTESIAN_POINT('',(-0.753112090914,-13.62263721529,
    48.075027881403));
#997 = CARTESIAN_POINT('',(6.889649711904,-12.66659687496,
    48.283293579915));
#998 = CARTESIAN_POINT('',(12.666588545605,-6.889637577324,
    48.491707358568));
#999 = CARTESIAN_POINT('',(13.622640512183,0.753100904942,
    48.699973057554));
#1000 = CARTESIAN_POINT('',(10.473555811509,6.914611099876,
    48.908345901522));
#1001 = CARTESIAN_POINT('',(5.235983381307,9.999999248899,
    49.116664263463));
#1002 = CARTESIAN_POINT('',(-5.235983350873,10.000001026638,
    49.533336675147));
#1003 = CARTESIAN_POINT('',(-10.47355636479,6.914604964525,
    49.741655037162));
#1004 = CARTESIAN_POINT('',(-13.62263721527,0.753112091073,
    49.950027880878));
#1005 = CARTESIAN_POINT('',(-12.66659687498,-6.88964971205,
    50.158293580392));
#1006 = CARTESIAN_POINT('',(-6.889637577309,-12.6665885455,
    50.366707358224));
#1007 = CARTESIAN_POINT('',(0.753100904934,-13.62264051224,
    50.574973057743));
#1008 = CARTESIAN_POINT('',(6.91461109988,-10.47355581148,50.78334590145
    ));
#1009 = CARTESIAN_POINT('',(9.999999248898,-5.235983381311,
    50.991664263476));
#1010 = CARTESIAN_POINT('',(10.000001026638,5.235983350875,
    51.408336675141));
#1011 = CARTESIAN_POINT('',(6.914604964523,10.473556364793,
    51.61665503717));
#1012 = CARTESIAN_POINT('',(0.753112091076,13.622637215278,
    51.825027880871));
#1013 = CARTESIAN_POINT('',(-6.889649712054,12.666596874988,
    52.033293580396));
#1014 = CARTESIAN_POINT('',(-12.66658854549,6.889637577307,
    52.241707358226));
#1015 = CARTESIAN_POINT('',(-13.62264051224,-0.753100904933,
    52.449973057737));
#1016 = CARTESIAN_POINT('',(-10.47355581148,-6.91461109988,
    52.658345901457));
#1017 = CARTESIAN_POINT('',(-5.235983381313,-9.999999248898,
    52.86666426347));
#1018 = CARTESIAN_POINT('',(5.235983350879,-10.00000102663,
    53.283336675154));
#1019 = CARTESIAN_POINT('',(10.473556364769,-6.914604964522,
    53.4916550371));
#1020 = CARTESIAN_POINT('',(13.622637215339,-0.753112091081,
    53.700027881057));
#1021 = CARTESIAN_POINT('',(12.666596874877,6.889649712064,
    53.908293580054));
#1022 = CARTESIAN_POINT('',(6.889637577461,12.666588545478,
    54.116707358703));
#1023 = CARTESIAN_POINT('',(-0.7531009051,13.622640512267,
    54.324973057213));
#1024 = CARTESIAN_POINT('',(-6.914611099734,10.473555811462,
    54.533345901919));
#1025 = CARTESIAN_POINT('',(-9.999999249,5.23598338133,54.741664263146)
  );
#1026 = CARTESIAN_POINT('',(-10.00000102642,-5.235983350914,
    55.158336675833));
#1027 = CARTESIAN_POINT('',(-6.914604965673,-10.47355636457,
    55.366655033433));
#1028 = CARTESIAN_POINT('',(-0.75311208807,-13.62263721583,
    55.575027890648));
#1029 = CARTESIAN_POINT('',(6.88964970658,-12.66659687397,
    55.783293562581));
#1030 = CARTESIAN_POINT('',(12.666588553105,-6.889637578709,
    55.991707383008));
#1031 = CARTESIAN_POINT('',(13.622640503877,0.753100906469,
    56.199973030474));
#1032 = CARTESIAN_POINT('',(10.473555818847,6.914611098532,
    56.408345925456));
#1033 = CARTESIAN_POINT('',(5.23598337615,9.999999249842,56.616664246635
    ));
#1034 = CARTESIAN_POINT('',(-5.235983340063,10.000001024662,
    57.033336710424));
#1035 = CARTESIAN_POINT('',(-10.47355642316,6.91460497519,
    57.241654846676));
#1036 = CARTESIAN_POINT('',(-13.62263706262,0.753112063184,
    57.450028379002));
#1037 = CARTESIAN_POINT('',(-12.66659715306,-6.889649661244,
    57.658292672979));
#1038 = CARTESIAN_POINT('',(-6.889637190509,-12.66658861617,
    57.866708620425));
#1039 = CARTESIAN_POINT('',(0.753100479421,-13.62264043449,
    58.074971669205));
#1040 = CARTESIAN_POINT('',(6.914611474422,-10.47355587992,
    58.283347123667));
#1041 = CARTESIAN_POINT('',(9.999998986174,-5.235983333307,
    58.491663406147));
#1042 = CARTESIAN_POINT('',(10.000000281585,-4.149616383842E-08,
    58.700000938619));
#1043 = CARTESIAN_POINT('',(10.,8.881784197001E-16,44.3));
#1044 = CARTESIAN_POINT('',(9.999998726314,5.235983144374,
    44.508337532466));
#1045 = CARTESIAN_POINT('',(6.914611323186,10.473555556307,
    44.71665381496));
#1046 = CARTESIAN_POINT('',(0.753100514732,13.622640047782,
    44.925029269397));
#1047 = CARTESIAN_POINT('',(-6.889636943938,12.666588288076,
    45.133292318212));
#1048 = CARTESIAN_POINT('',(-12.6665967678,6.88964951982,45.341708265619
    ));
#1049 = CARTESIAN_POINT('',(-13.62263668216,-0.753111985463,
    45.54997255963));
#1050 = CARTESIAN_POINT('',(-10.47355615693,-6.914604737015,
    45.758346091935));
#1051 = CARTESIAN_POINT('',(-5.235983234122,-10.00000072135,
    45.966664228196));
#1052 = CARTESIAN_POINT('',(5.235983187218,-9.999998989981,
    46.383336691982));
#1053 = CARTESIAN_POINT('',(10.473555495227,-6.914610947299,
    46.591655013164));
#1054 = CARTESIAN_POINT('',(13.622640117177,-0.753100941771,
    46.800027908137));
#1055 = CARTESIAN_POINT('',(12.666588224993,6.889637332124,
    47.008293555621));
#1056 = CARTESIAN_POINT('',(6.889649565172,12.666596488726,
    47.216707376025));
#1057 = CARTESIAN_POINT('',(-0.753112010359,13.622636835364,
    47.424973047977));
#1058 = CARTESIAN_POINT('',(-6.914604727495,10.473556098351,
    47.633345905182));
#1059 = CARTESIAN_POINT('',(-10.00000072311,5.235983244974,
    47.841664262785));
#1060 = CARTESIAN_POINT('',(-9.999998989139,-5.235983192398,
    48.258336675471));
#1061 = CARTESIAN_POINT('',(-6.914610948501,-10.47355548784,
    48.466655036702));
#1062 = CARTESIAN_POINT('',(-0.753100940404,-13.62264012556,
    48.675027881398));
#1063 = CARTESIAN_POINT('',(6.88963733088,-12.66658821736,
    48.883293579925));
#1064 = CARTESIAN_POINT('',(12.666596489622,-6.889649570656,
    49.091707358554));
#1065 = CARTESIAN_POINT('',(13.622636834873,0.753112013371,
    49.299973057566));
#1066 = CARTESIAN_POINT('',(10.473556098539,6.914604726342,
    49.508345901516));
#1067 = CARTESIAN_POINT('',(5.235983244939,10.000000723329,
    49.716664263464));
#1068 = CARTESIAN_POINT('',(-5.235983192381,9.999998989037,
    50.133336675147));
#1069 = CARTESIAN_POINT('',(-10.47355548786,6.914610948645,
    50.341655037163));
#1070 = CARTESIAN_POINT('',(-13.62264012553,0.753100940241,
    50.550027880873));
#1071 = CARTESIAN_POINT('',(-12.66658821739,-6.889637330734,
    50.758293580402));
#1072 = CARTESIAN_POINT('',(-6.889649570638,-12.66659648972,
    50.966707358211));
#1073 = CARTESIAN_POINT('',(0.753112013361,-13.62263683481,
    51.174973057755));
#1074 = CARTESIAN_POINT('',(6.914604726347,-10.47355609856,
    51.383345901444));
#1075 = CARTESIAN_POINT('',(10.000000723328,-5.235983244935,
    51.591664263477));
#1076 = CARTESIAN_POINT('',(9.999998989037,5.235983192379,
    52.008336675141));
#1077 = CARTESIAN_POINT('',(6.914610948645,10.47355548787,
    52.216655037172));
#1078 = CARTESIAN_POINT('',(0.753100940241,13.622640125533,
    52.425027880865));
#1079 = CARTESIAN_POINT('',(-6.889637330733,12.666588217398,
    52.633293580408));
#1080 = CARTESIAN_POINT('',(-12.66659648972,6.889649570632,
    52.84170735821));
#1081 = CARTESIAN_POINT('',(-13.62263683481,-0.753112013357,
    53.04997305775));
#1082 = CARTESIAN_POINT('',(-10.47355609856,-6.914604726348,
    53.25834590145));
#1083 = CARTESIAN_POINT('',(-5.235983244933,-10.00000072332,
    53.466664263472));
#1084 = CARTESIAN_POINT('',(5.235983192375,-9.999998989038,
    53.883336675153));
#1085 = CARTESIAN_POINT('',(10.473555487892,-6.914610948642,
    54.091655037101));
#1086 = CARTESIAN_POINT('',(13.622640125476,-0.753100940247,
    54.300027881053));
#1087 = CARTESIAN_POINT('',(12.666588217502,6.889637330743,
    54.508293580064));
#1088 = CARTESIAN_POINT('',(6.889649570488,12.666596489713,
    54.716707358689));
#1089 = CARTESIAN_POINT('',(-0.753112013199,13.622636834831,
    54.924973057224));
#1090 = CARTESIAN_POINT('',(-6.914604726487,10.473556098546,
    55.133345901913));
#1091 = CARTESIAN_POINT('',(-10.00000072323,5.235983244945,
    55.341664263148));
#1092 = CARTESIAN_POINT('',(-9.999998989241,-5.235983192402,
    55.758336675832));
#1093 = CARTESIAN_POINT('',(-6.914610947544,-10.47355548774,
    55.966655033433));
#1094 = CARTESIAN_POINT('',(-0.753100943118,-13.62264012585,
    56.175027890645));
#1095 = CARTESIAN_POINT('',(6.88963733597,-12.66658821681,
    56.383293562589));
#1096 = CARTESIAN_POINT('',(12.666596482445,-6.889649571438,
    56.591707382996));
#1097 = CARTESIAN_POINT('',(13.622636842823,0.753112014241,
    56.799973030484));
#1098 = CARTESIAN_POINT('',(10.473556091513,6.91460472557,57.00834592545
    ));
#1099 = CARTESIAN_POINT('',(5.235983249879,10.000000723874,
    57.216664246636));
#1100 = CARTESIAN_POINT('',(-5.235983202736,9.999998987893,
    57.633336710423));
#1101 = CARTESIAN_POINT('',(-10.47355543195,6.914610954822,
    57.841654846677));
#1102 = CARTESIAN_POINT('',(-13.62264027176,0.753100924088,
    58.050028378998));
#1103 = CARTESIAN_POINT('',(-12.66658795101,-6.889637301308,
    58.258292672989));
#1104 = CARTESIAN_POINT('',(-6.88964994116,-12.66659653065,
    58.466708620411));
#1105 = CARTESIAN_POINT('',(0.753112420972,-13.62263678978,
    58.674971669217));
#1106 = CARTESIAN_POINT('',(6.914604367558,-10.47355613819,
    58.88334712366));
#1107 = CARTESIAN_POINT('',(10.000000975002,-5.235983217134,
    59.091663406149));
#1108 = CARTESIAN_POINT('',(9.999999718414,-4.149610077775E-08,
    59.300000938619));
#1109 = DEFINITIONAL_REPRESENTATION('',(#1110),#1114);
#1110 = LINE('',#1111,#1112);
#1111 = CARTESIAN_POINT('',(-1.02602660142E-14,60.184279059027));
#1112 = VECTOR('',#1113,1.);
#1113 = DIRECTION('',(2.850289403965E-16,-1.));
#1114 = ( GEOMETRIC_REPRESENTATION_CONTEXT(2) 
PARAMETRIC_REPRESENTATION_CONTEXT() REPRESENTATION_CONTEXT('2D SPACE',''
  ) );
#1115 = ORIENTED_EDGE('',*,*,#1116,.F.);
#1116 = EDGE_CURVE('',#1117,#914,#1119,.T.);
#1117 = VERTEX_POINT('',#1118);
#1118 = CARTESIAN_POINT('',(-9.028415898229,0.624665005111,56.9));
#1119 = SURFACE_CURVE('',#1120,(#1186,#1281),.PCURVE_S1.);
#1120 = B_SPLINE_CURVE_WITH_KNOTS('',8,(#1121,#1122,#1123,#1124,#1125,
    #1126,#1127,#1128,#1129,#1130,#1131,#1132,#1133,#1134,#1135,#1136,
    #1137,#1138,#1139,#1140,#1141,#1142,#1143,#1144,#1145,#1146,#1147,
    #1148,#1149,#1150,#1151,#1152,#1153,#1154,#1155,#1156,#1157,#1158,
    #1159,#1160,#1161,#1162,#1163,#1164,#1165,#1166,#1167,#1168,#1169,
    #1170,#1171,#1172,#1173,#1174,#1175,#1176,#1177,#1178,#1179,#1180,
    #1181,#1182,#1183,#1184,#1185),.UNSPECIFIED.,.F.,.F.,(9,7,7,7,7,7,7,
    7,7,9),(0.,0.112469296735,0.228516747345,0.348210093103,
    0.471664413859,0.596345554489,0.727472130269,0.861253512428,1.,
    1.214465604944),.UNSPECIFIED.);
#1121 = CARTESIAN_POINT('',(-9.028415898229,0.624665005111,56.9));
#1122 = CARTESIAN_POINT('',(-9.011820519288,1.031949131298,
    56.888443518466));
#1123 = CARTESIAN_POINT('',(-8.97425003045,1.43840669787,56.876903450063
    ));
#1124 = CARTESIAN_POINT('',(-8.915787309595,1.842762316357,
    56.865380081982));
#1125 = CARTESIAN_POINT('',(-8.836609441862,2.24376777399,
    56.853873231788));
#1126 = CARTESIAN_POINT('',(-8.736979854473,2.640200813116,
    56.842382497131));
#1127 = CARTESIAN_POINT('',(-8.617244827208,3.030864861288,
    56.830907495087));
#1128 = CARTESIAN_POINT('',(-8.477834378531,3.414589712037,
    56.819448091111));
#1129 = CARTESIAN_POINT('',(-8.15565595192,4.177827507102,
    56.796197075812));
#1130 = CARTESIAN_POINT('',(-7.971639955257,4.556841055595,
    56.784405798721));
#1131 = CARTESIAN_POINT('',(-7.767785412998,4.926017682702,
    56.772631142321));
#1132 = CARTESIAN_POINT('',(-7.544744793088,5.284166004274,
    56.760873029898));
#1133 = CARTESIAN_POINT('',(-7.303249262762,5.630154889566,
    56.749131223655));
#1134 = CARTESIAN_POINT('',(-7.044105118078,5.962911789755,
    56.737405563912));
#1135 = CARTESIAN_POINT('',(-6.768194536028,6.281423876553,
    56.72569617589));
#1136 = CARTESIAN_POINT('',(-6.175601905803,6.897589535111,
    56.701943764749));
#1137 = CARTESIAN_POINT('',(-5.85789178026,7.194293630998,
    56.689901045428));
#1138 = CARTESIAN_POINT('',(-5.524403144644,7.47380949421,
    56.677876113903));
#1139 = CARTESIAN_POINT('',(-5.176252146341,7.735193348696,
    56.665869076066));
#1140 = CARTESIAN_POINT('',(-4.81461170806,7.977594463417,
    56.653879708467));
#1141 = CARTESIAN_POINT('',(-4.440708461979,8.200251949537,
    56.641907677914));
#1142 = CARTESIAN_POINT('',(-4.055823118034,8.40249631811,
    56.629952788132));
#1143 = CARTESIAN_POINT('',(-3.254368625761,8.770710769387,
    56.605702620567));
#1144 = CARTESIAN_POINT('',(-2.83715560548,8.935354341621,
    56.593407607722));
#1145 = CARTESIAN_POINT('',(-2.411120708449,9.077054278884,
    56.581130420486));
#1146 = CARTESIAN_POINT('',(-1.977753364513,9.195307271131,
    56.56887062951));
#1147 = CARTESIAN_POINT('',(-1.538563417225,9.289727852054,
    56.556627484974));
#1148 = CARTESIAN_POINT('',(-1.095079187657,9.360043488025,
    56.544400514907));
#1149 = CARTESIAN_POINT('',(-0.648847115248,9.406095838258,
    56.532190407411));
#1150 = CARTESIAN_POINT('',(0.250427314956,9.449816696795,
    56.507688806482));
#1151 = CARTESIAN_POINT('',(0.703525031351,9.447001134841,
    56.495397123095));
#1152 = CARTESIAN_POINT('',(1.156251794274,9.419356367638,
    56.483129380573));
#1153 = CARTESIAN_POINT('',(1.607017927,9.366985176968,56.470871426371)
  );
#1154 = CARTESIAN_POINT('',(2.054268350855,9.290080604109,
    56.458635908264));
#1155 = CARTESIAN_POINT('',(2.496464429868,9.188972695179,
    56.446412741181));
#1156 = CARTESIAN_POINT('',(2.932100440083,9.064089652425,
    56.434207243023));
#1157 = CARTESIAN_POINT('',(3.809394876474,8.760233668304,
    56.409200351456));
#1158 = CARTESIAN_POINT('',(4.250236355989,8.578785585528,
    56.396399987942));
#1159 = CARTESIAN_POINT('',(4.680494634664,8.372286215559,
    56.383618874157));
#1160 = CARTESIAN_POINT('',(5.098532171165,8.141508140666,
    56.370857352486));
#1161 = CARTESIAN_POINT('',(5.502792227142,7.887342331977,
    56.358115241822));
#1162 = CARTESIAN_POINT('',(5.891796450941,7.610792219032,
    56.345392171275));
#1163 = CARTESIAN_POINT('',(6.264146829325,7.312975258193,
    56.332687987906));
#1164 = CARTESIAN_POINT('',(6.980092115366,6.670853644036,
    56.307061671907));
#1165 = CARTESIAN_POINT('',(7.322983778575,6.325701513138,
    56.294139210237));
#1166 = CARTESIAN_POINT('',(7.645810019081,5.960985820447,56.28123638104
    ));
#1167 = CARTESIAN_POINT('',(7.947312581076,5.578108768394,
    56.268352895916));
#1168 = CARTESIAN_POINT('',(8.226359566428,5.178554033037,
    56.255488142023));
#1169 = CARTESIAN_POINT('',(8.481940565664,4.763881892845,56.2426416161)
  );
#1170 = CARTESIAN_POINT('',(8.713169284224,4.335730001816,
    56.229813301006));
#1171 = CARTESIAN_POINT('',(9.133068056451,3.439582971889,
    56.203719269003));
#1172 = CARTESIAN_POINT('',(9.319860250916,2.970655761576,
    56.190453747808));
#1173 = CARTESIAN_POINT('',(9.478822857245,2.49095407661,56.17720829071)
  );
#1174 = CARTESIAN_POINT('',(9.609292751903,2.002427436833,
    56.163982995069));
#1175 = CARTESIAN_POINT('',(9.710772985107,1.507053419592,
    56.150777594375));
#1176 = CARTESIAN_POINT('',(9.782925415226,1.006834707189,
    56.137591850465));
#1177 = CARTESIAN_POINT('',(9.825574070388,0.503798743535,
    56.124425929634));
#1178 = CARTESIAN_POINT('',(9.859038210649,-0.77874045097,
    56.090961789316));
#1179 = CARTESIAN_POINT('',(9.808870320509,-1.559553982504,
    56.070685883814));
#1180 = CARTESIAN_POINT('',(9.688137305584,-2.334695236555,
    56.050460821692));
#1181 = CARTESIAN_POINT('',(9.497848944647,-3.096764323635,
    56.030285645153));
#1182 = CARTESIAN_POINT('',(9.239874006174,-3.838672930812,
    56.010156849004));
#1183 = CARTESIAN_POINT('',(8.916859728387,-4.553629846515,
    55.990070897117));
#1184 = CARTESIAN_POINT('',(8.532281107265,-5.235164298518,
    55.970026655644));
#1185 = CARTESIAN_POINT('',(8.090601270064,-5.877205501475,
    55.950031329162));
#1186 = PCURVE('',#295,#1187);
#1187 = DEFINITIONAL_REPRESENTATION('',(#1188),#1280);
#1188 = B_SPLINE_CURVE_WITH_KNOTS('',3,(#1189,#1190,#1191,#1192,#1193,
    #1194,#1195,#1196,#1197,#1198,#1199,#1200,#1201,#1202,#1203,#1204,
    #1205,#1206,#1207,#1208,#1209,#1210,#1211,#1212,#1213,#1214,#1215,
    #1216,#1217,#1218,#1219,#1220,#1221,#1222,#1223,#1224,#1225,#1226,
    #1227,#1228,#1229,#1230,#1231,#1232,#1233,#1234,#1235,#1236,#1237,
    #1238,#1239,#1240,#1241,#1242,#1243,#1244,#1245,#1246,#1247,#1248,
    #1249,#1250,#1251,#1252,#1253,#1254,#1255,#1256,#1257,#1258,#1259,
    #1260,#1261,#1262,#1263,#1264,#1265,#1266,#1267,#1268,#1269,#1270,
    #1271,#1272,#1273,#1274,#1275,#1276,#1277,#1278,#1279),
  .UNSPECIFIED.,.F.,.F.,(4,1,1,1,1,1,1,1,1,1,1,1,1,1,1,1,1,1,1,1,1,1,1,1
    ,1,1,1,1,1,1,1,1,1,1,1,1,1,1,1,1,1,1,1,1,1,1,1,1,1,1,1,1,1,1,1,1,1,1
    ,1,1,1,1,1,1,1,1,1,1,1,1,1,1,1,1,1,1,1,1,1,1,1,1,1,1,1,1,1,1,4),(0.,
    1.380074551073E-02,2.760149102146E-02,4.140223653218E-02,
    5.520298204291E-02,6.900372755364E-02,8.280447306437E-02,
    9.660521857509E-02,0.110405964086,0.124206709597,0.138007455107,
    0.151808200618,0.165608946129,0.179409691639,0.19321043715,
    0.207011182661,0.220811928172,0.234612673682,0.248413419193,
    0.262214164704,0.276014910215,0.289815655725,0.303616401236,
    0.317417146747,0.331217892257,0.345018637768,0.358819383279,
    0.37262012879,0.3864208743,0.400221619811,0.414022365322,
    0.427823110833,0.441623856343,0.455424601854,0.469225347365,
    0.483026092875,0.496826838386,0.510627583897,0.524428329408,
    0.538229074918,0.552029820429,0.56583056594,0.579631311451,
    0.593432056961,0.607232802472,0.621033547983,0.634834293493,
    0.648635039004,0.662435784515,0.676236530026,0.690037275536,
    0.703838021047,0.717638766558,0.731439512069,0.745240257579,
    0.75904100309,0.772841748601,0.786642494111,0.800443239622,
    0.814243985133,0.828044730644,0.841845476154,0.855646221665,
    0.869446967176,0.883247712687,0.897048458197,0.910849203708,
    0.924649949219,0.938450694729,0.95225144024,0.966052185751,
    0.979852931262,0.993653676772,1.007454422283,1.021255167794,
    1.035055913305,1.048856658815,1.062657404326,1.076458149837,
    1.090258895347,1.104059640858,1.117860386369,1.13166113188,
    1.14546187739,1.159262622901,1.173063368412,1.186864113923,
    1.200664859433,1.214465604944),.QUASI_UNIFORM_KNOTS.);
#1189 = CARTESIAN_POINT('',(5.703561550845E-02,37.118185924578));
#1190 = CARTESIAN_POINT('',(6.135232248156E-02,37.102330260397));
#1191 = CARTESIAN_POINT('',(6.998072196199E-02,37.070638058583));
#1192 = CARTESIAN_POINT('',(8.290809957208E-02,37.023157250604));
#1193 = CARTESIAN_POINT('',(9.58200399432E-02,36.975734202764));
#1194 = CARTESIAN_POINT('',(0.1087164584,36.928368654405));
#1195 = CARTESIAN_POINT('',(0.121597308703,36.881060220074));
#1196 = CARTESIAN_POINT('',(0.134462548028,36.833808514019));
#1197 = CARTESIAN_POINT('',(0.147312119486,36.786613246033));
#1198 = CARTESIAN_POINT('',(0.160145840292,36.739474689945));
#1199 = CARTESIAN_POINT('',(0.172963662715,36.692392710628));
#1200 = CARTESIAN_POINT('',(0.185765904209,36.645365993285));
#1201 = CARTESIAN_POINT('',(0.198552360792,36.598395238177));
#1202 = CARTESIAN_POINT('',(0.211323145337,36.551480132954));
#1203 = CARTESIAN_POINT('',(0.224078420293,36.504620345928));
#1204 = CARTESIAN_POINT('',(0.23681840597,36.457815454013));
#1205 = CARTESIAN_POINT('',(0.249543302304,36.411065202061));
#1206 = CARTESIAN_POINT('',(0.262253294771,36.364369472869));
#1207 = CARTESIAN_POINT('',(0.274948323783,36.317729090309));
#1208 = CARTESIAN_POINT('',(0.287629059242,36.271142181694));
#1209 = CARTESIAN_POINT('',(0.300295465032,36.224609426451));
#1210 = CARTESIAN_POINT('',(0.312947640267,36.178130842939));
#1211 = CARTESIAN_POINT('',(0.32558570235,36.13170624859));
#1212 = CARTESIAN_POINT('',(0.338209745094,36.085335331589));
#1213 = CARTESIAN_POINT('',(0.350819775019,36.039017830731));
#1214 = CARTESIAN_POINT('',(0.363415682514,35.992753621016));
#1215 = CARTESIAN_POINT('',(0.375997159537,35.946543051819));
#1216 = CARTESIAN_POINT('',(0.388563845861,35.900386386281));
#1217 = CARTESIAN_POINT('',(0.401115849346,35.85428203602));
#1218 = CARTESIAN_POINT('',(0.413652565749,35.808230926411));
#1219 = CARTESIAN_POINT('',(0.426173721922,35.762232852195));
#1220 = CARTESIAN_POINT('',(0.438679166036,35.71628753903));
#1221 = CARTESIAN_POINT('',(0.451168978018,35.670394525195));
#1222 = CARTESIAN_POINT('',(0.463643496367,35.624553388426));
#1223 = CARTESIAN_POINT('',(0.476103506528,35.5787637307));
#1224 = CARTESIAN_POINT('',(0.488550059761,35.533025776517));
#1225 = CARTESIAN_POINT('',(0.500985796109,35.48733878178));
#1226 = CARTESIAN_POINT('',(0.513411723053,35.441702937991));
#1227 = CARTESIAN_POINT('',(0.525824598398,35.396118845191));
#1228 = CARTESIAN_POINT('',(0.53822337648,35.350585969092));
#1229 = CARTESIAN_POINT('',(0.550607301702,35.305103872194));
#1230 = CARTESIAN_POINT('',(0.562976162409,35.259672035672));
#1231 = CARTESIAN_POINT('',(0.575330039688,35.214290081648));
#1232 = CARTESIAN_POINT('',(0.587669182135,35.168957804157));
#1233 = CARTESIAN_POINT('',(0.599993767817,35.123675530888));
#1234 = CARTESIAN_POINT('',(0.612304115939,35.078443380823));
#1235 = CARTESIAN_POINT('',(0.624601011587,35.033259722859));
#1236 = CARTESIAN_POINT('',(0.636884465265,34.988125613852));
#1237 = CARTESIAN_POINT('',(0.649154736029,34.94304096525));
#1238 = CARTESIAN_POINT('',(0.661412032791,34.898005652386));
#1239 = CARTESIAN_POINT('',(0.67365653731,34.853019387593));
#1240 = CARTESIAN_POINT('',(0.685888355739,34.808081893598));
#1241 = CARTESIAN_POINT('',(0.698107479834,34.76319307956));
#1242 = CARTESIAN_POINT('',(0.710313842921,34.718352900927));
#1243 = CARTESIAN_POINT('',(0.722507020598,34.673562502952));
#1244 = CARTESIAN_POINT('',(0.734687408959,34.628819888958));
#1245 = CARTESIAN_POINT('',(0.746854771235,34.584125422968));
#1246 = CARTESIAN_POINT('',(0.759008871041,34.539479378215));
#1247 = CARTESIAN_POINT('',(0.771149607176,34.494881611341));
#1248 = CARTESIAN_POINT('',(0.783276946244,34.450331820548));
#1249 = CARTESIAN_POINT('',(0.795390897969,34.405829636622));
#1250 = CARTESIAN_POINT('',(0.807491482356,34.361374748201));
#1251 = CARTESIAN_POINT('',(0.819578699721,34.316967032024));
#1252 = CARTESIAN_POINT('',(0.831652519629,34.272606629428));
#1253 = CARTESIAN_POINT('',(0.843712779638,34.228294258376));
#1254 = CARTESIAN_POINT('',(0.855760188328,34.184027565037));
#1255 = CARTESIAN_POINT('',(0.867794562474,34.139807578597));
#1256 = CARTESIAN_POINT('',(0.879816012852,34.095634256959));
#1257 = CARTESIAN_POINT('',(0.891824701688,34.051507465913));
#1258 = CARTESIAN_POINT('',(0.903820856327,34.007426874834));
#1259 = CARTESIAN_POINT('',(0.91580470789,33.963392135791));
#1260 = CARTESIAN_POINT('',(0.92777646057,33.919402967321));
#1261 = CARTESIAN_POINT('',(0.939736244927,33.875459314847));
#1262 = CARTESIAN_POINT('',(0.951684139873,33.831561302728));
#1263 = CARTESIAN_POINT('',(0.963619934446,33.787709969665));
#1264 = CARTESIAN_POINT('',(0.975545179617,33.74389977968));
#1265 = CARTESIAN_POINT('',(0.987459206636,33.700133664404));
#1266 = CARTESIAN_POINT('',(0.999361753132,33.656412441143));
#1267 = CARTESIAN_POINT('',(1.011252604308,33.612736722783));
#1268 = CARTESIAN_POINT('',(1.023131689346,33.569106584541));
#1269 = CARTESIAN_POINT('',(1.034999016662,33.525521812727));
#1270 = CARTESIAN_POINT('',(1.046854636449,33.48198198227));
#1271 = CARTESIAN_POINT('',(1.058698596932,33.43848656878));
#1272 = CARTESIAN_POINT('',(1.070530913773,33.395035044272));
#1273 = CARTESIAN_POINT('',(1.082351551887,33.351626973541));
#1274 = CARTESIAN_POINT('',(1.094160416709,33.308262113395));
#1275 = CARTESIAN_POINT('',(1.105957351994,33.264940507632));
#1276 = CARTESIAN_POINT('',(1.117742115379,33.221662621848));
#1277 = CARTESIAN_POINT('',(1.129514379941,33.178429365374));
#1278 = CARTESIAN_POINT('',(1.13735379551,33.149638176355));
#1279 = CARTESIAN_POINT('',(1.141271221051,33.135250590118));
#1280 = ( GEOMETRIC_REPRESENTATION_CONTEXT(2) 
PARAMETRIC_REPRESENTATION_CONTEXT() REPRESENTATION_CONTEXT('2D SPACE',''
  ) );
#1281 = PCURVE('',#1282,#1287);
#1282 = CONICAL_SURFACE('',#1283,10.,0.785398163397);
#1283 = AXIS2_PLACEMENT_3D('',#1284,#1285,#1286);
#1284 = CARTESIAN_POINT('',(0.,0.,55.95));
#1285 = DIRECTION('',(-0.,-0.,-1.));
#1286 = DIRECTION('',(1.,0.,0.));
#1287 = DEFINITIONAL_REPRESENTATION('',(#1288),#1380);
#1288 = B_SPLINE_CURVE_WITH_KNOTS('',3,(#1289,#1290,#1291,#1292,#1293,
    #1294,#1295,#1296,#1297,#1298,#1299,#1300,#1301,#1302,#1303,#1304,
    #1305,#1306,#1307,#1308,#1309,#1310,#1311,#1312,#1313,#1314,#1315,
    #1316,#1317,#1318,#1319,#1320,#1321,#1322,#1323,#1324,#1325,#1326,
    #1327,#1328,#1329,#1330,#1331,#1332,#1333,#1334,#1335,#1336,#1337,
    #1338,#1339,#1340,#1341,#1342,#1343,#1344,#1345,#1346,#1347,#1348,
    #1349,#1350,#1351,#1352,#1353,#1354,#1355,#1356,#1357,#1358,#1359,
    #1360,#1361,#1362,#1363,#1364,#1365,#1366,#1367,#1368,#1369,#1370,
    #1371,#1372,#1373,#1374,#1375,#1376,#1377,#1378,#1379),
  .UNSPECIFIED.,.F.,.F.,(4,1,1,1,1,1,1,1,1,1,1,1,1,1,1,1,1,1,1,1,1,1,1,1
    ,1,1,1,1,1,1,1,1,1,1,1,1,1,1,1,1,1,1,1,1,1,1,1,1,1,1,1,1,1,1,1,1,1,1
    ,1,1,1,1,1,1,1,1,1,1,1,1,1,1,1,1,1,1,1,1,1,1,1,1,1,1,1,1,1,1,4),(0.,
    1.380074551073E-02,2.760149102146E-02,4.140223653218E-02,
    5.520298204291E-02,6.900372755364E-02,8.280447306437E-02,
    9.660521857509E-02,0.110405964086,0.124206709597,0.138007455107,
    0.151808200618,0.165608946129,0.179409691639,0.19321043715,
    0.207011182661,0.220811928172,0.234612673682,0.248413419193,
    0.262214164704,0.276014910215,0.289815655725,0.303616401236,
    0.317417146747,0.331217892257,0.345018637768,0.358819383279,
    0.37262012879,0.3864208743,0.400221619811,0.414022365322,
    0.427823110833,0.441623856343,0.455424601854,0.469225347365,
    0.483026092875,0.496826838386,0.510627583897,0.524428329408,
    0.538229074918,0.552029820429,0.56583056594,0.579631311451,
    0.593432056961,0.607232802472,0.621033547983,0.634834293493,
    0.648635039004,0.662435784515,0.676236530026,0.690037275536,
    0.703838021047,0.717638766558,0.731439512069,0.745240257579,
    0.75904100309,0.772841748601,0.786642494111,0.800443239622,
    0.814243985133,0.828044730644,0.841845476154,0.855646221665,
    0.869446967176,0.883247712687,0.897048458197,0.910849203708,
    0.924649949219,0.938450694729,0.95225144024,0.966052185751,
    0.979852931262,0.993653676772,1.007454422283,1.021255167794,
    1.035055913305,1.048856658815,1.062657404326,1.076458149837,
    1.090258895347,1.104059640858,1.117860386369,1.13166113188,
    1.14546187739,1.159262622901,1.173063368412,1.186864113923,
    1.200664859433,1.214465604944),.QUASI_UNIFORM_KNOTS.);
#1289 = CARTESIAN_POINT('',(-9.355699277386,-0.95));
#1290 = CARTESIAN_POINT('',(-9.340966896415,-0.946218500506));
#1291 = CARTESIAN_POINT('',(-9.311519864435,-0.938660154026));
#1292 = CARTESIAN_POINT('',(-9.267402619263,-0.927336551669));
#1293 = CARTESIAN_POINT('',(-9.223338927026,-0.916026864753));
#1294 = CARTESIAN_POINT('',(-9.179328557556,-0.904730957523));
#1295 = CARTESIAN_POINT('',(-9.135371170311,-0.893448661156));
#1296 = CARTESIAN_POINT('',(-9.091466430438,-0.882179811641));
#1297 = CARTESIAN_POINT('',(-9.047614096955,-0.870924277554));
#1298 = CARTESIAN_POINT('',(-9.003814457163,-0.859682070274));
#1299 = CARTESIAN_POINT('',(-8.960067421285,-0.84845311959));
#1300 = CARTESIAN_POINT('',(-8.916371804846,-0.837237085029));
#1301 = CARTESIAN_POINT('',(-8.872728295327,-0.826034131802));
#1302 = CARTESIAN_POINT('',(-8.829136637082,-0.814844202272));
#1303 = CARTESIAN_POINT('',(-8.785596552297,-0.803667248334));
#1304 = CARTESIAN_POINT('',(-8.742107672031,-0.792503217976));
#1305 = CARTESIAN_POINT('',(-8.698669775277,-0.781352116125));
#1306 = CARTESIAN_POINT('',(-8.655282759408,-0.770213990431));
#1307 = CARTESIAN_POINT('',(-8.611947385008,-0.759089115746));
#1308 = CARTESIAN_POINT('',(-8.568661895021,-0.747977123642));
#1309 = CARTESIAN_POINT('',(-8.525426891083,-0.736878241736));
#1310 = CARTESIAN_POINT('',(-8.482242348137,-0.725792535208));
#1311 = CARTESIAN_POINT('',(-8.439108043004,-0.714719991619));
#1312 = CARTESIAN_POINT('',(-8.396023622712,-0.703660537267));
#1313 = CARTESIAN_POINT('',(-8.352988774251,-0.692614078813));
#1314 = CARTESIAN_POINT('',(-8.310003307687,-0.681580521829));
#1315 = CARTESIAN_POINT('',(-8.267067474963,-0.670559845233));
#1316 = CARTESIAN_POINT('',(-8.224181454517,-0.659551976389));
#1317 = CARTESIAN_POINT('',(-8.181343717506,-0.648556369975));
#1318 = CARTESIAN_POINT('',(-8.138555090831,-0.637573076976));
#1319 = CARTESIAN_POINT('',(-8.095815379052,-0.62660189786));
#1320 = CARTESIAN_POINT('',(-8.053124358125,-0.615642651358));
#1321 = CARTESIAN_POINT('',(-8.010481677132,-0.604695196027));
#1322 = CARTESIAN_POINT('',(-7.967887065024,-0.593759531242));
#1323 = CARTESIAN_POINT('',(-7.925340369755,-0.582835893515));
#1324 = CARTESIAN_POINT('',(-7.882841950521,-0.571924839186));
#1325 = CARTESIAN_POINT('',(-7.840391839823,-0.561027443514));
#1326 = CARTESIAN_POINT('',(-7.797988577203,-0.550144089065));
#1327 = CARTESIAN_POINT('',(-7.755632946124,-0.539273769859));
#1328 = CARTESIAN_POINT('',(-7.713324766718,-0.528415552075));
#1329 = CARTESIAN_POINT('',(-7.671063832652,-0.517568943402));
#1330 = CARTESIAN_POINT('',(-7.628849810091,-0.506733707362));
#1331 = CARTESIAN_POINT('',(-7.586682438067,-0.495909710007));
#1332 = CARTESIAN_POINT('',(-7.544561569788,-0.485096928364));
#1333 = CARTESIAN_POINT('',(-7.502487515495,-0.474295666774));
#1334 = CARTESIAN_POINT('',(-7.460460362978,-0.46350606339));
#1335 = CARTESIAN_POINT('',(-7.418478552208,-0.45272789799));
#1336 = CARTESIAN_POINT('',(-7.376543006482,-0.441961567064));
#1337 = CARTESIAN_POINT('',(-7.334653576936,-0.431207169044));
#1338 = CARTESIAN_POINT('',(-7.292810078683,-0.420464755013));
#1339 = CARTESIAN_POINT('',(-7.251012177339,-0.40973430209));
#1340 = CARTESIAN_POINT('',(-7.209259553618,-0.399015759366));
#1341 = CARTESIAN_POINT('',(-7.167552069493,-0.388309093261));
#1342 = CARTESIAN_POINT('',(-7.125889639745,-0.377614255608));
#1343 = CARTESIAN_POINT('',(-7.084273295458,-0.3669314617));
#1344 = CARTESIAN_POINT('',(-7.042701159534,-0.356260173117));
#1345 = CARTESIAN_POINT('',(-7.001173559215,-0.345600394756));
#1346 = CARTESIAN_POINT('',(-6.959690747501,-0.334952127627));
#1347 = CARTESIAN_POINT('',(-6.918252599452,-0.324315272258));
#1348 = CARTESIAN_POINT('',(-6.876858850691,-0.313689697079));
#1349 = CARTESIAN_POINT('',(-6.835509180455,-0.303075267357));
#1350 = CARTESIAN_POINT('',(-6.794203326379,-0.292471879988));
#1351 = CARTESIAN_POINT('',(-6.752941203907,-0.281879494496));
#1352 = CARTESIAN_POINT('',(-6.711722975841,-0.271298145836));
#1353 = CARTESIAN_POINT('',(-6.670549340796,-0.260728023476));
#1354 = CARTESIAN_POINT('',(-6.629418141903,-0.250168596484));
#1355 = CARTESIAN_POINT('',(-6.588330363316,-0.239620148896));
#1356 = CARTESIAN_POINT('',(-6.547285990431,-0.229082732088));
#1357 = CARTESIAN_POINT('',(-6.506284919088,-0.218556374144));
#1358 = CARTESIAN_POINT('',(-6.465326858173,-0.208041056948));
#1359 = CARTESIAN_POINT('',(-6.424411495772,-0.197536760088));
#1360 = CARTESIAN_POINT('',(-6.383538576958,-0.187043480104));
#1361 = CARTESIAN_POINT('',(-6.342708052988,-0.176561264941));
#1362 = CARTESIAN_POINT('',(-6.301920037091,-0.166090191927));
#1363 = CARTESIAN_POINT('',(-6.261175488179,-0.155630555525));
#1364 = CARTESIAN_POINT('',(-6.220469252988,-0.145181076536));
#1365 = CARTESIAN_POINT('',(-6.179804043536,-0.134742420132));
#1366 = CARTESIAN_POINT('',(-6.139180605081,-0.124314815477));
#1367 = CARTESIAN_POINT('',(-6.098599491772,-0.113898419312));
#1368 = CARTESIAN_POINT('',(-6.058060757749,-0.103493233817));
#1369 = CARTESIAN_POINT('',(-6.01756418897,-9.309916602032E-02));
#1370 = CARTESIAN_POINT('',(-5.977109375853,-8.271605830754E-02));
#1371 = CARTESIAN_POINT('',(-5.93669581792,-7.23437261733E-02));
#1372 = CARTESIAN_POINT('',(-5.896323013199,-6.198198773676E-02));
#1373 = CARTESIAN_POINT('',(-5.855990548145,-5.16306866438E-02));
#1374 = CARTESIAN_POINT('',(-5.815698190132,-4.128971013067E-02));
#1375 = CARTESIAN_POINT('',(-5.775445975873,-3.095900292765E-02));
#1376 = CARTESIAN_POINT('',(-5.735234336788,-2.06385979155E-02));
#1377 = CARTESIAN_POINT('',(-5.695064119048,-1.032861978522E-02));
#1378 = CARTESIAN_POINT('',(-5.668312733038,-3.462520295192E-03));
#1379 = CARTESIAN_POINT('',(-5.654944474565,-3.13291624563E-05));
#1380 = ( GEOMETRIC_REPRESENTATION_CONTEXT(2) 
PARAMETRIC_REPRESENTATION_CONTEXT() REPRESENTATION_CONTEXT('2D SPACE',''
  ) );
#1381 = ORIENTED_EDGE('',*,*,#1382,.T.);
#1382 = EDGE_CURVE('',#1117,#1383,#1385,.T.);
#1383 = VERTEX_POINT('',#1384);
#1384 = CARTESIAN_POINT('',(-9.000027464721,-2.435463253914E-05,56.9));
#1385 = SURFACE_CURVE('',#1386,(#1407,#1431),.PCURVE_S1.);
#1386 = B_SPLINE_CURVE_WITH_KNOTS('',7,(#1387,#1388,#1389,#1390,#1391,
    #1392,#1393,#1394,#1395,#1396,#1397,#1398,#1399,#1400,#1401,#1402,
    #1403,#1404,#1405,#1406),.UNSPECIFIED.,.F.,.F.,(8,6,6,8),(0.,
    7.228559117931E-03,0.533307950873,1.),.UNSPECIFIED.);
#1387 = CARTESIAN_POINT('',(-3.872787221975,9.05,56.9));
#1388 = CARTESIAN_POINT('',(-3.882902803796,9.044763217939,56.9));
#1389 = CARTESIAN_POINT('',(-3.893011252945,9.039512762088,56.9));
#1390 = CARTESIAN_POINT('',(-3.90311257229,9.034248632233,56.9));
#1391 = CARTESIAN_POINT('',(-3.913206752933,9.02897083298,56.9));
#1392 = CARTESIAN_POINT('',(-3.923293774205,9.023679373757,56.9));
#1393 = CARTESIAN_POINT('',(-3.933373603672,9.018374268814,56.9));
#1394 = CARTESIAN_POINT('',(-4.676508451189,8.625969392486,56.9));
#1395 = CARTESIAN_POINT('',(-5.371533087148,8.166562196076,56.9));
#1396 = CARTESIAN_POINT('',(-6.019263561849,7.638863497555,56.9));
#1397 = CARTESIAN_POINT('',(-6.611319672068,7.048280993848,56.9));
#1398 = CARTESIAN_POINT('',(-7.140061359561,6.401393463039,56.9));
#1399 = CARTESIAN_POINT('',(-7.598617172292,5.705983282959,56.9));
#1400 = CARTESIAN_POINT('',(-8.320829757106,4.319717801528,56.9));
#1401 = CARTESIAN_POINT('',(-8.600777348481,3.636956492516,56.9));
#1402 = CARTESIAN_POINT('',(-8.817120861239,2.929604347325,56.9));
#1403 = CARTESIAN_POINT('',(-8.966847981104,2.204627850538,56.9));
#1404 = CARTESIAN_POINT('',(-9.047819634186,1.46941520402,56.9));
#1405 = CARTESIAN_POINT('',(-9.058849973566,0.731774724639,56.9));
#1406 = CARTESIAN_POINT('',(-9.000027464721,-2.435463218026E-05,56.9));
#1407 = PCURVE('',#295,#1408);
#1408 = DEFINITIONAL_REPRESENTATION('',(#1409),#1430);
#1409 = B_SPLINE_CURVE_WITH_KNOTS('',7,(#1410,#1411,#1412,#1413,#1414,
    #1415,#1416,#1417,#1418,#1419,#1420,#1421,#1422,#1423,#1424,#1425,
    #1426,#1427,#1428,#1429),.UNSPECIFIED.,.F.,.F.,(8,6,6,8),(0.,
    7.228559117931E-03,0.533307950873,1.),.UNSPECIFIED.);
#1410 = CARTESIAN_POINT('',(0.96305712557,35.937142594707));
#1411 = CARTESIAN_POINT('',(0.962104309084,35.938384640942));
#1412 = CARTESIAN_POINT('',(0.961151278759,35.939626965908));
#1413 = CARTESIAN_POINT('',(0.960198158927,35.940869407529));
#1414 = CARTESIAN_POINT('',(0.959245017126,35.942111877767));
#1415 = CARTESIAN_POINT('',(0.958291864103,35.943354362612));
#1416 = CARTESIAN_POINT('',(0.957338653812,35.944596922088));
#1417 = CARTESIAN_POINT('',(0.887000982669,36.03628575417));
#1418 = CARTESIAN_POINT('',(0.81710691536,36.127396213625));
#1419 = CARTESIAN_POINT('',(0.746724368978,36.219143279008));
#1420 = CARTESIAN_POINT('',(0.67583632433,36.311549224361));
#1421 = CARTESIAN_POINT('',(0.60441973083,36.404644151911));
#1422 = CARTESIAN_POINT('',(0.532447094692,36.498463927225));
#1423 = CARTESIAN_POINT('',(0.395603460018,36.676846199573));
#1424 = CARTESIAN_POINT('',(0.330823127332,36.761290504069));
#1425 = CARTESIAN_POINT('',(0.265601616653,36.846309928485));
#1426 = CARTESIAN_POINT('',(0.199927106394,36.931919872733));
#1427 = CARTESIAN_POINT('',(0.133776892312,37.018149920367));
#1428 = CARTESIAN_POINT('',(6.713269180586E-02,37.105023895686));
#1429 = CARTESIAN_POINT('',(0.,37.19253463441));
#1430 = ( GEOMETRIC_REPRESENTATION_CONTEXT(2) 
PARAMETRIC_REPRESENTATION_CONTEXT() REPRESENTATION_CONTEXT('2D SPACE',''
  ) );
#1431 = PCURVE('',#1432,#1437);
#1432 = PLANE('',#1433);
#1433 = AXIS2_PLACEMENT_3D('',#1434,#1435,#1436);
#1434 = CARTESIAN_POINT('',(-5.469760530158E-16,6.857365063158E-16,56.9)
  );
#1435 = DIRECTION('',(0.,0.,1.));
#1436 = DIRECTION('',(1.,0.,-0.));
#1437 = DEFINITIONAL_REPRESENTATION('',(#1438),#1459);
#1438 = B_SPLINE_CURVE_WITH_KNOTS('',7,(#1439,#1440,#1441,#1442,#1443,
    #1444,#1445,#1446,#1447,#1448,#1449,#1450,#1451,#1452,#1453,#1454,
    #1455,#1456,#1457,#1458),.UNSPECIFIED.,.F.,.F.,(8,6,6,8),(0.,
    7.228559117931E-03,0.533307950873,1.),.UNSPECIFIED.);
#1439 = CARTESIAN_POINT('',(-3.872787221975,9.05));
#1440 = CARTESIAN_POINT('',(-3.882902803796,9.044763217939));
#1441 = CARTESIAN_POINT('',(-3.893011252945,9.039512762088));
#1442 = CARTESIAN_POINT('',(-3.90311257229,9.034248632233));
#1443 = CARTESIAN_POINT('',(-3.913206752933,9.02897083298));
#1444 = CARTESIAN_POINT('',(-3.923293774205,9.023679373757));
#1445 = CARTESIAN_POINT('',(-3.933373603672,9.018374268814));
#1446 = CARTESIAN_POINT('',(-4.676508451189,8.625969392486));
#1447 = CARTESIAN_POINT('',(-5.371533087148,8.166562196076));
#1448 = CARTESIAN_POINT('',(-6.019263561849,7.638863497555));
#1449 = CARTESIAN_POINT('',(-6.611319672068,7.048280993848));
#1450 = CARTESIAN_POINT('',(-7.140061359561,6.401393463039));
#1451 = CARTESIAN_POINT('',(-7.598617172292,5.705983282959));
#1452 = CARTESIAN_POINT('',(-8.320829757106,4.319717801528));
#1453 = CARTESIAN_POINT('',(-8.600777348481,3.636956492516));
#1454 = CARTESIAN_POINT('',(-8.817120861239,2.929604347325));
#1455 = CARTESIAN_POINT('',(-8.966847981104,2.204627850538));
#1456 = CARTESIAN_POINT('',(-9.047819634186,1.46941520402));
#1457 = CARTESIAN_POINT('',(-9.058849973566,0.731774724639));
#1458 = CARTESIAN_POINT('',(-9.000027464721,-2.435463218094E-05));
#1459 = ( GEOMETRIC_REPRESENTATION_CONTEXT(2) 
PARAMETRIC_REPRESENTATION_CONTEXT() REPRESENTATION_CONTEXT('2D SPACE',''
  ) );
#1460 = ORIENTED_EDGE('',*,*,#1461,.F.);
#1461 = EDGE_CURVE('',#1462,#1383,#1464,.T.);
#1462 = VERTEX_POINT('',#1463);
#1463 = CARTESIAN_POINT('',(9.000013694487,2.279738620103E-10,
    55.650001082281));
#1464 = SURFACE_CURVE('',#1465,(#1532,#1539),.PCURVE_S1.);
#1465 = B_SPLINE_CURVE_WITH_KNOTS('',9,(#1466,#1467,#1468,#1469,#1470,
    #1471,#1472,#1473,#1474,#1475,#1476,#1477,#1478,#1479,#1480,#1481,
    #1482,#1483,#1484,#1485,#1486,#1487,#1488,#1489,#1490,#1491,#1492,
    #1493,#1494,#1495,#1496,#1497,#1498,#1499,#1500,#1501,#1502,#1503,
    #1504,#1505,#1506,#1507,#1508,#1509,#1510,#1511,#1512,#1513,#1514,
    #1515,#1516,#1517,#1518,#1519,#1520,#1521,#1522,#1523,#1524,#1525,
    #1526,#1527,#1528,#1529,#1530,#1531),.UNSPECIFIED.,.F.,.F.,(10,8,8,8
    ,8,8,8,8,10),(0.,5.071709268329,10.143418536657,15.215127804986,
    20.286837073315,25.358546341643,30.430255609972,35.501964878301,
    40.573674146629),.UNSPECIFIED.);
#1466 = CARTESIAN_POINT('',(9.,8.881784197001E-16,43.15));
#1467 = CARTESIAN_POINT('',(9.000003615328,4.712389233542,
    43.358333333333));
#1468 = CARTESIAN_POINT('',(6.223136117819,9.426186407956,
    43.566666666667));
#1469 = CARTESIAN_POINT('',(0.677820973924,12.260398834759,
    43.775000000004));
#1470 = CARTESIAN_POINT('',(-6.200718603645,11.399914597347,
    43.983333333322));
#1471 = CARTESIAN_POINT('',(-11.39989034894,6.20068303033,
    44.191666666684));
#1472 = CARTESIAN_POINT('',(-12.26040854436,-0.677788276357,
    44.399999999985));
#1473 = CARTESIAN_POINT('',(-9.426184637845,-6.223154657012,
    44.608333333341));
#1474 = CARTESIAN_POINT('',(-4.712389203576,-8.999997912403,
    44.816666666665));
#1475 = CARTESIAN_POINT('',(4.712389219238,-9.000002886038,
    45.233333333334));
#1476 = CARTESIAN_POINT('',(9.426186428345,-6.223137157504,
    45.441666666665));
#1477 = CARTESIAN_POINT('',(12.260398811601,-0.677819792753,
    45.650000000007));
#1478 = CARTESIAN_POINT('',(11.399914618393,6.20071752994,
    45.858333333318));
#1479 = CARTESIAN_POINT('',(6.200683015203,11.399891120849,
    46.066666666687));
#1480 = CARTESIAN_POINT('',(-0.677788268054,12.260408120621,
    46.274999999983));
#1481 = CARTESIAN_POINT('',(-6.223154660187,9.426184799891,
    46.483333333342));
#1482 = CARTESIAN_POINT('',(-8.999997911814,4.712389173562,
    46.691666666665));
#1483 = CARTESIAN_POINT('',(-9.000002886319,-4.71238920491,
    47.108333333334));
#1484 = CARTESIAN_POINT('',(-6.223137157101,-9.426186448772,
    47.316666666665));
#1485 = CARTESIAN_POINT('',(-0.677819793214,-12.26039878839,
    47.525000000005));
#1486 = CARTESIAN_POINT('',(6.20071753036,-11.39991463949,
    47.733333333322));
#1487 = CARTESIAN_POINT('',(11.399891120545,-6.200683000028,
    47.941666666683));
#1488 = CARTESIAN_POINT('',(12.260408120788,0.677788259722,
    48.149999999986));
#1489 = CARTESIAN_POINT('',(9.426184799827,6.223154663374,
    48.358333333341));
#1490 = CARTESIAN_POINT('',(4.712389173574,8.999997911224,
    48.566666666665));
#1491 = CARTESIAN_POINT('',(-4.712389204915,9.000002886601,
    48.983333333334));
#1492 = CARTESIAN_POINT('',(-9.426186448765,6.223137156698,
    49.191666666666));
#1493 = CARTESIAN_POINT('',(-12.26039878839,0.677819793673,
    49.400000000004));
#1494 = CARTESIAN_POINT('',(-11.39991463949,-6.20071753078,
    49.608333333323));
#1495 = CARTESIAN_POINT('',(-6.20068300003,-11.39989112024,
    49.816666666682));
#1496 = CARTESIAN_POINT('',(0.677788259722,-12.26040812095,
    50.024999999986));
#1497 = CARTESIAN_POINT('',(6.223154663374,-9.426184799764,
    50.23333333334));
#1498 = CARTESIAN_POINT('',(8.999997911223,-4.712389173585,
    50.441666666665));
#1499 = CARTESIAN_POINT('',(9.000002886602,4.71238920492,50.858333333333
    ));
#1500 = CARTESIAN_POINT('',(6.223137156695,9.426186448759,
    51.066666666668));
#1501 = CARTESIAN_POINT('',(0.677819793679,12.260398788401,
    51.275000000001));
#1502 = CARTESIAN_POINT('',(-6.200717530788,11.399914639489,
    51.483333333327));
#1503 = CARTESIAN_POINT('',(-11.39989112023,6.200683000031,
    51.691666666679));
#1504 = CARTESIAN_POINT('',(-12.26040812096,-0.677788259723,
    51.899999999988));
#1505 = CARTESIAN_POINT('',(-9.426184799756,-6.223154663373,
    52.10833333334));
#1506 = CARTESIAN_POINT('',(-4.712389173591,-8.999997911224,
    52.316666666665));
#1507 = CARTESIAN_POINT('',(4.712389204932,-9.000002886601,
    52.733333333334));
#1508 = CARTESIAN_POINT('',(9.426186448695,-6.223137156699,
    52.941666666665));
#1509 = CARTESIAN_POINT('',(12.26039878857,-0.677819793671,
    53.150000000006));
#1510 = CARTESIAN_POINT('',(11.399914639182,6.200717530779,
    53.358333333319));
#1511 = CARTESIAN_POINT('',(6.200683000455,11.399891120239,
    53.566666666687));
#1512 = CARTESIAN_POINT('',(-0.677788260186,12.260408120964,
    53.774999999983));
#1513 = CARTESIAN_POINT('',(-6.223154662969,9.426184799751,
    53.983333333342));
#1514 = CARTESIAN_POINT('',(-8.999997911507,4.712389173596,
    54.191666666665));
#1515 = CARTESIAN_POINT('',(-9.00000288601,-4.712389204944,
    54.608333333335));
#1516 = CARTESIAN_POINT('',(-6.223137159886,-9.42618644863,
    54.816666666663));
#1517 = CARTESIAN_POINT('',(-0.677819785341,-12.26039878874,
    55.025000000012));
#1518 = CARTESIAN_POINT('',(6.200717515609,-11.39991463887,
    55.233333333312));
#1519 = CARTESIAN_POINT('',(11.399891141336,-6.200683000881,
    55.441666666693));
#1520 = CARTESIAN_POINT('',(12.260408097758,0.677788260649,
    55.649999999979));
#1521 = CARTESIAN_POINT('',(9.426184820176,6.223154662564,
    55.858333333343));
#1522 = CARTESIAN_POINT('',(4.712389159269,8.999997911788,
    56.066666666665));
#1523 = CARTESIAN_POINT('',(-4.71238917493,9.000002885423,
    56.483333333334));
#1524 = CARTESIAN_POINT('',(-9.42618661068,6.223137163055,
    56.691666666667));
#1525 = CARTESIAN_POINT('',(-12.26039836498,0.677819777047,
    56.900000000002));
#1526 = CARTESIAN_POINT('',(-11.39991541079,-6.20071750049,
    57.108333333326));
#1527 = CARTESIAN_POINT('',(-6.200681927153,-11.39989116237,
    57.316666666681));
#1528 = CARTESIAN_POINT('',(0.67778707946,-12.26040807459,
    57.524999999986));
#1529 = CARTESIAN_POINT('',(6.22315570226,-9.426184840567,
    57.733333333342));
#1530 = CARTESIAN_POINT('',(8.999997182494,-4.712389144963,
    57.941666666664));
#1531 = CARTESIAN_POINT('',(9.000000797826,-1.136868377216E-13,58.15));
#1532 = PCURVE('',#295,#1533);
#1533 = DEFINITIONAL_REPRESENTATION('',(#1534),#1538);
#1534 = LINE('',#1535,#1536);
#1535 = CARTESIAN_POINT('',(0.,0.));
#1536 = VECTOR('',#1537,1.);
#1537 = DIRECTION('',(0.,1.));
#1538 = ( GEOMETRIC_REPRESENTATION_CONTEXT(2) 
PARAMETRIC_REPRESENTATION_CONTEXT() REPRESENTATION_CONTEXT('2D SPACE',''
  ) );
#1539 = PCURVE('',#1540,#1545);
#1540 = CYLINDRICAL_SURFACE('',#1541,9.);
#1541 = AXIS2_PLACEMENT_3D('',#1542,#1543,#1544);
#1542 = CARTESIAN_POINT('',(0.,0.,46.));
#1543 = DIRECTION('',(-0.,-0.,-1.));
#1544 = DIRECTION('',(1.,0.,0.));
#1545 = DEFINITIONAL_REPRESENTATION('',(#1546),#1557);
#1546 = B_SPLINE_CURVE_WITH_KNOTS('',9,(#1547,#1548,#1549,#1550,#1551,
    #1552,#1553,#1554,#1555,#1556),.UNSPECIFIED.,.F.,.F.,(10,10),(
    33.811398049645,37.19253463441),.PIECEWISE_BEZIER_KNOTS.);
#1547 = CARTESIAN_POINT('',(-3.027346930667E-11,-9.650001082273));
#1548 = CARTESIAN_POINT('',(-0.349066592837,-9.788889850909));
#1549 = CARTESIAN_POINT('',(-0.698114940796,-9.927778619567));
#1550 = CARTESIAN_POINT('',(-1.047375180056,-10.06666738801));
#1551 = CARTESIAN_POINT('',(-1.395872025307,-10.20555615646));
#1552 = CARTESIAN_POINT('',(-1.745723256267,-10.34444492502));
#1553 = CARTESIAN_POINT('',(-2.094220301726,-10.48333369419));
#1554 = CARTESIAN_POINT('',(-2.443480447222,-10.62222246262));
#1555 = CARTESIAN_POINT('',(-2.792528758399,-10.76111123136));
#1556 = CARTESIAN_POINT('',(-3.141595359652,-10.9));
#1557 = ( GEOMETRIC_REPRESENTATION_CONTEXT(2) 
PARAMETRIC_REPRESENTATION_CONTEXT() REPRESENTATION_CONTEXT('2D SPACE',''
  ) );
#1558 = ORIENTED_EDGE('',*,*,#1559,.F.);
#1559 = EDGE_CURVE('',#1560,#1462,#1562,.T.);
#1560 = VERTEX_POINT('',#1561);
#1561 = CARTESIAN_POINT('',(9.000013732338,-1.473631217053E-10,
    53.149998923279));
#1562 = SURFACE_CURVE('',#1563,(#1630,#1637),.PCURVE_S1.);
#1563 = B_SPLINE_CURVE_WITH_KNOTS('',9,(#1564,#1565,#1566,#1567,#1568,
    #1569,#1570,#1571,#1572,#1573,#1574,#1575,#1576,#1577,#1578,#1579,
    #1580,#1581,#1582,#1583,#1584,#1585,#1586,#1587,#1588,#1589,#1590,
    #1591,#1592,#1593,#1594,#1595,#1596,#1597,#1598,#1599,#1600,#1601,
    #1602,#1603,#1604,#1605,#1606,#1607,#1608,#1609,#1610,#1611,#1612,
    #1613,#1614,#1615,#1616,#1617,#1618,#1619,#1620,#1621,#1622,#1623,
    #1624,#1625,#1626,#1627,#1628,#1629),.UNSPECIFIED.,.F.,.F.,(10,8,8,8
    ,8,8,8,8,10),(0.,5.071709268329,10.143418536657,15.215127804986,
    20.286837073315,25.358546341643,30.430255609972,35.501964878301,
    40.573674146629),.UNSPECIFIED.);
#1564 = CARTESIAN_POINT('',(9.,8.881784197001E-16,43.15));
#1565 = CARTESIAN_POINT('',(9.000003615328,4.712389233542,
    43.358333333333));
#1566 = CARTESIAN_POINT('',(6.223136117819,9.426186407956,
    43.566666666667));
#1567 = CARTESIAN_POINT('',(0.677820973924,12.260398834759,
    43.775000000004));
#1568 = CARTESIAN_POINT('',(-6.200718603645,11.399914597347,
    43.983333333322));
#1569 = CARTESIAN_POINT('',(-11.39989034894,6.20068303033,
    44.191666666684));
#1570 = CARTESIAN_POINT('',(-12.26040854436,-0.677788276357,
    44.399999999985));
#1571 = CARTESIAN_POINT('',(-9.426184637845,-6.223154657012,
    44.608333333341));
#1572 = CARTESIAN_POINT('',(-4.712389203576,-8.999997912403,
    44.816666666665));
#1573 = CARTESIAN_POINT('',(4.712389219238,-9.000002886038,
    45.233333333334));
#1574 = CARTESIAN_POINT('',(9.426186428345,-6.223137157504,
    45.441666666665));
#1575 = CARTESIAN_POINT('',(12.260398811601,-0.677819792753,
    45.650000000007));
#1576 = CARTESIAN_POINT('',(11.399914618393,6.20071752994,
    45.858333333318));
#1577 = CARTESIAN_POINT('',(6.200683015203,11.399891120849,
    46.066666666687));
#1578 = CARTESIAN_POINT('',(-0.677788268054,12.260408120621,
    46.274999999983));
#1579 = CARTESIAN_POINT('',(-6.223154660187,9.426184799891,
    46.483333333342));
#1580 = CARTESIAN_POINT('',(-8.999997911814,4.712389173562,
    46.691666666665));
#1581 = CARTESIAN_POINT('',(-9.000002886319,-4.71238920491,
    47.108333333334));
#1582 = CARTESIAN_POINT('',(-6.223137157101,-9.426186448772,
    47.316666666665));
#1583 = CARTESIAN_POINT('',(-0.677819793214,-12.26039878839,
    47.525000000005));
#1584 = CARTESIAN_POINT('',(6.20071753036,-11.39991463949,
    47.733333333322));
#1585 = CARTESIAN_POINT('',(11.399891120545,-6.200683000028,
    47.941666666683));
#1586 = CARTESIAN_POINT('',(12.260408120788,0.677788259722,
    48.149999999986));
#1587 = CARTESIAN_POINT('',(9.426184799827,6.223154663374,
    48.358333333341));
#1588 = CARTESIAN_POINT('',(4.712389173574,8.999997911224,
    48.566666666665));
#1589 = CARTESIAN_POINT('',(-4.712389204915,9.000002886601,
    48.983333333334));
#1590 = CARTESIAN_POINT('',(-9.426186448765,6.223137156698,
    49.191666666666));
#1591 = CARTESIAN_POINT('',(-12.26039878839,0.677819793673,
    49.400000000004));
#1592 = CARTESIAN_POINT('',(-11.39991463949,-6.20071753078,
    49.608333333323));
#1593 = CARTESIAN_POINT('',(-6.20068300003,-11.39989112024,
    49.816666666682));
#1594 = CARTESIAN_POINT('',(0.677788259722,-12.26040812095,
    50.024999999986));
#1595 = CARTESIAN_POINT('',(6.223154663374,-9.426184799764,
    50.23333333334));
#1596 = CARTESIAN_POINT('',(8.999997911223,-4.712389173585,
    50.441666666665));
#1597 = CARTESIAN_POINT('',(9.000002886602,4.71238920492,50.858333333333
    ));
#1598 = CARTESIAN_POINT('',(6.223137156695,9.426186448759,
    51.066666666668));
#1599 = CARTESIAN_POINT('',(0.677819793679,12.260398788401,
    51.275000000001));
#1600 = CARTESIAN_POINT('',(-6.200717530788,11.399914639489,
    51.483333333327));
#1601 = CARTESIAN_POINT('',(-11.39989112023,6.200683000031,
    51.691666666679));
#1602 = CARTESIAN_POINT('',(-12.26040812096,-0.677788259723,
    51.899999999988));
#1603 = CARTESIAN_POINT('',(-9.426184799756,-6.223154663373,
    52.10833333334));
#1604 = CARTESIAN_POINT('',(-4.712389173591,-8.999997911224,
    52.316666666665));
#1605 = CARTESIAN_POINT('',(4.712389204932,-9.000002886601,
    52.733333333334));
#1606 = CARTESIAN_POINT('',(9.426186448695,-6.223137156699,
    52.941666666665));
#1607 = CARTESIAN_POINT('',(12.26039878857,-0.677819793671,
    53.150000000006));
#1608 = CARTESIAN_POINT('',(11.399914639182,6.200717530779,
    53.358333333319));
#1609 = CARTESIAN_POINT('',(6.200683000455,11.399891120239,
    53.566666666687));
#1610 = CARTESIAN_POINT('',(-0.677788260186,12.260408120964,
    53.774999999983));
#1611 = CARTESIAN_POINT('',(-6.223154662969,9.426184799751,
    53.983333333342));
#1612 = CARTESIAN_POINT('',(-8.999997911507,4.712389173596,
    54.191666666665));
#1613 = CARTESIAN_POINT('',(-9.00000288601,-4.712389204944,
    54.608333333335));
#1614 = CARTESIAN_POINT('',(-6.223137159886,-9.42618644863,
    54.816666666663));
#1615 = CARTESIAN_POINT('',(-0.677819785341,-12.26039878874,
    55.025000000012));
#1616 = CARTESIAN_POINT('',(6.200717515609,-11.39991463887,
    55.233333333312));
#1617 = CARTESIAN_POINT('',(11.399891141336,-6.200683000881,
    55.441666666693));
#1618 = CARTESIAN_POINT('',(12.260408097758,0.677788260649,
    55.649999999979));
#1619 = CARTESIAN_POINT('',(9.426184820176,6.223154662564,
    55.858333333343));
#1620 = CARTESIAN_POINT('',(4.712389159269,8.999997911788,
    56.066666666665));
#1621 = CARTESIAN_POINT('',(-4.71238917493,9.000002885423,
    56.483333333334));
#1622 = CARTESIAN_POINT('',(-9.42618661068,6.223137163055,
    56.691666666667));
#1623 = CARTESIAN_POINT('',(-12.26039836498,0.677819777047,
    56.900000000002));
#1624 = CARTESIAN_POINT('',(-11.39991541079,-6.20071750049,
    57.108333333326));
#1625 = CARTESIAN_POINT('',(-6.200681927153,-11.39989116237,
    57.316666666681));
#1626 = CARTESIAN_POINT('',(0.67778707946,-12.26040807459,
    57.524999999986));
#1627 = CARTESIAN_POINT('',(6.22315570226,-9.426184840567,
    57.733333333342));
#1628 = CARTESIAN_POINT('',(8.999997182494,-4.712389144963,
    57.941666666664));
#1629 = CARTESIAN_POINT('',(9.000000797826,-1.136868377216E-13,58.15));
#1630 = PCURVE('',#295,#1631);
#1631 = DEFINITIONAL_REPRESENTATION('',(#1632),#1636);
#1632 = LINE('',#1633,#1634);
#1633 = CARTESIAN_POINT('',(0.,0.));
#1634 = VECTOR('',#1635,1.);
#1635 = DIRECTION('',(0.,1.));
#1636 = ( GEOMETRIC_REPRESENTATION_CONTEXT(2) 
PARAMETRIC_REPRESENTATION_CONTEXT() REPRESENTATION_CONTEXT('2D SPACE',''
  ) );
#1637 = PCURVE('',#1638,#1643);
#1638 = CYLINDRICAL_SURFACE('',#1639,9.);
#1639 = AXIS2_PLACEMENT_3D('',#1640,#1641,#1642);
#1640 = CARTESIAN_POINT('',(0.,0.,46.));
#1641 = DIRECTION('',(-0.,-0.,-1.));
#1642 = DIRECTION('',(1.,0.,0.));
#1643 = DEFINITIONAL_REPRESENTATION('',(#1644),#1661);
#1644 = B_SPLINE_CURVE_WITH_KNOTS('',8,(#1645,#1646,#1647,#1648,#1649,
    #1650,#1651,#1652,#1653,#1654,#1655,#1656,#1657,#1658,#1659,#1660),
  .UNSPECIFIED.,.F.,.F.,(9,7,9),(27.04911318533,30.430255617487,
    33.811398049645),.UNSPECIFIED.);
#1645 = CARTESIAN_POINT('',(-1.357722823059E-10,-7.149998923346));
#1646 = CARTESIAN_POINT('',(-0.392700605744,-7.306249058283));
#1647 = CARTESIAN_POINT('',(-0.785357314937,-7.462499192025));
#1648 = CARTESIAN_POINT('',(-1.178232461626,-7.618749330872));
#1649 = CARTESIAN_POINT('',(-1.570552594578,-7.774999459885));
#1650 = CARTESIAN_POINT('',(-1.96370459571,-7.931249599638));
#1651 = CARTESIAN_POINT('',(-2.356118933814,-8.087499732535));
#1652 = CARTESIAN_POINT('',(-2.748893224074,-8.24374986784));
#1653 = CARTESIAN_POINT('',(-3.534292100555,-8.556250137716));
#1654 = CARTESIAN_POINT('',(-3.927066222543,-8.71250027301));
#1655 = CARTESIAN_POINT('',(-4.319481283496,-8.868750405931));
#1656 = CARTESIAN_POINT('',(-4.712631975079,-9.025000545567));
#1657 = CARTESIAN_POINT('',(-5.104953272243,-9.181250674719));
#1658 = CARTESIAN_POINT('',(-5.497827966902,-9.337500813514));
#1659 = CARTESIAN_POINT('',(-5.890484711004,-9.493750947274));
#1660 = CARTESIAN_POINT('',(-6.283185307053,-9.650001082211));
#1661 = ( GEOMETRIC_REPRESENTATION_CONTEXT(2) 
PARAMETRIC_REPRESENTATION_CONTEXT() REPRESENTATION_CONTEXT('2D SPACE',''
  ) );
#1662 = ORIENTED_EDGE('',*,*,#1663,.F.);
#1663 = EDGE_CURVE('',#1664,#1560,#1666,.T.);
#1664 = VERTEX_POINT('',#1665);
#1665 = CARTESIAN_POINT('',(9.000000199456,1.893936196624E-13,
    50.649999999307));
#1666 = SURFACE_CURVE('',#1667,(#1734,#1741),.PCURVE_S1.);
#1667 = B_SPLINE_CURVE_WITH_KNOTS('',9,(#1668,#1669,#1670,#1671,#1672,
    #1673,#1674,#1675,#1676,#1677,#1678,#1679,#1680,#1681,#1682,#1683,
    #1684,#1685,#1686,#1687,#1688,#1689,#1690,#1691,#1692,#1693,#1694,
    #1695,#1696,#1697,#1698,#1699,#1700,#1701,#1702,#1703,#1704,#1705,
    #1706,#1707,#1708,#1709,#1710,#1711,#1712,#1713,#1714,#1715,#1716,
    #1717,#1718,#1719,#1720,#1721,#1722,#1723,#1724,#1725,#1726,#1727,
    #1728,#1729,#1730,#1731,#1732,#1733),.UNSPECIFIED.,.F.,.F.,(10,8,8,8
    ,8,8,8,8,10),(0.,5.071709268329,10.143418536657,15.215127804986,
    20.286837073315,25.358546341643,30.430255609972,35.501964878301,
    40.573674146629),.UNSPECIFIED.);
#1668 = CARTESIAN_POINT('',(9.,8.881784197001E-16,43.15));
#1669 = CARTESIAN_POINT('',(9.000003615328,4.712389233542,
    43.358333333333));
#1670 = CARTESIAN_POINT('',(6.223136117819,9.426186407956,
    43.566666666667));
#1671 = CARTESIAN_POINT('',(0.677820973924,12.260398834759,
    43.775000000004));
#1672 = CARTESIAN_POINT('',(-6.200718603645,11.399914597347,
    43.983333333322));
#1673 = CARTESIAN_POINT('',(-11.39989034894,6.20068303033,
    44.191666666684));
#1674 = CARTESIAN_POINT('',(-12.26040854436,-0.677788276357,
    44.399999999985));
#1675 = CARTESIAN_POINT('',(-9.426184637845,-6.223154657012,
    44.608333333341));
#1676 = CARTESIAN_POINT('',(-4.712389203576,-8.999997912403,
    44.816666666665));
#1677 = CARTESIAN_POINT('',(4.712389219238,-9.000002886038,
    45.233333333334));
#1678 = CARTESIAN_POINT('',(9.426186428345,-6.223137157504,
    45.441666666665));
#1679 = CARTESIAN_POINT('',(12.260398811601,-0.677819792753,
    45.650000000007));
#1680 = CARTESIAN_POINT('',(11.399914618393,6.20071752994,
    45.858333333318));
#1681 = CARTESIAN_POINT('',(6.200683015203,11.399891120849,
    46.066666666687));
#1682 = CARTESIAN_POINT('',(-0.677788268054,12.260408120621,
    46.274999999983));
#1683 = CARTESIAN_POINT('',(-6.223154660187,9.426184799891,
    46.483333333342));
#1684 = CARTESIAN_POINT('',(-8.999997911814,4.712389173562,
    46.691666666665));
#1685 = CARTESIAN_POINT('',(-9.000002886319,-4.71238920491,
    47.108333333334));
#1686 = CARTESIAN_POINT('',(-6.223137157101,-9.426186448772,
    47.316666666665));
#1687 = CARTESIAN_POINT('',(-0.677819793214,-12.26039878839,
    47.525000000005));
#1688 = CARTESIAN_POINT('',(6.20071753036,-11.39991463949,
    47.733333333322));
#1689 = CARTESIAN_POINT('',(11.399891120545,-6.200683000028,
    47.941666666683));
#1690 = CARTESIAN_POINT('',(12.260408120788,0.677788259722,
    48.149999999986));
#1691 = CARTESIAN_POINT('',(9.426184799827,6.223154663374,
    48.358333333341));
#1692 = CARTESIAN_POINT('',(4.712389173574,8.999997911224,
    48.566666666665));
#1693 = CARTESIAN_POINT('',(-4.712389204915,9.000002886601,
    48.983333333334));
#1694 = CARTESIAN_POINT('',(-9.426186448765,6.223137156698,
    49.191666666666));
#1695 = CARTESIAN_POINT('',(-12.26039878839,0.677819793673,
    49.400000000004));
#1696 = CARTESIAN_POINT('',(-11.39991463949,-6.20071753078,
    49.608333333323));
#1697 = CARTESIAN_POINT('',(-6.20068300003,-11.39989112024,
    49.816666666682));
#1698 = CARTESIAN_POINT('',(0.677788259722,-12.26040812095,
    50.024999999986));
#1699 = CARTESIAN_POINT('',(6.223154663374,-9.426184799764,
    50.23333333334));
#1700 = CARTESIAN_POINT('',(8.999997911223,-4.712389173585,
    50.441666666665));
#1701 = CARTESIAN_POINT('',(9.000002886602,4.71238920492,50.858333333333
    ));
#1702 = CARTESIAN_POINT('',(6.223137156695,9.426186448759,
    51.066666666668));
#1703 = CARTESIAN_POINT('',(0.677819793679,12.260398788401,
    51.275000000001));
#1704 = CARTESIAN_POINT('',(-6.200717530788,11.399914639489,
    51.483333333327));
#1705 = CARTESIAN_POINT('',(-11.39989112023,6.200683000031,
    51.691666666679));
#1706 = CARTESIAN_POINT('',(-12.26040812096,-0.677788259723,
    51.899999999988));
#1707 = CARTESIAN_POINT('',(-9.426184799756,-6.223154663373,
    52.10833333334));
#1708 = CARTESIAN_POINT('',(-4.712389173591,-8.999997911224,
    52.316666666665));
#1709 = CARTESIAN_POINT('',(4.712389204932,-9.000002886601,
    52.733333333334));
#1710 = CARTESIAN_POINT('',(9.426186448695,-6.223137156699,
    52.941666666665));
#1711 = CARTESIAN_POINT('',(12.26039878857,-0.677819793671,
    53.150000000006));
#1712 = CARTESIAN_POINT('',(11.399914639182,6.200717530779,
    53.358333333319));
#1713 = CARTESIAN_POINT('',(6.200683000455,11.399891120239,
    53.566666666687));
#1714 = CARTESIAN_POINT('',(-0.677788260186,12.260408120964,
    53.774999999983));
#1715 = CARTESIAN_POINT('',(-6.223154662969,9.426184799751,
    53.983333333342));
#1716 = CARTESIAN_POINT('',(-8.999997911507,4.712389173596,
    54.191666666665));
#1717 = CARTESIAN_POINT('',(-9.00000288601,-4.712389204944,
    54.608333333335));
#1718 = CARTESIAN_POINT('',(-6.223137159886,-9.42618644863,
    54.816666666663));
#1719 = CARTESIAN_POINT('',(-0.677819785341,-12.26039878874,
    55.025000000012));
#1720 = CARTESIAN_POINT('',(6.200717515609,-11.39991463887,
    55.233333333312));
#1721 = CARTESIAN_POINT('',(11.399891141336,-6.200683000881,
    55.441666666693));
#1722 = CARTESIAN_POINT('',(12.260408097758,0.677788260649,
    55.649999999979));
#1723 = CARTESIAN_POINT('',(9.426184820176,6.223154662564,
    55.858333333343));
#1724 = CARTESIAN_POINT('',(4.712389159269,8.999997911788,
    56.066666666665));
#1725 = CARTESIAN_POINT('',(-4.71238917493,9.000002885423,
    56.483333333334));
#1726 = CARTESIAN_POINT('',(-9.42618661068,6.223137163055,
    56.691666666667));
#1727 = CARTESIAN_POINT('',(-12.26039836498,0.677819777047,
    56.900000000002));
#1728 = CARTESIAN_POINT('',(-11.39991541079,-6.20071750049,
    57.108333333326));
#1729 = CARTESIAN_POINT('',(-6.200681927153,-11.39989116237,
    57.316666666681));
#1730 = CARTESIAN_POINT('',(0.67778707946,-12.26040807459,
    57.524999999986));
#1731 = CARTESIAN_POINT('',(6.22315570226,-9.426184840567,
    57.733333333342));
#1732 = CARTESIAN_POINT('',(8.999997182494,-4.712389144963,
    57.941666666664));
#1733 = CARTESIAN_POINT('',(9.000000797826,-1.136868377216E-13,58.15));
#1734 = PCURVE('',#295,#1735);
#1735 = DEFINITIONAL_REPRESENTATION('',(#1736),#1740);
#1736 = LINE('',#1737,#1738);
#1737 = CARTESIAN_POINT('',(0.,0.));
#1738 = VECTOR('',#1739,1.);
#1739 = DIRECTION('',(0.,1.));
#1740 = ( GEOMETRIC_REPRESENTATION_CONTEXT(2) 
PARAMETRIC_REPRESENTATION_CONTEXT() REPRESENTATION_CONTEXT('2D SPACE',''
  ) );
#1741 = PCURVE('',#1742,#1747);
#1742 = CYLINDRICAL_SURFACE('',#1743,9.);
#1743 = AXIS2_PLACEMENT_3D('',#1744,#1745,#1746);
#1744 = CARTESIAN_POINT('',(0.,0.,46.));
#1745 = DIRECTION('',(-0.,-0.,-1.));
#1746 = DIRECTION('',(1.,0.,0.));
#1747 = DEFINITIONAL_REPRESENTATION('',(#1748),#1767);
#1748 = B_SPLINE_CURVE_WITH_KNOTS('',9,(#1749,#1750,#1751,#1752,#1753,
    #1754,#1755,#1756,#1757,#1758,#1759,#1760,#1761,#1762,#1763,#1764,
    #1765,#1766),.UNSPECIFIED.,.F.,.F.,(10,8,10),(20.286837071441,
    23.667975128386,27.04911318533),.UNSPECIFIED.);
#1749 = CARTESIAN_POINT('',(-9.192434409162E-15,-4.649999999307));
#1750 = CARTESIAN_POINT('',(-0.34906571563,-4.788888828417));
#1751 = CARTESIAN_POINT('',(-0.698189517914,-4.927777657519));
#1752 = CARTESIAN_POINT('',(-1.047082248327,-5.066666486648));
#1753 = CARTESIAN_POINT('',(-1.396303862824,-5.205555315723));
#1754 = CARTESIAN_POINT('',(-1.745402074056,-5.344444144832));
#1755 = CARTESIAN_POINT('',(-2.094316135084,-5.483332973977));
#1756 = CARTESIAN_POINT('',(-2.443489194758,-5.622221803069));
#1757 = CARTESIAN_POINT('',(-2.792521834938,-5.761110632186));
#1758 = CARTESIAN_POINT('',(-3.490655324379,-6.038888290405));
#1759 = CARTESIAN_POINT('',(-3.83970382416,-6.177777119463));
#1760 = CARTESIAN_POINT('',(-4.188964216672,-6.316665948849));
#1761 = CARTESIAN_POINT('',(-4.537461208834,-6.45555477732));
#1762 = CARTESIAN_POINT('',(-4.887312604871,-6.594443606766));
#1763 = CARTESIAN_POINT('',(-5.235809788064,-6.733332435833));
#1764 = CARTESIAN_POINT('',(-5.585070091667,-6.872221265083));
#1765 = CARTESIAN_POINT('',(-5.934118553868,-7.011110094174));
#1766 = CARTESIAN_POINT('',(-6.283185307158,-7.149998923284));
#1767 = ( GEOMETRIC_REPRESENTATION_CONTEXT(2) 
PARAMETRIC_REPRESENTATION_CONTEXT() REPRESENTATION_CONTEXT('2D SPACE',''
  ) );
#1768 = ORIENTED_EDGE('',*,*,#1769,.F.);
#1769 = EDGE_CURVE('',#206,#1664,#1770,.T.);
#1770 = SURFACE_CURVE('',#1771,(#1838,#1845),.PCURVE_S1.);
#1771 = B_SPLINE_CURVE_WITH_KNOTS('',9,(#1772,#1773,#1774,#1775,#1776,
    #1777,#1778,#1779,#1780,#1781,#1782,#1783,#1784,#1785,#1786,#1787,
    #1788,#1789,#1790,#1791,#1792,#1793,#1794,#1795,#1796,#1797,#1798,
    #1799,#1800,#1801,#1802,#1803,#1804,#1805,#1806,#1807,#1808,#1809,
    #1810,#1811,#1812,#1813,#1814,#1815,#1816,#1817,#1818,#1819,#1820,
    #1821,#1822,#1823,#1824,#1825,#1826,#1827,#1828,#1829,#1830,#1831,
    #1832,#1833,#1834,#1835,#1836,#1837),.UNSPECIFIED.,.F.,.F.,(10,8,8,8
    ,8,8,8,8,10),(0.,5.071709268329,10.143418536657,15.215127804986,
    20.286837073315,25.358546341643,30.430255609972,35.501964878301,
    40.573674146629),.UNSPECIFIED.);
#1772 = CARTESIAN_POINT('',(9.,8.881784197001E-16,43.15));
#1773 = CARTESIAN_POINT('',(9.000003615328,4.712389233542,
    43.358333333333));
#1774 = CARTESIAN_POINT('',(6.223136117819,9.426186407956,
    43.566666666667));
#1775 = CARTESIAN_POINT('',(0.677820973924,12.260398834759,
    43.775000000004));
#1776 = CARTESIAN_POINT('',(-6.200718603645,11.399914597347,
    43.983333333322));
#1777 = CARTESIAN_POINT('',(-11.39989034894,6.20068303033,
    44.191666666684));
#1778 = CARTESIAN_POINT('',(-12.26040854436,-0.677788276357,
    44.399999999985));
#1779 = CARTESIAN_POINT('',(-9.426184637845,-6.223154657012,
    44.608333333341));
#1780 = CARTESIAN_POINT('',(-4.712389203576,-8.999997912403,
    44.816666666665));
#1781 = CARTESIAN_POINT('',(4.712389219238,-9.000002886038,
    45.233333333334));
#1782 = CARTESIAN_POINT('',(9.426186428345,-6.223137157504,
    45.441666666665));
#1783 = CARTESIAN_POINT('',(12.260398811601,-0.677819792753,
    45.650000000007));
#1784 = CARTESIAN_POINT('',(11.399914618393,6.20071752994,
    45.858333333318));
#1785 = CARTESIAN_POINT('',(6.200683015203,11.399891120849,
    46.066666666687));
#1786 = CARTESIAN_POINT('',(-0.677788268054,12.260408120621,
    46.274999999983));
#1787 = CARTESIAN_POINT('',(-6.223154660187,9.426184799891,
    46.483333333342));
#1788 = CARTESIAN_POINT('',(-8.999997911814,4.712389173562,
    46.691666666665));
#1789 = CARTESIAN_POINT('',(-9.000002886319,-4.71238920491,
    47.108333333334));
#1790 = CARTESIAN_POINT('',(-6.223137157101,-9.426186448772,
    47.316666666665));
#1791 = CARTESIAN_POINT('',(-0.677819793214,-12.26039878839,
    47.525000000005));
#1792 = CARTESIAN_POINT('',(6.20071753036,-11.39991463949,
    47.733333333322));
#1793 = CARTESIAN_POINT('',(11.399891120545,-6.200683000028,
    47.941666666683));
#1794 = CARTESIAN_POINT('',(12.260408120788,0.677788259722,
    48.149999999986));
#1795 = CARTESIAN_POINT('',(9.426184799827,6.223154663374,
    48.358333333341));
#1796 = CARTESIAN_POINT('',(4.712389173574,8.999997911224,
    48.566666666665));
#1797 = CARTESIAN_POINT('',(-4.712389204915,9.000002886601,
    48.983333333334));
#1798 = CARTESIAN_POINT('',(-9.426186448765,6.223137156698,
    49.191666666666));
#1799 = CARTESIAN_POINT('',(-12.26039878839,0.677819793673,
    49.400000000004));
#1800 = CARTESIAN_POINT('',(-11.39991463949,-6.20071753078,
    49.608333333323));
#1801 = CARTESIAN_POINT('',(-6.20068300003,-11.39989112024,
    49.816666666682));
#1802 = CARTESIAN_POINT('',(0.677788259722,-12.26040812095,
    50.024999999986));
#1803 = CARTESIAN_POINT('',(6.223154663374,-9.426184799764,
    50.23333333334));
#1804 = CARTESIAN_POINT('',(8.999997911223,-4.712389173585,
    50.441666666665));
#1805 = CARTESIAN_POINT('',(9.000002886602,4.71238920492,50.858333333333
    ));
#1806 = CARTESIAN_POINT('',(6.223137156695,9.426186448759,
    51.066666666668));
#1807 = CARTESIAN_POINT('',(0.677819793679,12.260398788401,
    51.275000000001));
#1808 = CARTESIAN_POINT('',(-6.200717530788,11.399914639489,
    51.483333333327));
#1809 = CARTESIAN_POINT('',(-11.39989112023,6.200683000031,
    51.691666666679));
#1810 = CARTESIAN_POINT('',(-12.26040812096,-0.677788259723,
    51.899999999988));
#1811 = CARTESIAN_POINT('',(-9.426184799756,-6.223154663373,
    52.10833333334));
#1812 = CARTESIAN_POINT('',(-4.712389173591,-8.999997911224,
    52.316666666665));
#1813 = CARTESIAN_POINT('',(4.712389204932,-9.000002886601,
    52.733333333334));
#1814 = CARTESIAN_POINT('',(9.426186448695,-6.223137156699,
    52.941666666665));
#1815 = CARTESIAN_POINT('',(12.26039878857,-0.677819793671,
    53.150000000006));
#1816 = CARTESIAN_POINT('',(11.399914639182,6.200717530779,
    53.358333333319));
#1817 = CARTESIAN_POINT('',(6.200683000455,11.399891120239,
    53.566666666687));
#1818 = CARTESIAN_POINT('',(-0.677788260186,12.260408120964,
    53.774999999983));
#1819 = CARTESIAN_POINT('',(-6.223154662969,9.426184799751,
    53.983333333342));
#1820 = CARTESIAN_POINT('',(-8.999997911507,4.712389173596,
    54.191666666665));
#1821 = CARTESIAN_POINT('',(-9.00000288601,-4.712389204944,
    54.608333333335));
#1822 = CARTESIAN_POINT('',(-6.223137159886,-9.42618644863,
    54.816666666663));
#1823 = CARTESIAN_POINT('',(-0.677819785341,-12.26039878874,
    55.025000000012));
#1824 = CARTESIAN_POINT('',(6.200717515609,-11.39991463887,
    55.233333333312));
#1825 = CARTESIAN_POINT('',(11.399891141336,-6.200683000881,
    55.441666666693));
#1826 = CARTESIAN_POINT('',(12.260408097758,0.677788260649,
    55.649999999979));
#1827 = CARTESIAN_POINT('',(9.426184820176,6.223154662564,
    55.858333333343));
#1828 = CARTESIAN_POINT('',(4.712389159269,8.999997911788,
    56.066666666665));
#1829 = CARTESIAN_POINT('',(-4.71238917493,9.000002885423,
    56.483333333334));
#1830 = CARTESIAN_POINT('',(-9.42618661068,6.223137163055,
    56.691666666667));
#1831 = CARTESIAN_POINT('',(-12.26039836498,0.677819777047,
    56.900000000002));
#1832 = CARTESIAN_POINT('',(-11.39991541079,-6.20071750049,
    57.108333333326));
#1833 = CARTESIAN_POINT('',(-6.200681927153,-11.39989116237,
    57.316666666681));
#1834 = CARTESIAN_POINT('',(0.67778707946,-12.26040807459,
    57.524999999986));
#1835 = CARTESIAN_POINT('',(6.22315570226,-9.426184840567,
    57.733333333342));
#1836 = CARTESIAN_POINT('',(8.999997182494,-4.712389144963,
    57.941666666664));
#1837 = CARTESIAN_POINT('',(9.000000797826,-1.136868377216E-13,58.15));
#1838 = PCURVE('',#295,#1839);
#1839 = DEFINITIONAL_REPRESENTATION('',(#1840),#1844);
#1840 = LINE('',#1841,#1842);
#1841 = CARTESIAN_POINT('',(0.,0.));
#1842 = VECTOR('',#1843,1.);
#1843 = DIRECTION('',(0.,1.));
#1844 = ( GEOMETRIC_REPRESENTATION_CONTEXT(2) 
PARAMETRIC_REPRESENTATION_CONTEXT() REPRESENTATION_CONTEXT('2D SPACE',''
  ) );
#1845 = PCURVE('',#451,#1846);
#1846 = DEFINITIONAL_REPRESENTATION('',(#1847),#1866);
#1847 = B_SPLINE_CURVE_WITH_KNOTS('',9,(#1848,#1849,#1850,#1851,#1852,
    #1853,#1854,#1855,#1856,#1857,#1858,#1859,#1860,#1861,#1862,#1863,
    #1864,#1865),.UNSPECIFIED.,.F.,.F.,(10,8,10),(13.524560976316,
    16.905699023878,20.286837071441),.UNSPECIFIED.);
#1848 = CARTESIAN_POINT('',(-1.690580798034E-11,-2.150001082268));
#1849 = CARTESIAN_POINT('',(-0.349066743842,-2.288889910992));
#1850 = CARTESIAN_POINT('',(-0.698115243194,-2.4277787397));
#1851 = CARTESIAN_POINT('',(-1.047375632563,-2.566667568499));
#1852 = CARTESIAN_POINT('',(-1.395872625842,-2.705556396992));
#1853 = CARTESIAN_POINT('',(-1.745724021923,-2.844445225957));
#1854 = CARTESIAN_POINT('',(-2.094221200696,-2.983334054632));
#1855 = CARTESIAN_POINT('',(-2.443481505926,-3.122222883349));
#1856 = CARTESIAN_POINT('',(-2.79252996655,-3.261111712063));
#1857 = CARTESIAN_POINT('',(-3.490663471048,-3.538889369512));
#1858 = CARTESIAN_POINT('',(-3.83969608417,-3.677778198239));
#1859 = CARTESIAN_POINT('',(-4.188869436476,-3.81666702695));
#1860 = CARTESIAN_POINT('',(-4.53778300043,-3.955555855684));
#1861 = CARTESIAN_POINT('',(-4.886881275293,-4.094444684407));
#1862 = CARTESIAN_POINT('',(-5.236103375396,-4.233333513123));
#1863 = CARTESIAN_POINT('',(-5.58499566032,-4.372222341865));
#1864 = CARTESIAN_POINT('',(-5.934119592519,-4.511111170582));
#1865 = CARTESIAN_POINT('',(-6.28318530718,-4.649999999307));
#1866 = ( GEOMETRIC_REPRESENTATION_CONTEXT(2) 
PARAMETRIC_REPRESENTATION_CONTEXT() REPRESENTATION_CONTEXT('2D SPACE',''
  ) );
#1867 = ADVANCED_FACE('',(#1868),#451,.T.);
#1868 = FACE_BOUND('',#1869,.F.);
#1869 = EDGE_LOOP('',(#1870,#1969,#1970,#1971));
#1870 = ORIENTED_EDGE('',*,*,#1871,.F.);
#1871 = EDGE_CURVE('',#436,#1872,#1874,.T.);
#1872 = VERTEX_POINT('',#1873);
#1873 = CARTESIAN_POINT('',(9.000013333424,4.020983546127E-11,
    49.850001076711));
#1874 = SURFACE_CURVE('',#1875,(#1942,#1962),.PCURVE_S1.);
#1875 = B_SPLINE_CURVE_WITH_KNOTS('',9,(#1876,#1877,#1878,#1879,#1880,
    #1881,#1882,#1883,#1884,#1885,#1886,#1887,#1888,#1889,#1890,#1891,
    #1892,#1893,#1894,#1895,#1896,#1897,#1898,#1899,#1900,#1901,#1902,
    #1903,#1904,#1905,#1906,#1907,#1908,#1909,#1910,#1911,#1912,#1913,
    #1914,#1915,#1916,#1917,#1918,#1919,#1920,#1921,#1922,#1923,#1924,
    #1925,#1926,#1927,#1928,#1929,#1930,#1931,#1932,#1933,#1934,#1935,
    #1936,#1937,#1938,#1939,#1940,#1941),.UNSPECIFIED.,.F.,.F.,(10,8,8,8
    ,8,8,8,8,10),(0.,5.071709268329,10.143418536657,15.215127804986,
    20.286837073315,25.358546341643,30.430255609972,35.501964878301,
    40.573674146629),.UNSPECIFIED.);
#1876 = CARTESIAN_POINT('',(9.,-6.217248937901E-15,44.85));
#1877 = CARTESIAN_POINT('',(8.999996384672,4.712388727226,
    45.058333333333));
#1878 = CARTESIAN_POINT('',(6.223155150586,9.426184004952,
    45.266666666667));
#1879 = CARTESIAN_POINT('',(0.677787019396,12.260406987763,
    45.474999999995));
#1880 = CARTESIAN_POINT('',(-6.200681377514,11.399890151797,
    45.683333333346));
#1881 = CARTESIAN_POINT('',(-11.39991440018,6.200716950816,
    45.891666666648));
#1882 = CARTESIAN_POINT('',(-12.26039727817,-0.677819716956,
    46.100000000016));
#1883 = CARTESIAN_POINT('',(-9.426185775057,-6.223136611396,
    46.308333333325));
#1884 = CARTESIAN_POINT('',(-4.712388757194,-9.000002087597,
    46.516666666668));
#1885 = CARTESIAN_POINT('',(4.712388741533,-8.999997113963,
    46.933333333333));
#1886 = CARTESIAN_POINT('',(9.426183984554,-6.223154110901,
    47.141666666668));
#1887 = CARTESIAN_POINT('',(12.260407010941,-0.677788200564,
    47.349999999995));
#1888 = CARTESIAN_POINT('',(11.399890130726,6.200682451214,
    47.558333333345));
#1889 = CARTESIAN_POINT('',(6.200716965965,11.399913628287,
    47.766666666649));
#1890 = CARTESIAN_POINT('',(-0.677819725272,12.260397701908,
    47.975000000015));
#1891 = CARTESIAN_POINT('',(-6.223136608216,9.426185613014,
    48.183333333325));
#1892 = CARTESIAN_POINT('',(-9.000002088186,4.712388787207,
    48.391666666668));
#1893 = CARTESIAN_POINT('',(-8.999997113681,-4.71238875586,
    48.808333333333));
#1894 = CARTESIAN_POINT('',(-6.223154111305,-9.42618396413,
    49.016666666668));
#1895 = CARTESIAN_POINT('',(-0.677788200103,-12.26040703414,
    49.224999999993));
#1896 = CARTESIAN_POINT('',(6.200682450793,-11.39989010963,
    49.433333333348));
#1897 = CARTESIAN_POINT('',(11.39991362859,-6.200716981133,
    49.641666666646));
#1898 = CARTESIAN_POINT('',(12.260397701743,0.677819733601,
    49.850000000018));
#1899 = CARTESIAN_POINT('',(9.426185613077,6.223136605029,
    50.058333333324));
#1900 = CARTESIAN_POINT('',(4.712388787196,9.000002088777,
    50.266666666669));
#1901 = CARTESIAN_POINT('',(-4.712388755854,8.999997113399,
    50.683333333332));
#1902 = CARTESIAN_POINT('',(-9.426183964137,6.223154111707,
    50.891666666669));
#1903 = CARTESIAN_POINT('',(-12.26040703413,0.677788199647,
    51.099999999991));
#1904 = CARTESIAN_POINT('',(-11.39989010963,-6.20068245038,
    51.308333333351));
#1905 = CARTESIAN_POINT('',(-6.200716981129,-11.39991362888,
    51.516666666643));
#1906 = CARTESIAN_POINT('',(0.677819733598,-12.26039770158,
    51.725000000019));
#1907 = CARTESIAN_POINT('',(6.22313660503,-9.426185613139,
    51.933333333323));
#1908 = CARTESIAN_POINT('',(9.000002088776,-4.712388787184,
    52.141666666669));
#1909 = CARTESIAN_POINT('',(8.999997113399,4.712388755848,
    52.558333333332));
#1910 = CARTESIAN_POINT('',(6.223154111708,9.426183964147,
    52.766666666671));
#1911 = CARTESIAN_POINT('',(0.677788199645,12.260407034124,
    52.974999999989));
#1912 = CARTESIAN_POINT('',(-6.200682450376,11.399890109651,
    53.183333333354));
#1913 = CARTESIAN_POINT('',(-11.39991362889,6.200716981118,
    53.391666666641));
#1914 = CARTESIAN_POINT('',(-12.26039770157,-0.677819733592,
    53.60000000002));
#1915 = CARTESIAN_POINT('',(-9.426185613146,-6.223136605033,
    53.808333333323));
#1916 = CARTESIAN_POINT('',(-4.712388787179,-9.000002088776,
    54.016666666669));
#1917 = CARTESIAN_POINT('',(4.712388755837,-8.999997113399,
    54.433333333332));
#1918 = CARTESIAN_POINT('',(9.426183964209,-6.223154111707,
    54.641666666668));
#1919 = CARTESIAN_POINT('',(12.260407033959,-0.677788199645,
    54.849999999994));
#1920 = CARTESIAN_POINT('',(11.399890109953,6.200682450373,
    55.058333333346));
#1921 = CARTESIAN_POINT('',(6.200716980699,11.399913628899,
    55.266666666649));
#1922 = CARTESIAN_POINT('',(-0.677819733132,12.260397701564,
    55.475000000015));
#1923 = CARTESIAN_POINT('',(-6.223136605437,9.426185613154,
    55.683333333326));
#1924 = CARTESIAN_POINT('',(-9.000002088493,4.712388787173,
    55.891666666668));
#1925 = CARTESIAN_POINT('',(-8.99999711399,-4.712388755826,
    56.308333333333));
#1926 = CARTESIAN_POINT('',(-6.223154108519,-9.426183964271,
    56.516666666666));
#1927 = CARTESIAN_POINT('',(-0.677788207978,-12.26040703379,56.725));
#1928 = CARTESIAN_POINT('',(6.200682465547,-11.39989011025,
    56.933333333339));
#1929 = CARTESIAN_POINT('',(11.399913607799,-6.200716980281,
    57.141666666655));
#1930 = CARTESIAN_POINT('',(12.260397724771,0.677819732672,
    57.350000000012));
#1931 = CARTESIAN_POINT('',(9.426185592729,6.22313660584,57.558333333326
    ));
#1932 = CARTESIAN_POINT('',(4.7123888015,9.000002088212,57.766666666668)
  );
#1933 = CARTESIAN_POINT('',(-4.712388785838,8.999997114577,
    58.183333333332));
#1934 = CARTESIAN_POINT('',(-9.426183802227,6.223154105349,
    58.391666666671));
#1935 = CARTESIAN_POINT('',(-12.26040745753,0.677788216274,
    58.599999999988));
#1936 = CARTESIAN_POINT('',(-11.39988933834,-6.20068248067,
    58.808333333356));
#1937 = CARTESIAN_POINT('',(-6.200718053997,-11.39991358675,
    59.016666666638));
#1938 = CARTESIAN_POINT('',(0.677820913854,-12.26039774793,
    59.225000000023));
#1939 = CARTESIAN_POINT('',(6.223135566146,-9.426185572336,
    59.433333333321));
#1940 = CARTESIAN_POINT('',(9.000002817506,-4.712388815806,
    59.64166666667));
#1941 = CARTESIAN_POINT('',(8.999999202174,6.750155989721E-14,59.85));
#1942 = PCURVE('',#451,#1943);
#1943 = DEFINITIONAL_REPRESENTATION('',(#1944),#1961);
#1944 = B_SPLINE_CURVE_WITH_KNOTS('',8,(#1945,#1946,#1947,#1948,#1949,
    #1950,#1951,#1952,#1953,#1954,#1955,#1956,#1957,#1958,#1959,#1960),
  .UNSPECIFIED.,.F.,.F.,(9,7,9),(6.762276097012,10.143418529149,
    13.524560961286),.UNSPECIFIED.);
#1945 = CARTESIAN_POINT('',(-1.098765523011E-11,-1.349998917743));
#1946 = CARTESIAN_POINT('',(-0.392700561246,-1.506249052679));
#1947 = CARTESIAN_POINT('',(-0.785357472487,-1.662499187497));
#1948 = CARTESIAN_POINT('',(-1.178231872528,-1.818749322808));
#1949 = CARTESIAN_POINT('',(-1.570553339011,-1.974999457192));
#1950 = CARTESIAN_POINT('',(-1.963704176044,-2.131249592578));
#1951 = CARTESIAN_POINT('',(-2.356118955827,-2.287499727312));
#1952 = CARTESIAN_POINT('',(-2.748893241445,-2.44374986229));
#1953 = CARTESIAN_POINT('',(-3.534292048299,-2.75625013216));
#1954 = CARTESIAN_POINT('',(-3.927066502157,-2.912500267132));
#1955 = CARTESIAN_POINT('',(-4.319480559167,-3.068750401875));
#1956 = CARTESIAN_POINT('',(-4.712632705527,-3.225000537259));
#1957 = CARTESIAN_POINT('',(-5.104953007995,-3.381250671633));
#1958 = CARTESIAN_POINT('',(-5.49782786002,-3.537500806949));
#1959 = CARTESIAN_POINT('',(-5.890484736379,-3.693750941769));
#1960 = CARTESIAN_POINT('',(-6.283185307173,-3.850001076705));
#1961 = ( GEOMETRIC_REPRESENTATION_CONTEXT(2) 
PARAMETRIC_REPRESENTATION_CONTEXT() REPRESENTATION_CONTEXT('2D SPACE',''
  ) );
#1962 = PCURVE('',#549,#1963);
#1963 = DEFINITIONAL_REPRESENTATION('',(#1964),#1968);
#1964 = LINE('',#1965,#1966);
#1965 = CARTESIAN_POINT('',(1.141271221051,0.));
#1966 = VECTOR('',#1967,1.);
#1967 = DIRECTION('',(0.,1.));
#1968 = ( GEOMETRIC_REPRESENTATION_CONTEXT(2) 
PARAMETRIC_REPRESENTATION_CONTEXT() REPRESENTATION_CONTEXT('2D SPACE',''
  ) );
#1969 = ORIENTED_EDGE('',*,*,#435,.T.);
#1970 = ORIENTED_EDGE('',*,*,#1769,.T.);
#1971 = ORIENTED_EDGE('',*,*,#1972,.F.);
#1972 = EDGE_CURVE('',#1872,#1664,#1973,.T.);
#1973 = SURFACE_CURVE('',#1974,(#1978,#1985),.PCURVE_S1.);
#1974 = LINE('',#1975,#1976);
#1975 = CARTESIAN_POINT('',(9.,0.,46.));
#1976 = VECTOR('',#1977,1.);
#1977 = DIRECTION('',(0.,0.,1.));
#1978 = PCURVE('',#451,#1979);
#1979 = DEFINITIONAL_REPRESENTATION('',(#1980),#1984);
#1980 = LINE('',#1981,#1982);
#1981 = CARTESIAN_POINT('',(-6.28318530718,0.));
#1982 = VECTOR('',#1983,1.);
#1983 = DIRECTION('',(-0.,-1.));
#1984 = ( GEOMETRIC_REPRESENTATION_CONTEXT(2) 
PARAMETRIC_REPRESENTATION_CONTEXT() REPRESENTATION_CONTEXT('2D SPACE',''
  ) );
#1985 = PCURVE('',#1742,#1986);
#1986 = DEFINITIONAL_REPRESENTATION('',(#1987),#1991);
#1987 = LINE('',#1988,#1989);
#1988 = CARTESIAN_POINT('',(-0.,0.));
#1989 = VECTOR('',#1990,1.);
#1990 = DIRECTION('',(-0.,-1.));
#1991 = ( GEOMETRIC_REPRESENTATION_CONTEXT(2) 
PARAMETRIC_REPRESENTATION_CONTEXT() REPRESENTATION_CONTEXT('2D SPACE',''
  ) );
#1992 = ADVANCED_FACE('',(#1993),#549,.F.);
#1993 = FACE_BOUND('',#1994,.F.);
#1994 = EDGE_LOOP('',(#1995,#2067,#2328,#2466,#2467,#2468,#2569,#2670,
    #2767,#2892));
#1995 = ORIENTED_EDGE('',*,*,#1996,.F.);
#1996 = EDGE_CURVE('',#1997,#1999,#2001,.T.);
#1997 = VERTEX_POINT('',#1998);
#1998 = CARTESIAN_POINT('',(8.090165041113,5.877832374754,47.04999999615
    ));
#1999 = VERTEX_POINT('',#2000);
#2000 = CARTESIAN_POINT('',(-5.358308680689,-8.443247456914,
    55.950000000064));
#2001 = SURFACE_CURVE('',#2002,(#2053,#2060),.PCURVE_S1.);
#2002 = B_SPLINE_CURVE_WITH_KNOTS('',9,(#2003,#2004,#2005,#2006,#2007,
    #2008,#2009,#2010,#2011,#2012,#2013,#2014,#2015,#2016,#2017,#2018,
    #2019,#2020,#2021,#2022,#2023,#2024,#2025,#2026,#2027,#2028,#2029,
    #2030,#2031,#2032,#2033,#2034,#2035,#2036,#2037,#2038,#2039,#2040,
    #2041,#2042,#2043,#2044,#2045,#2046,#2047,#2048,#2049,#2050,#2051,
    #2052),.UNSPECIFIED.,.F.,.F.,(10,8,8,8,8,8,10),(7.438505739381,
    10.143418536657,15.215127804986,20.286837073315,25.358546341643,
    30.430255609972,31.51221896786),.UNSPECIFIED.);
#2003 = CARTESIAN_POINT('',(8.090152251267,5.877823082412,
    47.049999992301));
#2004 = CARTESIAN_POINT('',(6.44873119964,8.137005294343,47.161111209514
    ));
#2005 = CARTESIAN_POINT('',(4.097596857495,9.880555267761,
    47.272222486412));
#2006 = CARTESIAN_POINT('',(1.221921520462,10.853686750464,
    47.38333370427));
#2007 = CARTESIAN_POINT('',(-1.88647367002,10.879092040923,
    47.494444605778));
#2008 = CARTESIAN_POINT('',(-4.868179694256,9.910464176566,
    47.605555195589));
#2009 = CARTESIAN_POINT('',(-7.36853780984,8.06185978326,47.716666648051
    ));
#2010 = CARTESIAN_POINT('',(-9.122376013856,5.585503407969,
    47.827780161781));
#2011 = CARTESIAN_POINT('',(-10.00000031852,2.792525635552,
    47.938887776965));
#2012 = CARTESIAN_POINT('',(-9.999998989139,-5.235983192398,
    48.258336675471));
#2013 = CARTESIAN_POINT('',(-6.914610948501,-10.47355548784,
    48.466655036702));
#2014 = CARTESIAN_POINT('',(-0.753100940404,-13.62264012556,
    48.675027881398));
#2015 = CARTESIAN_POINT('',(6.88963733088,-12.66658821736,
    48.883293579925));
#2016 = CARTESIAN_POINT('',(12.666596489622,-6.889649570656,
    49.091707358554));
#2017 = CARTESIAN_POINT('',(13.622636834873,0.753112013371,
    49.299973057566));
#2018 = CARTESIAN_POINT('',(10.473556098539,6.914604726342,
    49.508345901516));
#2019 = CARTESIAN_POINT('',(5.235983244939,10.000000723329,
    49.716664263464));
#2020 = CARTESIAN_POINT('',(-5.235983192381,9.999998989037,
    50.133336675147));
#2021 = CARTESIAN_POINT('',(-10.47355548786,6.914610948645,
    50.341655037163));
#2022 = CARTESIAN_POINT('',(-13.62264012553,0.753100940241,
    50.550027880873));
#2023 = CARTESIAN_POINT('',(-12.66658821739,-6.889637330734,
    50.758293580402));
#2024 = CARTESIAN_POINT('',(-6.889649570638,-12.66659648972,
    50.966707358211));
#2025 = CARTESIAN_POINT('',(0.753112013361,-13.62263683481,
    51.174973057755));
#2026 = CARTESIAN_POINT('',(6.914604726347,-10.47355609856,
    51.383345901444));
#2027 = CARTESIAN_POINT('',(10.000000723328,-5.235983244935,
    51.591664263477));
#2028 = CARTESIAN_POINT('',(9.999998989037,5.235983192379,
    52.008336675141));
#2029 = CARTESIAN_POINT('',(6.914610948645,10.47355548787,
    52.216655037172));
#2030 = CARTESIAN_POINT('',(0.753100940241,13.622640125533,
    52.425027880865));
#2031 = CARTESIAN_POINT('',(-6.889637330733,12.666588217398,
    52.633293580408));
#2032 = CARTESIAN_POINT('',(-12.66659648972,6.889649570632,
    52.84170735821));
#2033 = CARTESIAN_POINT('',(-13.62263683481,-0.753112013357,
    53.04997305775));
#2034 = CARTESIAN_POINT('',(-10.47355609856,-6.914604726348,
    53.25834590145));
#2035 = CARTESIAN_POINT('',(-5.235983244933,-10.00000072332,
    53.466664263472));
#2036 = CARTESIAN_POINT('',(5.235983192375,-9.999998989038,
    53.883336675153));
#2037 = CARTESIAN_POINT('',(10.473555487892,-6.914610948642,
    54.091655037101));
#2038 = CARTESIAN_POINT('',(13.622640125476,-0.753100940247,
    54.300027881053));
#2039 = CARTESIAN_POINT('',(12.666588217502,6.889637330743,
    54.508293580065));
#2040 = CARTESIAN_POINT('',(6.889649570488,12.666596489712,
    54.716707358686));
#2041 = CARTESIAN_POINT('',(-0.753112013199,13.622636834832,
    54.924973057236));
#2042 = CARTESIAN_POINT('',(-6.914604726484,10.473556098543,
    55.13334590188));
#2043 = CARTESIAN_POINT('',(-10.00000072324,5.235983244953,
    55.341664263206));
#2044 = CARTESIAN_POINT('',(-9.999999671277,-1.117008399368,
    55.594445474016));
#2045 = CARTESIAN_POINT('',(-9.859580421595,-2.234089145481,
    55.638889666227));
#2046 = CARTESIAN_POINT('',(-9.578832063153,-3.330949652007,
    55.683333748555));
#2047 = CARTESIAN_POINT('',(-9.161128787099,-4.387449446408,
    55.727777938688));
#2048 = CARTESIAN_POINT('',(-8.613202583999,-5.384142521847,
    55.77222225725));
#2049 = CARTESIAN_POINT('',(-7.944999012568,-6.302927407571,
    55.816666662799));
#2050 = CARTESIAN_POINT('',(-7.169338809485,-7.127668363035,
    55.861111108374));
#2051 = CARTESIAN_POINT('',(-6.301433039499,-7.844709362325,
    55.905555560236));
#2052 = CARTESIAN_POINT('',(-5.358305989108,-8.443243215707,
    55.950000000129));
#2053 = PCURVE('',#549,#2054);
#2054 = DEFINITIONAL_REPRESENTATION('',(#2055),#2059);
#2055 = LINE('',#2056,#2057);
#2056 = CARTESIAN_POINT('',(4.880001139078E-15,0.));
#2057 = VECTOR('',#2058,1.);
#2058 = DIRECTION('',(2.74186795857E-17,1.));
#2059 = ( GEOMETRIC_REPRESENTATION_CONTEXT(2) 
PARAMETRIC_REPRESENTATION_CONTEXT() REPRESENTATION_CONTEXT('2D SPACE',''
  ) );
#2060 = PCURVE('',#976,#2061);
#2061 = DEFINITIONAL_REPRESENTATION('',(#2062),#2066);
#2062 = LINE('',#2063,#2064);
#2063 = CARTESIAN_POINT('',(0.6,0.));
#2064 = VECTOR('',#2065,1.);
#2065 = DIRECTION('',(4.980705947667E-16,1.));
#2066 = ( GEOMETRIC_REPRESENTATION_CONTEXT(2) 
PARAMETRIC_REPRESENTATION_CONTEXT() REPRESENTATION_CONTEXT('2D SPACE',''
  ) );
#2067 = ORIENTED_EDGE('',*,*,#2068,.F.);
#2068 = EDGE_CURVE('',#2069,#1997,#2071,.T.);
#2069 = VERTEX_POINT('',#2070);
#2070 = CARTESIAN_POINT('',(-9.028415305336,-0.624673574259,46.1));
#2071 = SURFACE_CURVE('',#2072,(#2138,#2233),.PCURVE_S1.);
#2072 = B_SPLINE_CURVE_WITH_KNOTS('',8,(#2073,#2074,#2075,#2076,#2077,
    #2078,#2079,#2080,#2081,#2082,#2083,#2084,#2085,#2086,#2087,#2088,
    #2089,#2090,#2091,#2092,#2093,#2094,#2095,#2096,#2097,#2098,#2099,
    #2100,#2101,#2102,#2103,#2104,#2105,#2106,#2107,#2108,#2109,#2110,
    #2111,#2112,#2113,#2114,#2115,#2116,#2117,#2118,#2119,#2120,#2121,
    #2122,#2123,#2124,#2125,#2126,#2127,#2128,#2129,#2130,#2131,#2132,
    #2133,#2134,#2135,#2136,#2137),.UNSPECIFIED.,.F.,.F.,(9,7,7,7,7,7,7,
    7,7,9),(0.,0.110012296794,0.226034477941,0.34570371827,
    0.469131021799,0.595065343062,0.72617921816,0.859946555272,1.,
    1.214464705347),.UNSPECIFIED.);
#2073 = CARTESIAN_POINT('',(-9.028415305336,-0.624673574259,46.1));
#2074 = CARTESIAN_POINT('',(-9.012182104341,-1.02306004819,
    46.111304024511));
#2075 = CARTESIAN_POINT('',(-8.975880267949,-1.420655016948,
    46.122592326482));
#2076 = CARTESIAN_POINT('',(-8.91958743903,-1.816265526333,
    46.13386465642));
#2077 = CARTESIAN_POINT('',(-8.843467352915,-2.208723158155,
    46.145121184088));
#2078 = CARTESIAN_POINT('',(-8.747762904291,-2.59688298163,
    46.156362277446));
#2079 = CARTESIAN_POINT('',(-8.632793058284,-2.979623323173,
    46.167588289079));
#2080 = CARTESIAN_POINT('',(-8.498953605741,-3.355846354607,
    46.178799350119));
#2081 = CARTESIAN_POINT('',(-8.186173615051,-4.113250780698,
    46.201802612029));
#2082 = CARTESIAN_POINT('',(-8.00515943206,-4.493602571187,
    46.213593775495));
#2083 = CARTESIAN_POINT('',(-7.804235157394,-4.864274677672,
    46.225368310932));
#2084 = CARTESIAN_POINT('',(-7.584043807889,-5.224070950774,
    46.237126301928));
#2085 = CARTESIAN_POINT('',(-7.3453075475,-5.571854866637,
    46.248867993343));
#2086 = CARTESIAN_POINT('',(-7.088824103722,-5.906547883222,
    46.260593550614));
#2087 = CARTESIAN_POINT('',(-6.815467526513,-6.227130571542,
    46.272302851812));
#2088 = CARTESIAN_POINT('',(-6.227825961787,-6.847766107742,
    46.296055315724));
#2089 = CARTESIAN_POINT('',(-5.91250520803,-7.146877222817,
    46.308098174637));
#2090 = CARTESIAN_POINT('',(-5.581275522744,-7.428927106834,
    46.320123261488));
#2091 = CARTESIAN_POINT('',(-5.235245448677,-7.692963491248,
    46.33213046597));
#2092 = CARTESIAN_POINT('',(-4.875581014332,-7.938126685302,
    46.344120001655));
#2093 = CARTESIAN_POINT('',(-4.503502643735,-8.16364639814,
    46.356092187618));
#2094 = CARTESIAN_POINT('',(-4.120285538623,-8.368843296931,
    46.368047205179));
#2095 = CARTESIAN_POINT('',(-3.321899161716,-8.74321476551,
    46.392297340606));
#2096 = CARTESIAN_POINT('',(-2.906076170437,-8.911068931033,
    46.404592193642));
#2097 = CARTESIAN_POINT('',(-2.481254752218,-9.056054296856,
    46.416869170035));
#2098 = CARTESIAN_POINT('',(-2.048920018419,-9.177656078902,
    46.429128698436));
#2099 = CARTESIAN_POINT('',(-1.610578397142,-9.275477167039,
    46.441371543636));
#2100 = CARTESIAN_POINT('',(-1.167755660382,-9.349233243006,
    46.453598222093));
#2101 = CARTESIAN_POINT('',(-0.721996579908,-9.39875405893,
    46.46580814436));
#2102 = CARTESIAN_POINT('',(0.18134613172,-9.449740296501,
    46.490436430927));
#2103 = CARTESIAN_POINT('',(0.639018695307,-9.450211214458,
    46.502855047573));
#2104 = CARTESIAN_POINT('',(1.096493453906,-9.425341450948,
    46.515247144798));
#2105 = CARTESIAN_POINT('',(1.552131505201,-9.375229047649,
    46.527631076076));
#2106 = CARTESIAN_POINT('',(2.00432776615,-9.300060317164,
    46.539990708083));
#2107 = CARTESIAN_POINT('',(2.451495303984,-9.200168503381,
    46.552338470283));
#2108 = CARTESIAN_POINT('',(2.892079457215,-9.075986934206,
    46.564668011192));
#2109 = CARTESIAN_POINT('',(3.774810053902,-8.774100961087,
    46.589798669722));
#2110 = CARTESIAN_POINT('',(4.216312022576,-8.594392500114,
    46.602599091384));
#2111 = CARTESIAN_POINT('',(4.647329638194,-8.389594057763,
    46.61538028705));
#2112 = CARTESIAN_POINT('',(5.066222505762,-8.160471746619,
    46.628141905644));
#2113 = CARTESIAN_POINT('',(5.471430563023,-7.907910370354,
    46.640884117649));
#2114 = CARTESIAN_POINT('',(5.86147168906,-7.632907487834,
    46.653607285533));
#2115 = CARTESIAN_POINT('',(6.234943650298,-7.336574990158,
    46.666311557395));
#2116 = CARTESIAN_POINT('',(6.953313425927,-6.697317595246,
    46.691937923742));
#2117 = CARTESIAN_POINT('',(7.297511675921,-6.353542905941,
    46.704860347178));
#2118 = CARTESIAN_POINT('',(7.621723219325,-5.990128726696,
    46.71776312383));
#2119 = CARTESIAN_POINT('',(7.924684490417,-5.608472181216,
    46.730646542793));
#2120 = CARTESIAN_POINT('',(8.205257949629,-5.210052349708,
    46.743511219977));
#2121 = CARTESIAN_POINT('',(8.462427233203,-4.796425378493,
    46.756357662993));
#2122 = CARTESIAN_POINT('',(8.695299775141,-4.369225262427,
    46.769185893478));
#2123 = CARTESIAN_POINT('',(9.120699945611,-3.470482896528,
    46.795406302584));
#2124 = CARTESIAN_POINT('',(9.310838373376,-2.997755849756,
    46.808797935419));
#2125 = CARTESIAN_POINT('',(9.472652362867,-2.51395725642,
    46.822169117946));
#2126 = CARTESIAN_POINT('',(9.605453656733,-2.021090626601,
    46.835519751411));
#2127 = CARTESIAN_POINT('',(9.708726466917,-1.521188967563,
    46.848850117343));
#2128 = CARTESIAN_POINT('',(9.782119717359,-1.016311649476,
    46.862160466422));
#2129 = CARTESIAN_POINT('',(9.82545062465,-0.508544053183,
    46.875450624627));
#2130 = CARTESIAN_POINT('',(9.859038506082,0.778736651095,
    46.909038506117));
#2131 = CARTESIAN_POINT('',(9.808871222542,1.559546361342,
    46.929314328025));
#2132 = CARTESIAN_POINT('',(9.688139506623,2.334683889354,
    46.949539307027));
#2133 = CARTESIAN_POINT('',(9.497853116486,3.096749454067,
    46.969714400888));
#2134 = CARTESIAN_POINT('',(9.239880783872,3.838654843772,
    46.989843114728));
#2135 = CARTESIAN_POINT('',(8.916869696265,4.553608941457,
    47.009928984602));
#2136 = CARTESIAN_POINT('',(8.532294783365,5.235141062049,47.02997314434
    ));
#2137 = CARTESIAN_POINT('',(8.090619086043,5.877180497195,
    47.049968389553));
#2138 = PCURVE('',#549,#2139);
#2139 = DEFINITIONAL_REPRESENTATION('',(#2140),#2232);
#2140 = B_SPLINE_CURVE_WITH_KNOTS('',3,(#2141,#2142,#2143,#2144,#2145,
    #2146,#2147,#2148,#2149,#2150,#2151,#2152,#2153,#2154,#2155,#2156,
    #2157,#2158,#2159,#2160,#2161,#2162,#2163,#2164,#2165,#2166,#2167,
    #2168,#2169,#2170,#2171,#2172,#2173,#2174,#2175,#2176,#2177,#2178,
    #2179,#2180,#2181,#2182,#2183,#2184,#2185,#2186,#2187,#2188,#2189,
    #2190,#2191,#2192,#2193,#2194,#2195,#2196,#2197,#2198,#2199,#2200,
    #2201,#2202,#2203,#2204,#2205,#2206,#2207,#2208,#2209,#2210,#2211,
    #2212,#2213,#2214,#2215,#2216,#2217,#2218,#2219,#2220,#2221,#2222,
    #2223,#2224,#2225,#2226,#2227,#2228,#2229,#2230,#2231),
  .UNSPECIFIED.,.F.,.F.,(4,1,1,1,1,1,1,1,1,1,1,1,1,1,1,1,1,1,1,1,1,1,1,1
    ,1,1,1,1,1,1,1,1,1,1,1,1,1,1,1,1,1,1,1,1,1,1,1,1,1,1,1,1,1,1,1,1,1,1
    ,1,1,1,1,1,1,1,1,1,1,1,1,1,1,1,1,1,1,1,1,1,1,1,1,1,1,1,1,1,1,4),(0.,
    1.380073528804E-02,2.760147057607E-02,4.140220586411E-02,
    5.520294115215E-02,6.900367644019E-02,8.280441172822E-02,
    9.660514701626E-02,0.110405882304,0.124206617592,0.13800735288,
    0.151808088168,0.165608823456,0.179409558744,0.193210294033,
    0.207011029321,0.220811764609,0.234612499897,0.248413235185,
    0.262213970473,0.276014705761,0.289815441049,0.303616176337,
    0.317416911625,0.331217646913,0.345018382201,0.358819117489,
    0.372619852777,0.386420588065,0.400221323353,0.414022058641,
    0.427822793929,0.441623529217,0.455424264505,0.469224999793,
    0.483025735081,0.496826470369,0.510627205657,0.524427940945,
    0.538228676233,0.552029411521,0.56583014681,0.579630882098,
    0.593431617386,0.607232352674,0.621033087962,0.63483382325,
    0.648634558538,0.662435293826,0.676236029114,0.690036764402,
    0.70383749969,0.717638234978,0.731438970266,0.745239705554,
    0.759040440842,0.77284117613,0.786641911418,0.800442646706,
    0.814243381994,0.828044117282,0.84184485257,0.855645587858,
    0.869446323146,0.883247058434,0.897047793722,0.91084852901,
    0.924649264298,0.938449999587,0.952250734875,0.966051470163,
    0.979852205451,0.993652940739,1.007453676027,1.021254411315,
    1.035055146603,1.048855881891,1.062656617179,1.076457352467,
    1.090258087755,1.104058823043,1.117859558331,1.131660293619,
    1.145461028907,1.159261764195,1.173062499483,1.186863234771,
    1.200663970059,1.214464705347),.QUASI_UNIFORM_KNOTS.);
#2141 = CARTESIAN_POINT('',(1.084234724388,3.455489243797));
#2142 = CARTESIAN_POINT('',(1.079918020912,3.471344890009));
#2143 = CARTESIAN_POINT('',(1.071289633418,3.503037038294));
#2144 = CARTESIAN_POINT('',(1.05836228144,3.550517739324));
#2145 = CARTESIAN_POINT('',(1.045450365536,3.597940685915));
#2146 = CARTESIAN_POINT('',(1.032553966784,3.645306149238));
#2147 = CARTESIAN_POINT('',(1.019673130796,3.692614517842));
#2148 = CARTESIAN_POINT('',(1.006807908929,3.739866147505));
#2149 = CARTESIAN_POINT('',(0.993958350958,3.787061354139));
#2150 = CARTESIAN_POINT('',(0.981124707409,3.834199613069));
#2151 = CARTESIAN_POINT('',(0.968306833129,3.881281771312));
#2152 = CARTESIAN_POINT('',(0.955504608534,3.928308411098));
#2153 = CARTESIAN_POINT('',(0.94271816831,3.975279095669));
#2154 = CARTESIAN_POINT('',(0.929947398232,4.022194135188));
#2155 = CARTESIAN_POINT('',(0.91719212663,4.069053895595));
#2156 = CARTESIAN_POINT('',(0.904452139012,4.115858780989));
#2157 = CARTESIAN_POINT('',(0.891727238221,4.162609037712));
#2158 = CARTESIAN_POINT('',(0.879017281466,4.209304620646));
#2159 = CARTESIAN_POINT('',(0.8663222576,4.255944975194));
#2160 = CARTESIAN_POINT('',(0.853641505787,4.302531925404));
#2161 = CARTESIAN_POINT('',(0.840975120151,4.349064595204));
#2162 = CARTESIAN_POINT('',(0.828322961806,4.39554310583));
#2163 = CARTESIAN_POINT('',(0.81568490948,4.441967651036));
#2164 = CARTESIAN_POINT('',(0.803060865512,4.48833855848));
#2165 = CARTESIAN_POINT('',(0.79045083436,4.53465605197));
#2166 = CARTESIAN_POINT('',(0.777854922411,4.580920268016));
#2167 = CARTESIAN_POINT('',(0.765273515796,4.627130564409));
#2168 = CARTESIAN_POINT('',(0.752706785681,4.67328738299));
#2169 = CARTESIAN_POINT('',(0.740154790565,4.719391685219));
#2170 = CARTESIAN_POINT('',(0.727618091559,4.765442721652));
#2171 = CARTESIAN_POINT('',(0.715096952036,4.811440724582));
#2172 = CARTESIAN_POINT('',(0.702591514828,4.857385999533));
#2173 = CARTESIAN_POINT('',(0.690101699418,4.903279011547));
#2174 = CARTESIAN_POINT('',(0.677627179044,4.949120141423));
#2175 = CARTESIAN_POINT('',(0.665167163503,4.994909803047));
#2176 = CARTESIAN_POINT('',(0.652720688595,5.040647450219));
#2177 = CARTESIAN_POINT('',(0.640284897812,5.086334636581));
#2178 = CARTESIAN_POINT('',(0.627858979714,5.131970441167));
#2179 = CARTESIAN_POINT('',(0.615446115529,5.177554483561));
#2180 = CARTESIAN_POINT('',(0.60304734845,5.223087302246));
#2181 = CARTESIAN_POINT('',(0.590663428011,5.268569367933));
#2182 = CARTESIAN_POINT('',(0.578294565823,5.314001202084));
#2183 = CARTESIAN_POINT('',(0.565940683768,5.359383160684));
#2184 = CARTESIAN_POINT('',(0.553601533325,5.404715448417));
#2185 = CARTESIAN_POINT('',(0.541276988126,5.449997568381));
#2186 = CARTESIAN_POINT('',(0.528966624891,5.495229759195));
#2187 = CARTESIAN_POINT('',(0.516669739574,5.540413365011));
#2188 = CARTESIAN_POINT('',(0.504386303442,5.585547398341));
#2189 = CARTESIAN_POINT('',(0.492116050893,5.630631968937));
#2190 = CARTESIAN_POINT('',(0.479858767765,5.675667219091));
#2191 = CARTESIAN_POINT('',(0.467614271551,5.72065344022));
#2192 = CARTESIAN_POINT('',(0.455382459004,5.765590900418));
#2193 = CARTESIAN_POINT('',(0.443163342212,5.810479676727));
#2194 = CARTESIAN_POINT('',(0.430957001312,5.855319760289));
#2195 = CARTESIAN_POINT('',(0.418763852944,5.900110041174));
#2196 = CARTESIAN_POINT('',(0.406583450078,5.94485269341));
#2197 = CARTESIAN_POINT('',(0.394416105856,5.989547080342));
#2198 = CARTESIAN_POINT('',(0.382262023745,6.034193049566));
#2199 = CARTESIAN_POINT('',(0.37012130429,6.078790743597));
#2200 = CARTESIAN_POINT('',(0.357993976374,6.123340480344));
#2201 = CARTESIAN_POINT('',(0.345880030937,6.167842628192));
#2202 = CARTESIAN_POINT('',(0.333779453101,6.212297480803));
#2203 = CARTESIAN_POINT('',(0.321692242489,6.25670516117));
#2204 = CARTESIAN_POINT('',(0.309618461595,6.30106540614));
#2205 = CARTESIAN_POINT('',(0.297558200876,6.345377771887));
#2206 = CARTESIAN_POINT('',(0.285510781466,6.389644488663));
#2207 = CARTESIAN_POINT('',(0.273476413313,6.433864440529));
#2208 = CARTESIAN_POINT('',(0.261454971216,6.478037720771));
#2209 = CARTESIAN_POINT('',(0.249446290886,6.522164469378));
#2210 = CARTESIAN_POINT('',(0.237450141939,6.566245027257));
#2211 = CARTESIAN_POINT('',(0.225466292936,6.610279744235));
#2212 = CARTESIAN_POINT('',(0.213494540648,6.654268899218));
#2213 = CARTESIAN_POINT('',(0.20153475693,6.698212538037));
#2214 = CARTESIAN_POINT('',(0.189586865757,6.742110524386));
#2215 = CARTESIAN_POINT('',(0.177651085468,6.785961793005));
#2216 = CARTESIAN_POINT('',(0.165725853745,6.829771921832));
#2217 = CARTESIAN_POINT('',(0.153811840357,6.87353797526));
#2218 = CARTESIAN_POINT('',(0.141909307401,6.917259137029));
#2219 = CARTESIAN_POINT('',(0.130018469751,6.960934793956));
#2220 = CARTESIAN_POINT('',(0.118139398207,7.004564870885));
#2221 = CARTESIAN_POINT('',(0.106272084361,7.048149581477));
#2222 = CARTESIAN_POINT('',(9.441647802091E-02,7.091689350796));
#2223 = CARTESIAN_POINT('',(8.257253096168E-02,7.135184703225));
#2224 = CARTESIAN_POINT('',(7.074022752036E-02,7.178636166744));
#2225 = CARTESIAN_POINT('',(5.891960278019E-02,7.222044176556));
#2226 = CARTESIAN_POINT('',(4.711075130446E-02,7.265408975859));
#2227 = CARTESIAN_POINT('',(3.531382933578E-02,7.30873052086));
#2228 = CARTESIAN_POINT('',(2.352907923338E-02,7.352008345979));
#2229 = CARTESIAN_POINT('',(1.17568279185E-02,7.395241541903));
#2230 = CARTESIAN_POINT('',(3.917421149853E-03,7.424032690653));
#2231 = CARTESIAN_POINT('',(0.,7.438420256785));
#2232 = ( GEOMETRIC_REPRESENTATION_CONTEXT(2) 
PARAMETRIC_REPRESENTATION_CONTEXT() REPRESENTATION_CONTEXT('2D SPACE',''
  ) );
#2233 = PCURVE('',#886,#2234);
#2234 = DEFINITIONAL_REPRESENTATION('',(#2235),#2327);
#2235 = B_SPLINE_CURVE_WITH_KNOTS('',3,(#2236,#2237,#2238,#2239,#2240,
    #2241,#2242,#2243,#2244,#2245,#2246,#2247,#2248,#2249,#2250,#2251,
    #2252,#2253,#2254,#2255,#2256,#2257,#2258,#2259,#2260,#2261,#2262,
    #2263,#2264,#2265,#2266,#2267,#2268,#2269,#2270,#2271,#2272,#2273,
    #2274,#2275,#2276,#2277,#2278,#2279,#2280,#2281,#2282,#2283,#2284,
    #2285,#2286,#2287,#2288,#2289,#2290,#2291,#2292,#2293,#2294,#2295,
    #2296,#2297,#2298,#2299,#2300,#2301,#2302,#2303,#2304,#2305,#2306,
    #2307,#2308,#2309,#2310,#2311,#2312,#2313,#2314,#2315,#2316,#2317,
    #2318,#2319,#2320,#2321,#2322,#2323,#2324,#2325,#2326),
  .UNSPECIFIED.,.F.,.F.,(4,1,1,1,1,1,1,1,1,1,1,1,1,1,1,1,1,1,1,1,1,1,1,1
    ,1,1,1,1,1,1,1,1,1,1,1,1,1,1,1,1,1,1,1,1,1,1,1,1,1,1,1,1,1,1,1,1,1,1
    ,1,1,1,1,1,1,1,1,1,1,1,1,1,1,1,1,1,1,1,1,1,1,1,1,1,1,1,1,1,1,4),(0.,
    1.380073528804E-02,2.760147057607E-02,4.140220586411E-02,
    5.520294115215E-02,6.900367644019E-02,8.280441172822E-02,
    9.660514701626E-02,0.110405882304,0.124206617592,0.13800735288,
    0.151808088168,0.165608823456,0.179409558744,0.193210294033,
    0.207011029321,0.220811764609,0.234612499897,0.248413235185,
    0.262213970473,0.276014705761,0.289815441049,0.303616176337,
    0.317416911625,0.331217646913,0.345018382201,0.358819117489,
    0.372619852777,0.386420588065,0.400221323353,0.414022058641,
    0.427822793929,0.441623529217,0.455424264505,0.469224999793,
    0.483025735081,0.496826470369,0.510627205657,0.524427940945,
    0.538228676233,0.552029411521,0.56583014681,0.579630882098,
    0.593431617386,0.607232352674,0.621033087962,0.63483382325,
    0.648634558538,0.662435293826,0.676236029114,0.690036764402,
    0.70383749969,0.717638234978,0.731438970266,0.745239705554,
    0.759040440842,0.77284117613,0.786641911418,0.800442646706,
    0.814243381994,0.828044117282,0.84184485257,0.855645587858,
    0.869446323146,0.883247058434,0.897047793722,0.91084852901,
    0.924649264298,0.938449999587,0.952250734875,0.966051470163,
    0.979852205451,0.993652940739,1.007453676027,1.021254411315,
    1.035055146603,1.048855881891,1.062656617179,1.076457352467,
    1.090258087755,1.104058823043,1.117859558331,1.131660293619,
    1.145461028907,1.159261764195,1.173062499483,1.186863234771,
    1.200663970059,1.214464705347),.QUASI_UNIFORM_KNOTS.);
#2236 = CARTESIAN_POINT('',(3.210672286104,-0.95));
#2237 = CARTESIAN_POINT('',(3.225404650363,-0.946218501692));
#2238 = CARTESIAN_POINT('',(3.254851632573,-0.938660161927));
#2239 = CARTESIAN_POINT('',(3.298968778324,-0.927336576245));
#2240 = CARTESIAN_POINT('',(3.343032376436,-0.91602690477));
#2241 = CARTESIAN_POINT('',(3.387042666843,-0.90473100885));
#2242 = CARTESIAN_POINT('',(3.430999992966,-0.89344871912));
#2243 = CARTESIAN_POINT('',(3.474904661808,-0.88217987899));
#2244 = CARTESIAN_POINT('',(3.518756938236,-0.870924350897));
#2245 = CARTESIAN_POINT('',(3.562556301866,-0.85968220541));
#2246 = CARTESIAN_POINT('',(3.606303503947,-0.848453203452));
#2247 = CARTESIAN_POINT('',(3.64999904827,-0.83723717795));
#2248 = CARTESIAN_POINT('',(3.693642492199,-0.826034233174));
#2249 = CARTESIAN_POINT('',(3.737234089346,-0.814844310629));
#2250 = CARTESIAN_POINT('',(3.780774149347,-0.80366735398));
#2251 = CARTESIAN_POINT('',(3.824263023504,-0.792503316158));
#2252 = CARTESIAN_POINT('',(3.867700924642,-0.781352204632));
#2253 = CARTESIAN_POINT('',(3.911087804567,-0.770214104859));
#2254 = CARTESIAN_POINT('',(3.954423152894,-0.759089228745));
#2255 = CARTESIAN_POINT('',(3.997708681475,-0.747977216859));
#2256 = CARTESIAN_POINT('',(4.04094360598,-0.736878346795));
#2257 = CARTESIAN_POINT('',(4.08412808116,-0.725792649373));
#2258 = CARTESIAN_POINT('',(4.127262340585,-0.714720108731));
#2259 = CARTESIAN_POINT('',(4.170346751947,-0.703660647574));
#2260 = CARTESIAN_POINT('',(4.213381593513,-0.692614182082));
#2261 = CARTESIAN_POINT('',(4.256367065913,-0.681580615402));
#2262 = CARTESIAN_POINT('',(4.299302645115,-0.670559994854));
#2263 = CARTESIAN_POINT('',(4.342188807712,-0.659552081606));
#2264 = CARTESIAN_POINT('',(4.385026500039,-0.648556476683));
#2265 = CARTESIAN_POINT('',(4.427815058673,-0.637573193099));
#2266 = CARTESIAN_POINT('',(4.470554704168,-0.626602022925));
#2267 = CARTESIAN_POINT('',(4.513245689537,-0.615642776822));
#2268 = CARTESIAN_POINT('',(4.555888368786,-0.604695312739));
#2269 = CARTESIAN_POINT('',(4.598482974443,-0.593759640862));
#2270 = CARTESIAN_POINT('',(4.64102967329,-0.582835993526));
#2271 = CARTESIAN_POINT('',(4.683527807232,-0.571925005054));
#2272 = CARTESIAN_POINT('',(4.725978095904,-0.56102754847));
#2273 = CARTESIAN_POINT('',(4.76838132206,-0.550144199498));
#2274 = CARTESIAN_POINT('',(4.810736906281,-0.539273888308));
#2275 = CARTESIAN_POINT('',(4.853045032268,-0.528415670847));
#2276 = CARTESIAN_POINT('',(4.895305937283,-0.517569059632));
#2277 = CARTESIAN_POINT('',(4.937519957626,-0.506733820301));
#2278 = CARTESIAN_POINT('',(4.97968733386,-0.495909812792));
#2279 = CARTESIAN_POINT('',(5.021808211584,-0.48509701383));
#2280 = CARTESIAN_POINT('',(5.063882123439,-0.474295788254));
#2281 = CARTESIAN_POINT('',(5.10590931376,-0.463506162777));
#2282 = CARTESIAN_POINT('',(5.147891076043,-0.452728001942));
#2283 = CARTESIAN_POINT('',(5.189826551415,-0.441961680499));
#2284 = CARTESIAN_POINT('',(5.231715908444,-0.431207292867));
#2285 = CARTESIAN_POINT('',(5.273559348389,-0.420464885242));
#2286 = CARTESIAN_POINT('',(5.31535720912,-0.409734434109));
#2287 = CARTESIAN_POINT('',(5.357109801393,-0.399015890966));
#2288 = CARTESIAN_POINT('',(5.398817250417,-0.388309225617));
#2289 = CARTESIAN_POINT('',(5.440479591783,-0.377614401991));
#2290 = CARTESIAN_POINT('',(5.48209582723,-0.366931628065));
#2291 = CARTESIAN_POINT('',(5.523667998634,-0.356260321423));
#2292 = CARTESIAN_POINT('',(5.565195525446,-0.345600553353));
#2293 = CARTESIAN_POINT('',(5.606678266933,-0.334952296152));
#2294 = CARTESIAN_POINT('',(5.64811634725,-0.324315449934));
#2295 = CARTESIAN_POINT('',(5.689510045745,-0.313689879135));
#2296 = CARTESIAN_POINT('',(5.730859682409,-0.303075449468));
#2297 = CARTESIAN_POINT('',(5.772165503165,-0.292472062303));
#2298 = CARTESIAN_POINT('',(5.813427592319,-0.281879677275));
#2299 = CARTESIAN_POINT('',(5.854645673879,-0.271298357593));
#2300 = CARTESIAN_POINT('',(5.895819303956,-0.260728228905));
#2301 = CARTESIAN_POINT('',(5.936950524582,-0.250168787304));
#2302 = CARTESIAN_POINT('',(5.978038271002,-0.239620339502));
#2303 = CARTESIAN_POINT('',(6.019082605386,-0.229082924458));
#2304 = CARTESIAN_POINT('',(6.060083637261,-0.218556568534));
#2305 = CARTESIAN_POINT('',(6.101041667291,-0.208041250953));
#2306 = CARTESIAN_POINT('',(6.141957009153,-0.197536950934));
#2307 = CARTESIAN_POINT('',(6.182829915401,-0.187043665808));
#2308 = CARTESIAN_POINT('',(6.223660426648,-0.176561445686));
#2309 = CARTESIAN_POINT('',(6.264448418564,-0.166090370593));
#2310 = CARTESIAN_POINT('',(6.305192907564,-0.155630741279));
#2311 = CARTESIAN_POINT('',(6.345899085893,-0.145181268622));
#2312 = CARTESIAN_POINT('',(6.386564237843,-0.134742618716));
#2313 = CARTESIAN_POINT('',(6.427187619126,-0.124315020482));
#2314 = CARTESIAN_POINT('',(6.467768675317,-0.11389863073));
#2315 = CARTESIAN_POINT('',(6.508307352334,-0.103493451627));
#2316 = CARTESIAN_POINT('',(6.548803864188,-9.309939021219E-02));
#2317 = CARTESIAN_POINT('',(6.589258620459,-8.271628887144E-02));
#2318 = CARTESIAN_POINT('',(6.629672121617,-7.234396310261E-02));
#2319 = CARTESIAN_POINT('',(6.670044869628,-6.198223102613E-02));
#2320 = CARTESIAN_POINT('',(6.710377278039,-5.16309362881E-02));
#2321 = CARTESIAN_POINT('',(6.750669579477,-4.12899661245E-02));
#2322 = CARTESIAN_POINT('',(6.790921737238,-3.095926526421E-02));
#2323 = CARTESIAN_POINT('',(6.831133319913,-2.063886658538E-02));
#2324 = CARTESIAN_POINT('',(6.871303481351,-1.032889477545E-02));
#2325 = CARTESIAN_POINT('',(6.898054829918,-3.462799484869E-03));
#2326 = CARTESIAN_POINT('',(6.911423069697,-3.161044717093E-05));
#2327 = ( GEOMETRIC_REPRESENTATION_CONTEXT(2) 
PARAMETRIC_REPRESENTATION_CONTEXT() REPRESENTATION_CONTEXT('2D SPACE',''
  ) );
#2328 = ORIENTED_EDGE('',*,*,#2329,.F.);
#2329 = EDGE_CURVE('',#464,#2069,#2330,.T.);
#2330 = SURFACE_CURVE('',#2331,(#2374,#2420),.PCURVE_S1.);
#2331 = B_SPLINE_CURVE_WITH_KNOTS('',6,(#2332,#2333,#2334,#2335,#2336,
    #2337,#2338,#2339,#2340,#2341,#2342,#2343,#2344,#2345,#2346,#2347,
    #2348,#2349,#2350,#2351,#2352,#2353,#2354,#2355,#2356,#2357,#2358,
    #2359,#2360,#2361,#2362,#2363,#2364,#2365,#2366,#2367,#2368,#2369,
    #2370,#2371,#2372,#2373),.UNSPECIFIED.,.F.,.F.,(7,5,5,5,5,5,5,5,7),(
    0.,0.466683237983,0.7298572283,0.863667140418,0.931128483805,
    0.965615092666,0.982894512984,0.991540244074,1.),.UNSPECIFIED.);
#2332 = CARTESIAN_POINT('',(-9.000026666894,2.435463052987E-05,46.1));
#2333 = CARTESIAN_POINT('',(-9.068652963639,-0.853739714712,46.1));
#2334 = CARTESIAN_POINT('',(-9.039485610311,-1.715681733985,46.1));
#2335 = CARTESIAN_POINT('',(-8.912369793191,-2.571330620579,46.1));
#2336 = CARTESIAN_POINT('',(-8.690124073113,-3.407290754832,46.1));
#2337 = CARTESIAN_POINT('',(-8.377416596747,-4.211099178094,46.1));
#2338 = CARTESIAN_POINT('',(-7.757965575736,-5.400120175298,46.1));
#2339 = CARTESIAN_POINT('',(-7.508049645086,-5.815088760016,46.1));
#2340 = CARTESIAN_POINT('',(-7.232806225685,-6.21429181865,46.1));
#2341 = CARTESIAN_POINT('',(-6.933635390283,-6.595923521707,46.1));
#2342 = CARTESIAN_POINT('',(-6.612079822488,-6.958344130943,46.1));
#2343 = CARTESIAN_POINT('',(-6.095818177769,-7.47384519987,46.1));
#2344 = CARTESIAN_POINT('',(-5.916452395525,-7.642259772987,46.1));
#2345 = CARTESIAN_POINT('',(-5.731956184287,-7.805139677318,46.1));
#2346 = CARTESIAN_POINT('',(-5.542557520181,-7.962306756215,46.1));
#2347 = CARTESIAN_POINT('',(-5.348491426687,-8.113595878304,46.1));
#2348 = CARTESIAN_POINT('',(-5.04992891269,-8.332088460449,46.1));
#2349 = CARTESIAN_POINT('',(-4.948732938621,-8.403789331281,46.1));
#2350 = CARTESIAN_POINT('',(-4.846442998036,-8.473938084297,46.1));
#2351 = CARTESIAN_POINT('',(-4.743090383379,-8.542516121246,46.1));
#2352 = CARTESIAN_POINT('',(-4.638706733939,-8.609505711313,46.1));
#2353 = CARTESIAN_POINT('',(-4.479451822415,-8.708314793682,46.1));
#2354 = CARTESIAN_POINT('',(-4.425318523458,-8.741320079762,46.1));
#2355 = CARTESIAN_POINT('',(-4.370928409741,-8.773903597021,46.1));
#2356 = CARTESIAN_POINT('',(-4.31628577199,-8.806063152877,46.1));
#2357 = CARTESIAN_POINT('',(-4.261394920905,-8.837796614505,46.1));
#2358 = CARTESIAN_POINT('',(-4.178635080764,-8.884787340273,46.1));
#2359 = CARTESIAN_POINT('',(-4.150948747939,-8.900365281046,46.1));
#2360 = CARTESIAN_POINT('',(-4.123201733339,-8.915835470397,46.1));
#2361 = CARTESIAN_POINT('',(-4.095394582768,-8.931197651349,46.1));
#2362 = CARTESIAN_POINT('',(-4.067527843174,-8.946451570698,46.1));
#2363 = CARTESIAN_POINT('',(-4.025629441771,-8.969174960524,46.1));
#2364 = CARTESIAN_POINT('',(-4.011640093794,-8.976726832009,46.1));
#2365 = CARTESIAN_POINT('',(-3.99763407958,-8.984252548075,46.1));
#2366 = CARTESIAN_POINT('',(-3.983611460158,-8.991752063512,46.1));
#2367 = CARTESIAN_POINT('',(-3.969572296722,-8.999225333298,46.1));
#2368 = CARTESIAN_POINT('',(-3.9417633504,-9.013959102658,46.1));
#2369 = CARTESIAN_POINT('',(-3.927996123149,-9.021219736508,46.1));
#2370 = CARTESIAN_POINT('',(-3.914215070506,-9.028454170542,46.1));
#2371 = CARTESIAN_POINT('',(-3.900420266722,-9.035662371972,46.1));
#2372 = CARTESIAN_POINT('',(-3.886611758664,-9.042844318836,46.1));
#2373 = CARTESIAN_POINT('',(-3.872789565812,-9.05,46.1));
#2374 = PCURVE('',#549,#2375);
#2375 = DEFINITIONAL_REPRESENTATION('',(#2376),#2419);
#2376 = B_SPLINE_CURVE_WITH_KNOTS('',6,(#2377,#2378,#2379,#2380,#2381,
    #2382,#2383,#2384,#2385,#2386,#2387,#2388,#2389,#2390,#2391,#2392,
    #2393,#2394,#2395,#2396,#2397,#2398,#2399,#2400,#2401,#2402,#2403,
    #2404,#2405,#2406,#2407,#2408,#2409,#2410,#2411,#2412,#2413,#2414,
    #2415,#2416,#2417,#2418),.UNSPECIFIED.,.F.,.F.,(7,5,5,5,5,5,5,5,7),(
    0.,0.466683237983,0.7298572283,0.863667140418,0.931128483805,
    0.965615092666,0.982894512984,0.991540244074,1.),.UNSPECIFIED.);
#2377 = CARTESIAN_POINT('',(1.141271221051,3.381139512219));
#2378 = CARTESIAN_POINT('',(1.06294974614,3.483235201313));
#2379 = CARTESIAN_POINT('',(0.985312159545,3.584439422513));
#2380 = CARTESIAN_POINT('',(0.908368077479,3.684739638684));
#2381 = CARTESIAN_POINT('',(0.832071635187,3.784195618742));
#2382 = CARTESIAN_POINT('',(0.756389232797,3.882851135731));
#2383 = CARTESIAN_POINT('',(0.639016227522,4.035852243251));
#2384 = CARTESIAN_POINT('',(0.596887703482,4.090768702284));
#2385 = CARTESIAN_POINT('',(0.554951629299,4.145434286727));
#2386 = CARTESIAN_POINT('',(0.513203637211,4.199854694062));
#2387 = CARTESIAN_POINT('',(0.471639873242,4.254034956805));
#2388 = CARTESIAN_POINT('',(0.409219414413,4.335402896314));
#2389 = CARTESIAN_POINT('',(0.388226685784,4.36276788776));
#2390 = CARTESIAN_POINT('',(0.36728068306,4.390071975295));
#2391 = CARTESIAN_POINT('',(0.346381038231,4.417315640027));
#2392 = CARTESIAN_POINT('',(0.325527396506,4.44449934574));
#2393 = CARTESIAN_POINT('',(0.294228905747,4.485298419026));
#2394 = CARTESIAN_POINT('',(0.283749997718,4.498958177078));
#2395 = CARTESIAN_POINT('',(0.273282647287,4.512602871775));
#2396 = CARTESIAN_POINT('',(0.262826810001,4.52623256117));
#2397 = CARTESIAN_POINT('',(0.252382441897,4.539847302646));
#2398 = CARTESIAN_POINT('',(0.236616122105,4.560399470981));
#2399 = CARTESIAN_POINT('',(0.231285730501,4.567347897647));
#2400 = CARTESIAN_POINT('',(0.225958318848,4.574292440526));
#2401 = CARTESIAN_POINT('',(0.220633881326,4.581233107203));
#2402 = CARTESIAN_POINT('',(0.215312412135,4.588169905235));
#2403 = CARTESIAN_POINT('',(0.207329082403,4.598576571083));
#2404 = CARTESIAN_POINT('',(0.20466500305,4.602049330693));
#2405 = CARTESIAN_POINT('',(0.202001666709,4.605521121928));
#2406 = CARTESIAN_POINT('',(0.199339072654,4.608991945735));
#2407 = CARTESIAN_POINT('',(0.196677220157,4.612461803059));
#2408 = CARTESIAN_POINT('',(0.192684625409,4.617666349456));
#2409 = CARTESIAN_POINT('',(0.191353142325,4.61940200411));
#2410 = CARTESIAN_POINT('',(0.190021659241,4.621137658809));
#2411 = CARTESIAN_POINT('',(0.188690176157,4.62287331355));
#2412 = CARTESIAN_POINT('',(0.187358693074,4.624608968334));
#2413 = CARTESIAN_POINT('',(0.184724367952,4.628042942951));
#2414 = CARTESIAN_POINT('',(0.183421797355,4.629740908944));
#2415 = CARTESIAN_POINT('',(0.182119319722,4.631438753795));
#2416 = CARTESIAN_POINT('',(0.18081688799,4.633136538854));
#2417 = CARTESIAN_POINT('',(0.179514586512,4.634834154159));
#2418 = CARTESIAN_POINT('',(0.178212631058,4.636531318443));
#2419 = ( GEOMETRIC_REPRESENTATION_CONTEXT(2) 
PARAMETRIC_REPRESENTATION_CONTEXT() REPRESENTATION_CONTEXT('2D SPACE',''
  ) );
#2420 = PCURVE('',#706,#2421);
#2421 = DEFINITIONAL_REPRESENTATION('',(#2422),#2465);
#2422 = B_SPLINE_CURVE_WITH_KNOTS('',6,(#2423,#2424,#2425,#2426,#2427,
    #2428,#2429,#2430,#2431,#2432,#2433,#2434,#2435,#2436,#2437,#2438,
    #2439,#2440,#2441,#2442,#2443,#2444,#2445,#2446,#2447,#2448,#2449,
    #2450,#2451,#2452,#2453,#2454,#2455,#2456,#2457,#2458,#2459,#2460,
    #2461,#2462,#2463,#2464),.UNSPECIFIED.,.F.,.F.,(7,5,5,5,5,5,5,5,7),(
    0.,0.466683237983,0.7298572283,0.863667140418,0.931128483805,
    0.965615092666,0.982894512984,0.991540244074,1.),.UNSPECIFIED.);
#2423 = CARTESIAN_POINT('',(-9.000026666894,2.435463052919E-05));
#2424 = CARTESIAN_POINT('',(-9.068652963639,-0.853739714712));
#2425 = CARTESIAN_POINT('',(-9.039485610311,-1.715681733985));
#2426 = CARTESIAN_POINT('',(-8.912369793191,-2.571330620579));
#2427 = CARTESIAN_POINT('',(-8.690124073113,-3.407290754832));
#2428 = CARTESIAN_POINT('',(-8.377416596747,-4.211099178094));
#2429 = CARTESIAN_POINT('',(-7.757965575736,-5.400120175298));
#2430 = CARTESIAN_POINT('',(-7.508049645086,-5.815088760016));
#2431 = CARTESIAN_POINT('',(-7.232806225685,-6.21429181865));
#2432 = CARTESIAN_POINT('',(-6.933635390283,-6.595923521707));
#2433 = CARTESIAN_POINT('',(-6.612079822488,-6.958344130943));
#2434 = CARTESIAN_POINT('',(-6.095818177769,-7.47384519987));
#2435 = CARTESIAN_POINT('',(-5.916452395525,-7.642259772987));
#2436 = CARTESIAN_POINT('',(-5.731956184287,-7.805139677318));
#2437 = CARTESIAN_POINT('',(-5.542557520181,-7.962306756215));
#2438 = CARTESIAN_POINT('',(-5.348491426687,-8.113595878304));
#2439 = CARTESIAN_POINT('',(-5.04992891269,-8.332088460449));
#2440 = CARTESIAN_POINT('',(-4.948732938621,-8.403789331281));
#2441 = CARTESIAN_POINT('',(-4.846442998036,-8.473938084297));
#2442 = CARTESIAN_POINT('',(-4.743090383379,-8.542516121246));
#2443 = CARTESIAN_POINT('',(-4.638706733939,-8.609505711313));
#2444 = CARTESIAN_POINT('',(-4.479451822415,-8.708314793682));
#2445 = CARTESIAN_POINT('',(-4.425318523458,-8.741320079762));
#2446 = CARTESIAN_POINT('',(-4.370928409741,-8.773903597021));
#2447 = CARTESIAN_POINT('',(-4.31628577199,-8.806063152877));
#2448 = CARTESIAN_POINT('',(-4.261394920905,-8.837796614505));
#2449 = CARTESIAN_POINT('',(-4.178635080764,-8.884787340273));
#2450 = CARTESIAN_POINT('',(-4.150948747939,-8.900365281046));
#2451 = CARTESIAN_POINT('',(-4.123201733339,-8.915835470397));
#2452 = CARTESIAN_POINT('',(-4.095394582768,-8.931197651349));
#2453 = CARTESIAN_POINT('',(-4.067527843174,-8.946451570698));
#2454 = CARTESIAN_POINT('',(-4.025629441771,-8.969174960524));
#2455 = CARTESIAN_POINT('',(-4.011640093794,-8.976726832009));
#2456 = CARTESIAN_POINT('',(-3.99763407958,-8.984252548075));
#2457 = CARTESIAN_POINT('',(-3.983611460158,-8.991752063512));
#2458 = CARTESIAN_POINT('',(-3.969572296722,-8.999225333298));
#2459 = CARTESIAN_POINT('',(-3.9417633504,-9.013959102658));
#2460 = CARTESIAN_POINT('',(-3.927996123149,-9.021219736508));
#2461 = CARTESIAN_POINT('',(-3.914215070506,-9.028454170542));
#2462 = CARTESIAN_POINT('',(-3.900420266722,-9.035662371972));
#2463 = CARTESIAN_POINT('',(-3.886611758664,-9.042844318836));
#2464 = CARTESIAN_POINT('',(-3.872789565812,-9.05));
#2465 = ( GEOMETRIC_REPRESENTATION_CONTEXT(2) 
PARAMETRIC_REPRESENTATION_CONTEXT() REPRESENTATION_CONTEXT('2D SPACE',''
  ) );
#2466 = ORIENTED_EDGE('',*,*,#463,.T.);
#2467 = ORIENTED_EDGE('',*,*,#1871,.T.);
#2468 = ORIENTED_EDGE('',*,*,#2469,.T.);
#2469 = EDGE_CURVE('',#1872,#2470,#2472,.T.);
#2470 = VERTEX_POINT('',#2471);
#2471 = CARTESIAN_POINT('',(8.999999800544,8.60559708458E-12,
    52.350000000694));
#2472 = SURFACE_CURVE('',#2473,(#2540,#2547),.PCURVE_S1.);
#2473 = B_SPLINE_CURVE_WITH_KNOTS('',9,(#2474,#2475,#2476,#2477,#2478,
    #2479,#2480,#2481,#2482,#2483,#2484,#2485,#2486,#2487,#2488,#2489,
    #2490,#2491,#2492,#2493,#2494,#2495,#2496,#2497,#2498,#2499,#2500,
    #2501,#2502,#2503,#2504,#2505,#2506,#2507,#2508,#2509,#2510,#2511,
    #2512,#2513,#2514,#2515,#2516,#2517,#2518,#2519,#2520,#2521,#2522,
    #2523,#2524,#2525,#2526,#2527,#2528,#2529,#2530,#2531,#2532,#2533,
    #2534,#2535,#2536,#2537,#2538,#2539),.UNSPECIFIED.,.F.,.F.,(10,8,8,8
    ,8,8,8,8,10),(0.,5.071709268329,10.143418536657,15.215127804986,
    20.286837073315,25.358546341643,30.430255609972,35.501964878301,
    40.573674146629),.UNSPECIFIED.);
#2474 = CARTESIAN_POINT('',(9.,-6.217248937901E-15,44.85));
#2475 = CARTESIAN_POINT('',(8.999996384672,4.712388727226,
    45.058333333333));
#2476 = CARTESIAN_POINT('',(6.223155150586,9.426184004952,
    45.266666666667));
#2477 = CARTESIAN_POINT('',(0.677787019396,12.260406987763,
    45.474999999995));
#2478 = CARTESIAN_POINT('',(-6.200681377514,11.399890151797,
    45.683333333346));
#2479 = CARTESIAN_POINT('',(-11.39991440018,6.200716950816,
    45.891666666648));
#2480 = CARTESIAN_POINT('',(-12.26039727817,-0.677819716956,
    46.100000000016));
#2481 = CARTESIAN_POINT('',(-9.426185775057,-6.223136611396,
    46.308333333325));
#2482 = CARTESIAN_POINT('',(-4.712388757194,-9.000002087597,
    46.516666666668));
#2483 = CARTESIAN_POINT('',(4.712388741533,-8.999997113963,
    46.933333333333));
#2484 = CARTESIAN_POINT('',(9.426183984554,-6.223154110901,
    47.141666666668));
#2485 = CARTESIAN_POINT('',(12.260407010941,-0.677788200564,
    47.349999999995));
#2486 = CARTESIAN_POINT('',(11.399890130726,6.200682451214,
    47.558333333345));
#2487 = CARTESIAN_POINT('',(6.200716965965,11.399913628287,
    47.766666666649));
#2488 = CARTESIAN_POINT('',(-0.677819725272,12.260397701908,
    47.975000000015));
#2489 = CARTESIAN_POINT('',(-6.223136608216,9.426185613014,
    48.183333333325));
#2490 = CARTESIAN_POINT('',(-9.000002088186,4.712388787207,
    48.391666666668));
#2491 = CARTESIAN_POINT('',(-8.999997113681,-4.71238875586,
    48.808333333333));
#2492 = CARTESIAN_POINT('',(-6.223154111305,-9.42618396413,
    49.016666666668));
#2493 = CARTESIAN_POINT('',(-0.677788200103,-12.26040703414,
    49.224999999993));
#2494 = CARTESIAN_POINT('',(6.200682450793,-11.39989010963,
    49.433333333348));
#2495 = CARTESIAN_POINT('',(11.39991362859,-6.200716981133,
    49.641666666646));
#2496 = CARTESIAN_POINT('',(12.260397701743,0.677819733601,
    49.850000000018));
#2497 = CARTESIAN_POINT('',(9.426185613077,6.223136605029,
    50.058333333324));
#2498 = CARTESIAN_POINT('',(4.712388787196,9.000002088777,
    50.266666666669));
#2499 = CARTESIAN_POINT('',(-4.712388755854,8.999997113399,
    50.683333333332));
#2500 = CARTESIAN_POINT('',(-9.426183964137,6.223154111707,
    50.891666666669));
#2501 = CARTESIAN_POINT('',(-12.26040703413,0.677788199647,
    51.099999999991));
#2502 = CARTESIAN_POINT('',(-11.39989010963,-6.20068245038,
    51.308333333351));
#2503 = CARTESIAN_POINT('',(-6.200716981129,-11.39991362888,
    51.516666666643));
#2504 = CARTESIAN_POINT('',(0.677819733598,-12.26039770158,
    51.725000000019));
#2505 = CARTESIAN_POINT('',(6.22313660503,-9.426185613139,
    51.933333333323));
#2506 = CARTESIAN_POINT('',(9.000002088776,-4.712388787184,
    52.141666666669));
#2507 = CARTESIAN_POINT('',(8.999997113399,4.712388755848,
    52.558333333332));
#2508 = CARTESIAN_POINT('',(6.223154111708,9.426183964147,
    52.766666666671));
#2509 = CARTESIAN_POINT('',(0.677788199645,12.260407034124,
    52.974999999989));
#2510 = CARTESIAN_POINT('',(-6.200682450376,11.399890109651,
    53.183333333354));
#2511 = CARTESIAN_POINT('',(-11.39991362889,6.200716981118,
    53.391666666641));
#2512 = CARTESIAN_POINT('',(-12.26039770157,-0.677819733592,
    53.60000000002));
#2513 = CARTESIAN_POINT('',(-9.426185613146,-6.223136605033,
    53.808333333323));
#2514 = CARTESIAN_POINT('',(-4.712388787179,-9.000002088776,
    54.016666666669));
#2515 = CARTESIAN_POINT('',(4.712388755837,-8.999997113399,
    54.433333333332));
#2516 = CARTESIAN_POINT('',(9.426183964209,-6.223154111707,
    54.641666666668));
#2517 = CARTESIAN_POINT('',(12.260407033959,-0.677788199645,
    54.849999999994));
#2518 = CARTESIAN_POINT('',(11.399890109953,6.200682450373,
    55.058333333346));
#2519 = CARTESIAN_POINT('',(6.200716980699,11.399913628899,
    55.266666666649));
#2520 = CARTESIAN_POINT('',(-0.677819733132,12.260397701564,
    55.475000000015));
#2521 = CARTESIAN_POINT('',(-6.223136605437,9.426185613154,
    55.683333333326));
#2522 = CARTESIAN_POINT('',(-9.000002088493,4.712388787173,
    55.891666666668));
#2523 = CARTESIAN_POINT('',(-8.99999711399,-4.712388755826,
    56.308333333333));
#2524 = CARTESIAN_POINT('',(-6.223154108519,-9.426183964271,
    56.516666666666));
#2525 = CARTESIAN_POINT('',(-0.677788207978,-12.26040703379,56.725));
#2526 = CARTESIAN_POINT('',(6.200682465547,-11.39989011025,
    56.933333333339));
#2527 = CARTESIAN_POINT('',(11.399913607799,-6.200716980281,
    57.141666666655));
#2528 = CARTESIAN_POINT('',(12.260397724771,0.677819732672,
    57.350000000012));
#2529 = CARTESIAN_POINT('',(9.426185592729,6.22313660584,57.558333333326
    ));
#2530 = CARTESIAN_POINT('',(4.7123888015,9.000002088212,57.766666666668)
  );
#2531 = CARTESIAN_POINT('',(-4.712388785838,8.999997114577,
    58.183333333332));
#2532 = CARTESIAN_POINT('',(-9.426183802227,6.223154105349,
    58.391666666671));
#2533 = CARTESIAN_POINT('',(-12.26040745753,0.677788216274,
    58.599999999988));
#2534 = CARTESIAN_POINT('',(-11.39988933834,-6.20068248067,
    58.808333333356));
#2535 = CARTESIAN_POINT('',(-6.200718053997,-11.39991358675,
    59.016666666638));
#2536 = CARTESIAN_POINT('',(0.677820913854,-12.26039774793,
    59.225000000023));
#2537 = CARTESIAN_POINT('',(6.223135566146,-9.426185572336,
    59.433333333321));
#2538 = CARTESIAN_POINT('',(9.000002817506,-4.712388815806,
    59.64166666667));
#2539 = CARTESIAN_POINT('',(8.999999202174,6.750155989721E-14,59.85));
#2540 = PCURVE('',#549,#2541);
#2541 = DEFINITIONAL_REPRESENTATION('',(#2542),#2546);
#2542 = LINE('',#2543,#2544);
#2543 = CARTESIAN_POINT('',(1.141271221051,0.));
#2544 = VECTOR('',#2545,1.);
#2545 = DIRECTION('',(0.,1.));
#2546 = ( GEOMETRIC_REPRESENTATION_CONTEXT(2) 
PARAMETRIC_REPRESENTATION_CONTEXT() REPRESENTATION_CONTEXT('2D SPACE',''
  ) );
#2547 = PCURVE('',#1742,#2548);
#2548 = DEFINITIONAL_REPRESENTATION('',(#2549),#2568);
#2549 = B_SPLINE_CURVE_WITH_KNOTS('',9,(#2550,#2551,#2552,#2553,#2554,
    #2555,#2556,#2557,#2558,#2559,#2560,#2561,#2562,#2563,#2564,#2565,
    #2566,#2567),.UNSPECIFIED.,.F.,.F.,(10,8,10),(13.524560961286,
    16.905699018238,20.286837075189),.UNSPECIFIED.);
#2550 = CARTESIAN_POINT('',(-9.235794618239E-12,-3.850001076712));
#2551 = CARTESIAN_POINT('',(-0.349066722357,-3.988889905822));
#2552 = CARTESIAN_POINT('',(-0.698115426067,-4.12777873493));
#2553 = CARTESIAN_POINT('',(-1.047374898044,-4.266667563956));
#2554 = CARTESIAN_POINT('',(-1.395873728783,-4.405556393089));
#2555 = CARTESIAN_POINT('',(-1.74572307177,-4.544445222215));
#2556 = CARTESIAN_POINT('',(-2.094221711497,-4.683334051479));
#2557 = CARTESIAN_POINT('',(-2.44348127244,-4.822222880463));
#2558 = CARTESIAN_POINT('',(-2.792530013738,-4.961111709592));
#2559 = CARTESIAN_POINT('',(-3.490663441293,-5.238889367812));
#2560 = CARTESIAN_POINT('',(-3.839696205513,-5.37777819692));
#2561 = CARTESIAN_POINT('',(-4.188869111195,-5.516667026034));
#2562 = CARTESIAN_POINT('',(-4.537783163703,-5.655555855121));
#2563 = CARTESIAN_POINT('',(-4.886881513743,-5.794444684236));
#2564 = CARTESIAN_POINT('',(-5.236103119733,-5.933333513367));
#2565 = CARTESIAN_POINT('',(-5.584995696159,-6.072222342464));
#2566 = CARTESIAN_POINT('',(-5.934119622494,-6.211111171585));
#2567 = CARTESIAN_POINT('',(-6.283185307181,-6.350000000693));
#2568 = ( GEOMETRIC_REPRESENTATION_CONTEXT(2) 
PARAMETRIC_REPRESENTATION_CONTEXT() REPRESENTATION_CONTEXT('2D SPACE',''
  ) );
#2569 = ORIENTED_EDGE('',*,*,#2570,.T.);
#2570 = EDGE_CURVE('',#2470,#2571,#2573,.T.);
#2571 = VERTEX_POINT('',#2572);
#2572 = CARTESIAN_POINT('',(9.000013295574,7.991940442764E-12,
    54.849998917739));
#2573 = SURFACE_CURVE('',#2574,(#2641,#2648),.PCURVE_S1.);
#2574 = B_SPLINE_CURVE_WITH_KNOTS('',9,(#2575,#2576,#2577,#2578,#2579,
    #2580,#2581,#2582,#2583,#2584,#2585,#2586,#2587,#2588,#2589,#2590,
    #2591,#2592,#2593,#2594,#2595,#2596,#2597,#2598,#2599,#2600,#2601,
    #2602,#2603,#2604,#2605,#2606,#2607,#2608,#2609,#2610,#2611,#2612,
    #2613,#2614,#2615,#2616,#2617,#2618,#2619,#2620,#2621,#2622,#2623,
    #2624,#2625,#2626,#2627,#2628,#2629,#2630,#2631,#2632,#2633,#2634,
    #2635,#2636,#2637,#2638,#2639,#2640),.UNSPECIFIED.,.F.,.F.,(10,8,8,8
    ,8,8,8,8,10),(0.,5.071709268329,10.143418536657,15.215127804986,
    20.286837073315,25.358546341643,30.430255609972,35.501964878301,
    40.573674146629),.UNSPECIFIED.);
#2575 = CARTESIAN_POINT('',(9.,-6.217248937901E-15,44.85));
#2576 = CARTESIAN_POINT('',(8.999996384672,4.712388727226,
    45.058333333333));
#2577 = CARTESIAN_POINT('',(6.223155150586,9.426184004952,
    45.266666666667));
#2578 = CARTESIAN_POINT('',(0.677787019396,12.260406987763,
    45.474999999995));
#2579 = CARTESIAN_POINT('',(-6.200681377514,11.399890151797,
    45.683333333346));
#2580 = CARTESIAN_POINT('',(-11.39991440018,6.200716950816,
    45.891666666648));
#2581 = CARTESIAN_POINT('',(-12.26039727817,-0.677819716956,
    46.100000000016));
#2582 = CARTESIAN_POINT('',(-9.426185775057,-6.223136611396,
    46.308333333325));
#2583 = CARTESIAN_POINT('',(-4.712388757194,-9.000002087597,
    46.516666666668));
#2584 = CARTESIAN_POINT('',(4.712388741533,-8.999997113963,
    46.933333333333));
#2585 = CARTESIAN_POINT('',(9.426183984554,-6.223154110901,
    47.141666666668));
#2586 = CARTESIAN_POINT('',(12.260407010941,-0.677788200564,
    47.349999999995));
#2587 = CARTESIAN_POINT('',(11.399890130726,6.200682451214,
    47.558333333345));
#2588 = CARTESIAN_POINT('',(6.200716965965,11.399913628287,
    47.766666666649));
#2589 = CARTESIAN_POINT('',(-0.677819725272,12.260397701908,
    47.975000000015));
#2590 = CARTESIAN_POINT('',(-6.223136608216,9.426185613014,
    48.183333333325));
#2591 = CARTESIAN_POINT('',(-9.000002088186,4.712388787207,
    48.391666666668));
#2592 = CARTESIAN_POINT('',(-8.999997113681,-4.71238875586,
    48.808333333333));
#2593 = CARTESIAN_POINT('',(-6.223154111305,-9.42618396413,
    49.016666666668));
#2594 = CARTESIAN_POINT('',(-0.677788200103,-12.26040703414,
    49.224999999993));
#2595 = CARTESIAN_POINT('',(6.200682450793,-11.39989010963,
    49.433333333348));
#2596 = CARTESIAN_POINT('',(11.39991362859,-6.200716981133,
    49.641666666646));
#2597 = CARTESIAN_POINT('',(12.260397701743,0.677819733601,
    49.850000000018));
#2598 = CARTESIAN_POINT('',(9.426185613077,6.223136605029,
    50.058333333324));
#2599 = CARTESIAN_POINT('',(4.712388787196,9.000002088777,
    50.266666666669));
#2600 = CARTESIAN_POINT('',(-4.712388755854,8.999997113399,
    50.683333333332));
#2601 = CARTESIAN_POINT('',(-9.426183964137,6.223154111707,
    50.891666666669));
#2602 = CARTESIAN_POINT('',(-12.26040703413,0.677788199647,
    51.099999999991));
#2603 = CARTESIAN_POINT('',(-11.39989010963,-6.20068245038,
    51.308333333351));
#2604 = CARTESIAN_POINT('',(-6.200716981129,-11.39991362888,
    51.516666666643));
#2605 = CARTESIAN_POINT('',(0.677819733598,-12.26039770158,
    51.725000000019));
#2606 = CARTESIAN_POINT('',(6.22313660503,-9.426185613139,
    51.933333333323));
#2607 = CARTESIAN_POINT('',(9.000002088776,-4.712388787184,
    52.141666666669));
#2608 = CARTESIAN_POINT('',(8.999997113399,4.712388755848,
    52.558333333332));
#2609 = CARTESIAN_POINT('',(6.223154111708,9.426183964147,
    52.766666666671));
#2610 = CARTESIAN_POINT('',(0.677788199645,12.260407034124,
    52.974999999989));
#2611 = CARTESIAN_POINT('',(-6.200682450376,11.399890109651,
    53.183333333354));
#2612 = CARTESIAN_POINT('',(-11.39991362889,6.200716981118,
    53.391666666641));
#2613 = CARTESIAN_POINT('',(-12.26039770157,-0.677819733592,
    53.60000000002));
#2614 = CARTESIAN_POINT('',(-9.426185613146,-6.223136605033,
    53.808333333323));
#2615 = CARTESIAN_POINT('',(-4.712388787179,-9.000002088776,
    54.016666666669));
#2616 = CARTESIAN_POINT('',(4.712388755837,-8.999997113399,
    54.433333333332));
#2617 = CARTESIAN_POINT('',(9.426183964209,-6.223154111707,
    54.641666666668));
#2618 = CARTESIAN_POINT('',(12.260407033959,-0.677788199645,
    54.849999999994));
#2619 = CARTESIAN_POINT('',(11.399890109953,6.200682450373,
    55.058333333346));
#2620 = CARTESIAN_POINT('',(6.200716980699,11.399913628899,
    55.266666666649));
#2621 = CARTESIAN_POINT('',(-0.677819733132,12.260397701564,
    55.475000000015));
#2622 = CARTESIAN_POINT('',(-6.223136605437,9.426185613154,
    55.683333333326));
#2623 = CARTESIAN_POINT('',(-9.000002088493,4.712388787173,
    55.891666666668));
#2624 = CARTESIAN_POINT('',(-8.99999711399,-4.712388755826,
    56.308333333333));
#2625 = CARTESIAN_POINT('',(-6.223154108519,-9.426183964271,
    56.516666666666));
#2626 = CARTESIAN_POINT('',(-0.677788207978,-12.26040703379,56.725));
#2627 = CARTESIAN_POINT('',(6.200682465547,-11.39989011025,
    56.933333333339));
#2628 = CARTESIAN_POINT('',(11.399913607799,-6.200716980281,
    57.141666666655));
#2629 = CARTESIAN_POINT('',(12.260397724771,0.677819732672,
    57.350000000012));
#2630 = CARTESIAN_POINT('',(9.426185592729,6.22313660584,57.558333333326
    ));
#2631 = CARTESIAN_POINT('',(4.7123888015,9.000002088212,57.766666666668)
  );
#2632 = CARTESIAN_POINT('',(-4.712388785838,8.999997114577,
    58.183333333332));
#2633 = CARTESIAN_POINT('',(-9.426183802227,6.223154105349,
    58.391666666671));
#2634 = CARTESIAN_POINT('',(-12.26040745753,0.677788216274,
    58.599999999988));
#2635 = CARTESIAN_POINT('',(-11.39988933834,-6.20068248067,
    58.808333333356));
#2636 = CARTESIAN_POINT('',(-6.200718053997,-11.39991358675,
    59.016666666638));
#2637 = CARTESIAN_POINT('',(0.677820913854,-12.26039774793,
    59.225000000023));
#2638 = CARTESIAN_POINT('',(6.223135566146,-9.426185572336,
    59.433333333321));
#2639 = CARTESIAN_POINT('',(9.000002817506,-4.712388815806,
    59.64166666667));
#2640 = CARTESIAN_POINT('',(8.999999202174,6.750155989721E-14,59.85));
#2641 = PCURVE('',#549,#2642);
#2642 = DEFINITIONAL_REPRESENTATION('',(#2643),#2647);
#2643 = LINE('',#2644,#2645);
#2644 = CARTESIAN_POINT('',(1.141271221051,0.));
#2645 = VECTOR('',#2646,1.);
#2646 = DIRECTION('',(0.,1.));
#2647 = ( GEOMETRIC_REPRESENTATION_CONTEXT(2) 
PARAMETRIC_REPRESENTATION_CONTEXT() REPRESENTATION_CONTEXT('2D SPACE',''
  ) );
#2648 = PCURVE('',#1638,#2649);
#2649 = DEFINITIONAL_REPRESENTATION('',(#2650),#2669);
#2650 = B_SPLINE_CURVE_WITH_KNOTS('',9,(#2651,#2652,#2653,#2654,#2655,
    #2656,#2657,#2658,#2659,#2660,#2661,#2662,#2663,#2664,#2665,#2666,
    #2667,#2668),.UNSPECIFIED.,.F.,.F.,(10,8,10),(20.286837075189,
    23.667975122759,27.049113170328),.UNSPECIFIED.);
#2651 = CARTESIAN_POINT('',(-9.450095518556E-13,-6.350000000693));
#2652 = CARTESIAN_POINT('',(-0.349065683719,-6.488888829417));
#2653 = CARTESIAN_POINT('',(-0.698189739965,-6.627777658148));
#2654 = CARTESIAN_POINT('',(-1.047081870875,-6.766666486853));
#2655 = CARTESIAN_POINT('',(-1.396303962482,-6.905555315587));
#2656 = CARTESIAN_POINT('',(-1.745402376154,-7.044444144319));
#2657 = CARTESIAN_POINT('',(-2.094315931577,-7.183332973036));
#2658 = CARTESIAN_POINT('',(-2.443489129914,-7.32222180177));
#2659 = CARTESIAN_POINT('',(-2.792521867081,-7.46111063049));
#2660 = CARTESIAN_POINT('',(-3.490655309693,-7.73888828794));
#2661 = CARTESIAN_POINT('',(-3.839704011823,-7.877777116686));
#2662 = CARTESIAN_POINT('',(-4.18896348546,-8.016665945281));
#2663 = CARTESIAN_POINT('',(-4.537462311695,-8.155554774043));
#2664 = CARTESIAN_POINT('',(-4.887311654544,-8.294443602121));
#2665 = CARTESIAN_POINT('',(-5.235810295737,-8.433332431843));
#2666 = CARTESIAN_POINT('',(-5.585069853425,-8.572221260216));
#2667 = CARTESIAN_POINT('',(-5.934118594294,-8.711110089012));
#2668 = CARTESIAN_POINT('',(-6.283185307176,-8.849998917737));
#2669 = ( GEOMETRIC_REPRESENTATION_CONTEXT(2) 
PARAMETRIC_REPRESENTATION_CONTEXT() REPRESENTATION_CONTEXT('2D SPACE',''
  ) );
#2670 = ORIENTED_EDGE('',*,*,#2671,.T.);
#2671 = EDGE_CURVE('',#2571,#2672,#2674,.T.);
#2672 = VERTEX_POINT('',#2673);
#2673 = CARTESIAN_POINT('',(3.832012504194,-8.143437093478,56.9));
#2674 = SURFACE_CURVE('',#2675,(#2742,#2749),.PCURVE_S1.);
#2675 = B_SPLINE_CURVE_WITH_KNOTS('',9,(#2676,#2677,#2678,#2679,#2680,
    #2681,#2682,#2683,#2684,#2685,#2686,#2687,#2688,#2689,#2690,#2691,
    #2692,#2693,#2694,#2695,#2696,#2697,#2698,#2699,#2700,#2701,#2702,
    #2703,#2704,#2705,#2706,#2707,#2708,#2709,#2710,#2711,#2712,#2713,
    #2714,#2715,#2716,#2717,#2718,#2719,#2720,#2721,#2722,#2723,#2724,
    #2725,#2726,#2727,#2728,#2729,#2730,#2731,#2732,#2733,#2734,#2735,
    #2736,#2737,#2738,#2739,#2740,#2741),.UNSPECIFIED.,.F.,.F.,(10,8,8,8
    ,8,8,8,8,10),(0.,5.071709268329,10.143418536657,15.215127804986,
    20.286837073315,25.358546341643,30.430255609972,35.501964878301,
    40.573674146629),.UNSPECIFIED.);
#2676 = CARTESIAN_POINT('',(9.,-6.217248937901E-15,44.85));
#2677 = CARTESIAN_POINT('',(8.999996384672,4.712388727226,
    45.058333333333));
#2678 = CARTESIAN_POINT('',(6.223155150586,9.426184004952,
    45.266666666667));
#2679 = CARTESIAN_POINT('',(0.677787019396,12.260406987763,
    45.474999999995));
#2680 = CARTESIAN_POINT('',(-6.200681377514,11.399890151797,
    45.683333333346));
#2681 = CARTESIAN_POINT('',(-11.39991440018,6.200716950816,
    45.891666666648));
#2682 = CARTESIAN_POINT('',(-12.26039727817,-0.677819716956,
    46.100000000016));
#2683 = CARTESIAN_POINT('',(-9.426185775057,-6.223136611396,
    46.308333333325));
#2684 = CARTESIAN_POINT('',(-4.712388757194,-9.000002087597,
    46.516666666668));
#2685 = CARTESIAN_POINT('',(4.712388741533,-8.999997113963,
    46.933333333333));
#2686 = CARTESIAN_POINT('',(9.426183984554,-6.223154110901,
    47.141666666668));
#2687 = CARTESIAN_POINT('',(12.260407010941,-0.677788200564,
    47.349999999995));
#2688 = CARTESIAN_POINT('',(11.399890130726,6.200682451214,
    47.558333333345));
#2689 = CARTESIAN_POINT('',(6.200716965965,11.399913628287,
    47.766666666649));
#2690 = CARTESIAN_POINT('',(-0.677819725272,12.260397701908,
    47.975000000015));
#2691 = CARTESIAN_POINT('',(-6.223136608216,9.426185613014,
    48.183333333325));
#2692 = CARTESIAN_POINT('',(-9.000002088186,4.712388787207,
    48.391666666668));
#2693 = CARTESIAN_POINT('',(-8.999997113681,-4.71238875586,
    48.808333333333));
#2694 = CARTESIAN_POINT('',(-6.223154111305,-9.42618396413,
    49.016666666668));
#2695 = CARTESIAN_POINT('',(-0.677788200103,-12.26040703414,
    49.224999999993));
#2696 = CARTESIAN_POINT('',(6.200682450793,-11.39989010963,
    49.433333333348));
#2697 = CARTESIAN_POINT('',(11.39991362859,-6.200716981133,
    49.641666666646));
#2698 = CARTESIAN_POINT('',(12.260397701743,0.677819733601,
    49.850000000018));
#2699 = CARTESIAN_POINT('',(9.426185613077,6.223136605029,
    50.058333333324));
#2700 = CARTESIAN_POINT('',(4.712388787196,9.000002088777,
    50.266666666669));
#2701 = CARTESIAN_POINT('',(-4.712388755854,8.999997113399,
    50.683333333332));
#2702 = CARTESIAN_POINT('',(-9.426183964137,6.223154111707,
    50.891666666669));
#2703 = CARTESIAN_POINT('',(-12.26040703413,0.677788199647,
    51.099999999991));
#2704 = CARTESIAN_POINT('',(-11.39989010963,-6.20068245038,
    51.308333333351));
#2705 = CARTESIAN_POINT('',(-6.200716981129,-11.39991362888,
    51.516666666643));
#2706 = CARTESIAN_POINT('',(0.677819733598,-12.26039770158,
    51.725000000019));
#2707 = CARTESIAN_POINT('',(6.22313660503,-9.426185613139,
    51.933333333323));
#2708 = CARTESIAN_POINT('',(9.000002088776,-4.712388787184,
    52.141666666669));
#2709 = CARTESIAN_POINT('',(8.999997113399,4.712388755848,
    52.558333333332));
#2710 = CARTESIAN_POINT('',(6.223154111708,9.426183964147,
    52.766666666671));
#2711 = CARTESIAN_POINT('',(0.677788199645,12.260407034124,
    52.974999999989));
#2712 = CARTESIAN_POINT('',(-6.200682450376,11.399890109651,
    53.183333333354));
#2713 = CARTESIAN_POINT('',(-11.39991362889,6.200716981118,
    53.391666666641));
#2714 = CARTESIAN_POINT('',(-12.26039770157,-0.677819733592,
    53.60000000002));
#2715 = CARTESIAN_POINT('',(-9.426185613146,-6.223136605033,
    53.808333333323));
#2716 = CARTESIAN_POINT('',(-4.712388787179,-9.000002088776,
    54.016666666669));
#2717 = CARTESIAN_POINT('',(4.712388755837,-8.999997113399,
    54.433333333332));
#2718 = CARTESIAN_POINT('',(9.426183964209,-6.223154111707,
    54.641666666668));
#2719 = CARTESIAN_POINT('',(12.260407033959,-0.677788199645,
    54.849999999994));
#2720 = CARTESIAN_POINT('',(11.399890109953,6.200682450373,
    55.058333333346));
#2721 = CARTESIAN_POINT('',(6.200716980699,11.399913628899,
    55.266666666649));
#2722 = CARTESIAN_POINT('',(-0.677819733132,12.260397701564,
    55.475000000015));
#2723 = CARTESIAN_POINT('',(-6.223136605437,9.426185613154,
    55.683333333326));
#2724 = CARTESIAN_POINT('',(-9.000002088493,4.712388787173,
    55.891666666668));
#2725 = CARTESIAN_POINT('',(-8.99999711399,-4.712388755826,
    56.308333333333));
#2726 = CARTESIAN_POINT('',(-6.223154108519,-9.426183964271,
    56.516666666666));
#2727 = CARTESIAN_POINT('',(-0.677788207978,-12.26040703379,56.725));
#2728 = CARTESIAN_POINT('',(6.200682465547,-11.39989011025,
    56.933333333339));
#2729 = CARTESIAN_POINT('',(11.399913607799,-6.200716980281,
    57.141666666655));
#2730 = CARTESIAN_POINT('',(12.260397724771,0.677819732672,
    57.350000000012));
#2731 = CARTESIAN_POINT('',(9.426185592729,6.22313660584,57.558333333326
    ));
#2732 = CARTESIAN_POINT('',(4.7123888015,9.000002088212,57.766666666668)
  );
#2733 = CARTESIAN_POINT('',(-4.712388785838,8.999997114577,
    58.183333333332));
#2734 = CARTESIAN_POINT('',(-9.426183802227,6.223154105349,
    58.391666666671));
#2735 = CARTESIAN_POINT('',(-12.26040745753,0.677788216274,
    58.599999999988));
#2736 = CARTESIAN_POINT('',(-11.39988933834,-6.20068248067,
    58.808333333356));
#2737 = CARTESIAN_POINT('',(-6.200718053997,-11.39991358675,
    59.016666666638));
#2738 = CARTESIAN_POINT('',(0.677820913854,-12.26039774793,
    59.225000000023));
#2739 = CARTESIAN_POINT('',(6.223135566146,-9.426185572336,
    59.433333333321));
#2740 = CARTESIAN_POINT('',(9.000002817506,-4.712388815806,
    59.64166666667));
#2741 = CARTESIAN_POINT('',(8.999999202174,6.750155989721E-14,59.85));
#2742 = PCURVE('',#549,#2743);
#2743 = DEFINITIONAL_REPRESENTATION('',(#2744),#2748);
#2744 = LINE('',#2745,#2746);
#2745 = CARTESIAN_POINT('',(1.141271221051,0.));
#2746 = VECTOR('',#2747,1.);
#2747 = DIRECTION('',(0.,1.));
#2748 = ( GEOMETRIC_REPRESENTATION_CONTEXT(2) 
PARAMETRIC_REPRESENTATION_CONTEXT() REPRESENTATION_CONTEXT('2D SPACE',''
  ) );
#2749 = PCURVE('',#1540,#2750);
#2750 = DEFINITIONAL_REPRESENTATION('',(#2751),#2766);
#2751 = B_SPLINE_CURVE_WITH_KNOTS('',7,(#2752,#2753,#2754,#2755,#2756,
    #2757,#2758,#2759,#2760,#2761,#2762,#2763,#2764,#2765),
  .UNSPECIFIED.,.F.,.F.,(8,6,8),(27.049113170328,29.82164903406,
    32.594184897793),.UNSPECIFIED.);
#2752 = CARTESIAN_POINT('',(3.863576125696E-12,-8.849998917737));
#2753 = CARTESIAN_POINT('',(-0.368016402426,-8.99642756647));
#2754 = CARTESIAN_POINT('',(-0.736026781975,-9.142856215203));
#2755 = CARTESIAN_POINT('',(-1.104037411472,-9.289284863936));
#2756 = CARTESIAN_POINT('',(-1.472053502013,-9.43571351267));
#2757 = CARTESIAN_POINT('',(-1.840075984303,-9.582142161403));
#2758 = CARTESIAN_POINT('',(-2.208098289999,-9.728570810135));
#2759 = CARTESIAN_POINT('',(-2.944107976119,-10.0214281076));
#2760 = CARTESIAN_POINT('',(-3.312124510862,-10.16785675633));
#2761 = CARTESIAN_POINT('',(-3.680227912543,-10.31428540506));
#2762 = CARTESIAN_POINT('',(-4.048077511484,-10.46071405381));
#2763 = CARTESIAN_POINT('',(-4.416212967223,-10.60714270253));
#2764 = CARTESIAN_POINT('',(-4.784198877569,-10.75357135126));
#2765 = CARTESIAN_POINT('',(-5.152212141067,-10.9));
#2766 = ( GEOMETRIC_REPRESENTATION_CONTEXT(2) 
PARAMETRIC_REPRESENTATION_CONTEXT() REPRESENTATION_CONTEXT('2D SPACE',''
  ) );
#2767 = ORIENTED_EDGE('',*,*,#2768,.T.);
#2768 = EDGE_CURVE('',#2672,#2769,#2771,.T.);
#2769 = VERTEX_POINT('',#2770);
#2770 = CARTESIAN_POINT('',(4.409783221989,-7.902930591563,56.9));
#2771 = SURFACE_CURVE('',#2772,(#2810,#2851),.PCURVE_S1.);
#2772 = B_SPLINE_CURVE_WITH_KNOTS('',6,(#2773,#2774,#2775,#2776,#2777,
    #2778,#2779,#2780,#2781,#2782,#2783,#2784,#2785,#2786,#2787,#2788,
    #2789,#2790,#2791,#2792,#2793,#2794,#2795,#2796,#2797,#2798,#2799,
    #2800,#2801,#2802,#2803,#2804,#2805,#2806,#2807,#2808,#2809),
  .UNSPECIFIED.,.F.,.F.,(7,5,5,5,5,5,5,7),(0.,0.477674426392,
    0.735914746684,0.866526985916,0.932206179443,0.966029999948,
    0.982067346686,1.),.UNSPECIFIED.);
#2773 = CARTESIAN_POINT('',(3.832012504194,-8.143437093478,56.9));
#2774 = CARTESIAN_POINT('',(4.385425591753,-7.935365171715,56.9));
#2775 = CARTESIAN_POINT('',(4.92248383061,-7.683490235435,56.9));
#2776 = CARTESIAN_POINT('',(5.438921461546,-7.389781246439,56.9));
#2777 = CARTESIAN_POINT('',(5.930925273864,-7.05670778053,56.9));
#2778 = CARTESIAN_POINT('',(6.395064319566,-6.687111393951,56.9));
#2779 = CARTESIAN_POINT('',(7.062547776642,-6.066450205261,56.9));
#2780 = CARTESIAN_POINT('',(7.287756973201,-5.838922552262,56.9));
#2781 = CARTESIAN_POINT('',(7.503476753698,-5.602171228218,56.9));
#2782 = CARTESIAN_POINT('',(7.709278109429,-5.356727526062,56.9));
#2783 = CARTESIAN_POINT('',(7.904773184432,-5.103145160733,56.9));
#2784 = CARTESIAN_POINT('',(8.183102208041,-4.709916690462,56.9));
#2785 = CARTESIAN_POINT('',(8.273865253115,-4.575899342955,56.9));
#2786 = CARTESIAN_POINT('',(8.361858179263,-4.440020869038,56.9));
#2787 = CARTESIAN_POINT('',(8.447038941143,-4.302356425406,56.9));
#2788 = CARTESIAN_POINT('',(8.529368280496,-4.162982174472,56.9));
#2789 = CARTESIAN_POINT('',(8.648757361328,-3.951069074666,56.9));
#2790 = CARTESIAN_POINT('',(8.687974754084,-3.879750015555,56.9));
#2791 = CARTESIAN_POINT('',(8.726457268662,-3.808027909306,56.9));
#2792 = CARTESIAN_POINT('',(8.764200448893,-3.735912607806,56.9));
#2793 = CARTESIAN_POINT('',(8.801200018189,-3.663414012552,56.9));
#2794 = CARTESIAN_POINT('',(8.856121055971,-3.553014096383,56.9));
#2795 = CARTESIAN_POINT('',(8.874591932942,-3.515387103536,56.9));
#2796 = CARTESIAN_POINT('',(8.892863950922,-3.477662454901,56.9));
#2797 = CARTESIAN_POINT('',(8.910936563023,-3.439841512244,56.9));
#2798 = CARTESIAN_POINT('',(8.928809235008,-3.401925640308,56.9));
#2799 = CARTESIAN_POINT('',(8.954860610023,-3.345894278616,56.9));
#2800 = CARTESIAN_POINT('',(8.963196246683,-3.327848008391,56.9));
#2801 = CARTESIAN_POINT('',(8.971488268667,-3.309777527398,56.9));
#2802 = CARTESIAN_POINT('',(8.979736589897,-3.291682967304,56.9));
#2803 = CARTESIAN_POINT('',(8.987941124828,-3.273564460177,56.9));
#2804 = CARTESIAN_POINT('',(9.005226885875,-3.235135742581,56.9));
#2805 = CARTESIAN_POINT('',(9.014295270667,-3.214823698053,56.9));
#2806 = CARTESIAN_POINT('',(9.023306799548,-3.194486392964,56.9));
#2807 = CARTESIAN_POINT('',(9.032261557867,-3.174123599487,56.9));
#2808 = CARTESIAN_POINT('',(9.041159272138,-3.15373607465,56.9));
#2809 = CARTESIAN_POINT('',(9.05,-3.133323650985,56.9));
#2810 = PCURVE('',#549,#2811);
#2811 = DEFINITIONAL_REPRESENTATION('',(#2812),#2850);
#2812 = B_SPLINE_CURVE_WITH_KNOTS('',6,(#2813,#2814,#2815,#2816,#2817,
    #2818,#2819,#2820,#2821,#2822,#2823,#2824,#2825,#2826,#2827,#2828,
    #2829,#2830,#2831,#2832,#2833,#2834,#2835,#2836,#2837,#2838,#2839,
    #2840,#2841,#2842,#2843,#2844,#2845,#2846,#2847,#2848,#2849),
  .UNSPECIFIED.,.F.,.F.,(7,5,5,5,5,5,5,7),(0.,0.477674426392,
    0.735914746684,0.866526985916,0.932206179443,0.966029999948,
    0.982067346686,1.),.UNSPECIFIED.);
#2813 = CARTESIAN_POINT('',(1.141271221051,32.594184897793));
#2814 = CARTESIAN_POINT('',(1.087207065252,32.664660047167));
#2815 = CARTESIAN_POINT('',(1.033472501489,32.734705557446));
#2816 = CARTESIAN_POINT('',(0.980065479963,32.804324097259));
#2817 = CARTESIAN_POINT('',(0.92697498488,32.87353002347));
#2818 = CARTESIAN_POINT('',(0.874191763809,32.942335397428));
#2819 = CARTESIAN_POINT('',(0.793345444939,33.047722313068));
#2820 = CARTESIAN_POINT('',(0.765064268246,33.084588133623));
#2821 = CARTESIAN_POINT('',(0.736870937767,33.121339441702));
#2822 = CARTESIAN_POINT('',(0.708764310665,33.15797772756));
#2823 = CARTESIAN_POINT('',(0.680743279339,33.194504435602));
#2824 = CARTESIAN_POINT('',(0.638677656404,33.249338918486));
#2825 = CARTESIAN_POINT('',(0.624569858746,33.267729084712));
#2826 = CARTESIAN_POINT('',(0.610483621719,33.28609114595));
#2827 = CARTESIAN_POINT('',(0.596418823686,33.304425260836));
#2828 = CARTESIAN_POINT('',(0.582375344999,33.322731585411));
#2829 = CARTESIAN_POINT('',(0.561301876999,33.350201827255));
#2830 = CARTESIAN_POINT('',(0.55425604673,33.359386393563));
#2831 = CARTESIAN_POINT('',(0.547215562103,33.368563991717));
#2832 = CARTESIAN_POINT('',(0.540180408141,33.377734641248));
#2833 = CARTESIAN_POINT('',(0.533150569975,33.386898361545));
#2834 = CARTESIAN_POINT('',(0.52250849934,33.400770794748));
#2835 = CARTESIAN_POINT('',(0.518892371711,33.405484585058));
#2836 = CARTESIAN_POINT('',(0.515277647937,33.410196545422));
#2837 = CARTESIAN_POINT('',(0.511664326006,33.414906678463));
#2838 = CARTESIAN_POINT('',(0.508052403913,33.419614986794));
#2839 = CARTESIAN_POINT('',(0.50272997283,33.426553023167));
#2840 = CARTESIAN_POINT('',(0.501018066,33.428784573323));
#2841 = CARTESIAN_POINT('',(0.49930615917,33.431016123489));
#2842 = CARTESIAN_POINT('',(0.49759425234,33.433247673665));
#2843 = CARTESIAN_POINT('',(0.495882345509,33.435479223852));
#2844 = CARTESIAN_POINT('',(0.492256217319,33.44020605065));
#2845 = CARTESIAN_POINT('',(0.49034254042,33.442700617532));
#2846 = CARTESIAN_POINT('',(0.488428565683,33.445195572676));
#2847 = CARTESIAN_POINT('',(0.486516281546,33.447688324055));
#2848 = CARTESIAN_POINT('',(0.484603158817,33.450182168593));
#2849 = CARTESIAN_POINT('',(0.482690897365,33.452674890429));
#2850 = ( GEOMETRIC_REPRESENTATION_CONTEXT(2) 
PARAMETRIC_REPRESENTATION_CONTEXT() REPRESENTATION_CONTEXT('2D SPACE',''
  ) );
#2851 = PCURVE('',#1432,#2852);
#2852 = DEFINITIONAL_REPRESENTATION('',(#2853),#2891);
#2853 = B_SPLINE_CURVE_WITH_KNOTS('',6,(#2854,#2855,#2856,#2857,#2858,
    #2859,#2860,#2861,#2862,#2863,#2864,#2865,#2866,#2867,#2868,#2869,
    #2870,#2871,#2872,#2873,#2874,#2875,#2876,#2877,#2878,#2879,#2880,
    #2881,#2882,#2883,#2884,#2885,#2886,#2887,#2888,#2889,#2890),
  .UNSPECIFIED.,.F.,.F.,(7,5,5,5,5,5,5,7),(0.,0.477674426392,
    0.735914746684,0.866526985916,0.932206179443,0.966029999948,
    0.982067346686,1.),.UNSPECIFIED.);
#2854 = CARTESIAN_POINT('',(3.832012504194,-8.143437093478));
#2855 = CARTESIAN_POINT('',(4.385425591753,-7.935365171715));
#2856 = CARTESIAN_POINT('',(4.92248383061,-7.683490235435));
#2857 = CARTESIAN_POINT('',(5.438921461546,-7.389781246439));
#2858 = CARTESIAN_POINT('',(5.930925273864,-7.05670778053));
#2859 = CARTESIAN_POINT('',(6.395064319566,-6.687111393951));
#2860 = CARTESIAN_POINT('',(7.062547776642,-6.066450205261));
#2861 = CARTESIAN_POINT('',(7.287756973201,-5.838922552262));
#2862 = CARTESIAN_POINT('',(7.503476753698,-5.602171228218));
#2863 = CARTESIAN_POINT('',(7.709278109429,-5.356727526062));
#2864 = CARTESIAN_POINT('',(7.904773184432,-5.103145160733));
#2865 = CARTESIAN_POINT('',(8.183102208041,-4.709916690462));
#2866 = CARTESIAN_POINT('',(8.273865253115,-4.575899342955));
#2867 = CARTESIAN_POINT('',(8.361858179263,-4.440020869038));
#2868 = CARTESIAN_POINT('',(8.447038941143,-4.302356425406));
#2869 = CARTESIAN_POINT('',(8.529368280496,-4.162982174472));
#2870 = CARTESIAN_POINT('',(8.648757361328,-3.951069074666));
#2871 = CARTESIAN_POINT('',(8.687974754084,-3.879750015555));
#2872 = CARTESIAN_POINT('',(8.726457268662,-3.808027909306));
#2873 = CARTESIAN_POINT('',(8.764200448893,-3.735912607806));
#2874 = CARTESIAN_POINT('',(8.801200018189,-3.663414012552));
#2875 = CARTESIAN_POINT('',(8.856121055971,-3.553014096383));
#2876 = CARTESIAN_POINT('',(8.874591932942,-3.515387103536));
#2877 = CARTESIAN_POINT('',(8.892863950922,-3.477662454901));
#2878 = CARTESIAN_POINT('',(8.910936563023,-3.439841512244));
#2879 = CARTESIAN_POINT('',(8.928809235008,-3.401925640308));
#2880 = CARTESIAN_POINT('',(8.954860610023,-3.345894278616));
#2881 = CARTESIAN_POINT('',(8.963196246683,-3.327848008391));
#2882 = CARTESIAN_POINT('',(8.971488268667,-3.309777527398));
#2883 = CARTESIAN_POINT('',(8.979736589897,-3.291682967304));
#2884 = CARTESIAN_POINT('',(8.987941124828,-3.273564460177));
#2885 = CARTESIAN_POINT('',(9.005226885875,-3.235135742581));
#2886 = CARTESIAN_POINT('',(9.014295270667,-3.214823698053));
#2887 = CARTESIAN_POINT('',(9.023306799548,-3.194486392964));
#2888 = CARTESIAN_POINT('',(9.032261557867,-3.174123599487));
#2889 = CARTESIAN_POINT('',(9.041159272138,-3.15373607465));
#2890 = CARTESIAN_POINT('',(9.05,-3.133323650985));
#2891 = ( GEOMETRIC_REPRESENTATION_CONTEXT(2) 
PARAMETRIC_REPRESENTATION_CONTEXT() REPRESENTATION_CONTEXT('2D SPACE',''
  ) );
#2892 = ORIENTED_EDGE('',*,*,#2893,.T.);
#2893 = EDGE_CURVE('',#2769,#1999,#2894,.T.);
#2894 = SURFACE_CURVE('',#2895,(#2914,#2936),.PCURVE_S1.);
#2895 = B_SPLINE_CURVE_WITH_KNOTS('',5,(#2896,#2897,#2898,#2899,#2900,
    #2901,#2902,#2903,#2904,#2905,#2906,#2907,#2908,#2909,#2910,#2911,
    #2912,#2913),.UNSPECIFIED.,.F.,.F.,(6,4,4,4,6),(0.,0.231557359351,
    0.466341347321,0.729981230165,1.),.UNSPECIFIED.);
#2896 = CARTESIAN_POINT('',(4.409783221989,-7.902930591563,56.9));
#2897 = CARTESIAN_POINT('',(4.019816978399,-8.173363003288,
    56.853862764481));
#2898 = CARTESIAN_POINT('',(3.611882902987,-8.418223676331,
    56.80799891971));
#2899 = CARTESIAN_POINT('',(3.188379166157,-8.636117951008,
    56.762402700189));
#2900 = CARTESIAN_POINT('',(2.75179740506,-8.82601549662,56.717065211352
    ));
#2901 = CARTESIAN_POINT('',(1.851360478959,-9.150657431417,
    56.626270524798));
#2902 = CARTESIAN_POINT('',(1.387199624485,-9.284600177958,
    56.58081940696));
#2903 = CARTESIAN_POINT('',(0.914874222812,-9.388311603561,
    56.535623545699));
#2904 = CARTESIAN_POINT('',(0.437045157522,-9.46143137145,56.49067545355
    ));
#2905 = CARTESIAN_POINT('',(-0.583415273055,-9.551647427021,
    56.395774057217));
#2906 = CARTESIAN_POINT('',(-1.126808475842,-9.560754830023,
    56.345883136632));
#2907 = CARTESIAN_POINT('',(-1.670083710462,-9.531208450234,
    56.296294383043));
#2908 = CARTESIAN_POINT('',(-2.209644324361,-9.463496288298,
    56.246999026027));
#2909 = CARTESIAN_POINT('',(-3.287333511905,-9.251101107003,
    56.147802948278));
#2910 = CARTESIAN_POINT('',(-3.825129581799,-9.104591822221,
    56.097914763451));
#2911 = CARTESIAN_POINT('',(-4.351742550135,-8.920063179662,
    56.048325331647));
#2912 = CARTESIAN_POINT('',(-4.86377031579,-8.699019572659,
    55.99902524263));
#2913 = CARTESIAN_POINT('',(-5.358092804043,-8.443378504922,
    55.950010046299));
#2914 = PCURVE('',#549,#2915);
#2915 = DEFINITIONAL_REPRESENTATION('',(#2916),#2935);
#2916 = B_SPLINE_CURVE_WITH_KNOTS('',5,(#2917,#2918,#2919,#2920,#2921,
    #2922,#2923,#2924,#2925,#2926,#2927,#2928,#2929,#2930,#2931,#2932,
    #2933,#2934),.UNSPECIFIED.,.F.,.F.,(6,4,4,4,6),(0.,0.231557359351,
    0.466341347321,0.729981230165,1.),.UNSPECIFIED.);
#2917 = CARTESIAN_POINT('',(1.084189830325,32.668593153067));
#2918 = CARTESIAN_POINT('',(1.031542414385,32.612424372104));
#2919 = CARTESIAN_POINT('',(0.979207876683,32.556587238733));
#2920 = CARTESIAN_POINT('',(0.927178777183,32.501075853893));
#2921 = CARTESIAN_POINT('',(0.875443977293,32.445880675409));
#2922 = CARTESIAN_POINT('',(0.771834778825,32.335348479443));
#2923 = CARTESIAN_POINT('',(0.719967277751,32.280018916139));
#2924 = CARTESIAN_POINT('',(0.668388921928,32.225002878365));
#2925 = CARTESIAN_POINT('',(0.617091067967,32.17029138088));
#2926 = CARTESIAN_POINT('',(0.508779123863,32.054781100343));
#2927 = CARTESIAN_POINT('',(0.451835744025,31.994058884422));
#2928 = CARTESIAN_POINT('',(0.395235415477,31.933706820035));
#2929 = CARTESIAN_POINT('',(0.338969430414,31.873712542483));
#2930 = CARTESIAN_POINT('',(0.225747420428,31.752986057113));
#2931 = CARTESIAN_POINT('',(0.168805718789,31.692269087356));
#2932 = CARTESIAN_POINT('',(0.112206590744,31.631913677423));
#2933 = CARTESIAN_POINT('',(5.593987651195E-02,31.571907620737));
#2934 = CARTESIAN_POINT('',(0.,31.512246141833));
#2935 = ( GEOMETRIC_REPRESENTATION_CONTEXT(2) 
PARAMETRIC_REPRESENTATION_CONTEXT() REPRESENTATION_CONTEXT('2D SPACE',''
  ) );
#2936 = PCURVE('',#1282,#2937);
#2937 = DEFINITIONAL_REPRESENTATION('',(#2938),#2957);
#2938 = B_SPLINE_CURVE_WITH_KNOTS('',5,(#2939,#2940,#2941,#2942,#2943,
    #2944,#2945,#2946,#2947,#2948,#2949,#2950,#2951,#2952,#2953,#2954,
    #2955,#2956),.UNSPECIFIED.,.F.,.F.,(6,4,4,4,6),(0.,0.231557359351,
    0.466341347321,0.729981230165,1.),.UNSPECIFIED.);
#2939 = CARTESIAN_POINT('',(-5.221348448529,-0.95));
#2940 = CARTESIAN_POINT('',(-5.169159266659,-0.903862764481));
#2941 = CARTESIAN_POINT('',(-5.117278333672,-0.85799891971));
#2942 = CARTESIAN_POINT('',(-5.06570016731,-0.81240270019));
#2943 = CARTESIAN_POINT('',(-5.014415855692,-0.767065211352));
#2944 = CARTESIAN_POINT('',(-4.911715427292,-0.676270524798));
#2945 = CARTESIAN_POINT('',(-4.860306236522,-0.63081940696));
#2946 = CARTESIAN_POINT('',(-4.809188285412,-0.585623545699));
#2947 = CARTESIAN_POINT('',(-4.75835315175,-0.54067545355));
#2948 = CARTESIAN_POINT('',(-4.651026515599,-0.445774057217));
#2949 = CARTESIAN_POINT('',(-4.594606109932,-0.395883136632));
#2950 = CARTESIAN_POINT('',(-4.538529361963,-0.346294383043));
#2951 = CARTESIAN_POINT('',(-4.482784816134,-0.296999026027));
#2952 = CARTESIAN_POINT('',(-4.370609808337,-0.197802948278));
#2953 = CARTESIAN_POINT('',(-4.314193498552,-0.147914763451));
#2954 = CARTESIAN_POINT('',(-4.258113118904,-9.832533164703E-02));
#2955 = CARTESIAN_POINT('',(-4.202357524635,-4.902524262953E-02));
#2956 = CARTESIAN_POINT('',(-4.146922408879,-1.004629893231E-05));
#2957 = ( GEOMETRIC_REPRESENTATION_CONTEXT(2) 
PARAMETRIC_REPRESENTATION_CONTEXT() REPRESENTATION_CONTEXT('2D SPACE',''
  ) );
#2958 = ADVANCED_FACE('',(#2959),#706,.F.);
#2959 = FACE_BOUND('',#2960,.F.);
#2960 = EDGE_LOOP('',(#2961,#2962,#2963,#2989,#2990));
#2961 = ORIENTED_EDGE('',*,*,#689,.T.);
#2962 = ORIENTED_EDGE('',*,*,#2329,.T.);
#2963 = ORIENTED_EDGE('',*,*,#2964,.F.);
#2964 = EDGE_CURVE('',#776,#2069,#2965,.T.);
#2965 = SURFACE_CURVE('',#2966,(#2971,#2982),.PCURVE_S1.);
#2966 = CIRCLE('',#2967,9.05);
#2967 = AXIS2_PLACEMENT_3D('',#2968,#2969,#2970);
#2968 = CARTESIAN_POINT('',(0.,0.,46.1));
#2969 = DIRECTION('',(0.,0.,-1.));
#2970 = DIRECTION('',(0.487268035508,0.873252461532,0.));
#2971 = PCURVE('',#706,#2972);
#2972 = DEFINITIONAL_REPRESENTATION('',(#2973),#2981);
#2973 = ( BOUNDED_CURVE() B_SPLINE_CURVE(2,(#2974,#2975,#2976,#2977,
#2978,#2979,#2980),.UNSPECIFIED.,.T.,.F.) B_SPLINE_CURVE_WITH_KNOTS((1,2
    ,2,2,2,1),(-2.094395102393,0.,2.094395102393,4.188790204786,
6.28318530718,8.377580409573),.UNSPECIFIED.) CURVE() 
GEOMETRIC_REPRESENTATION_ITEM() RATIONAL_B_SPLINE_CURVE((1.,0.5,1.,0.5,
1.,0.5,1.)) REPRESENTATION_ITEM('') );
#2974 = CARTESIAN_POINT('',(4.409775721348,7.902934776867));
#2975 = CARTESIAN_POINT('',(18.098060283784,0.264979177508));
#2976 = CARTESIAN_POINT('',(4.639254420544,-7.770445188113));
#2977 = CARTESIAN_POINT('',(-8.819551442697,-15.80586955373));
#2978 = CARTESIAN_POINT('',(-9.049030141892,-0.132489588754));
#2979 = CARTESIAN_POINT('',(-9.278508841088,15.540890376225));
#2980 = CARTESIAN_POINT('',(4.409775721348,7.902934776867));
#2981 = ( GEOMETRIC_REPRESENTATION_CONTEXT(2) 
PARAMETRIC_REPRESENTATION_CONTEXT() REPRESENTATION_CONTEXT('2D SPACE',''
  ) );
#2982 = PCURVE('',#886,#2983);
#2983 = DEFINITIONAL_REPRESENTATION('',(#2984),#2988);
#2984 = LINE('',#2985,#2986);
#2985 = CARTESIAN_POINT('',(7.345023114926,-0.95));
#2986 = VECTOR('',#2987,1.);
#2987 = DIRECTION('',(-1.,-0.));
#2988 = ( GEOMETRIC_REPRESENTATION_CONTEXT(2) 
PARAMETRIC_REPRESENTATION_CONTEXT() REPRESENTATION_CONTEXT('2D SPACE',''
  ) );
#2989 = ORIENTED_EDGE('',*,*,#775,.T.);
#2990 = ORIENTED_EDGE('',*,*,#745,.T.);
#2991 = ADVANCED_FACE('',(#2992),#1742,.T.);
#2992 = FACE_BOUND('',#2993,.F.);
#2993 = EDGE_LOOP('',(#2994,#2995,#2996,#2997));
#2994 = ORIENTED_EDGE('',*,*,#2469,.F.);
#2995 = ORIENTED_EDGE('',*,*,#1972,.T.);
#2996 = ORIENTED_EDGE('',*,*,#1663,.T.);
#2997 = ORIENTED_EDGE('',*,*,#2998,.F.);
#2998 = EDGE_CURVE('',#2470,#1560,#2999,.T.);
#2999 = SURFACE_CURVE('',#3000,(#3004,#3011),.PCURVE_S1.);
#3000 = LINE('',#3001,#3002);
#3001 = CARTESIAN_POINT('',(9.,0.,46.));
#3002 = VECTOR('',#3003,1.);
#3003 = DIRECTION('',(0.,0.,1.));
#3004 = PCURVE('',#1742,#3005);
#3005 = DEFINITIONAL_REPRESENTATION('',(#3006),#3010);
#3006 = LINE('',#3007,#3008);
#3007 = CARTESIAN_POINT('',(-6.28318530718,0.));
#3008 = VECTOR('',#3009,1.);
#3009 = DIRECTION('',(-0.,-1.));
#3010 = ( GEOMETRIC_REPRESENTATION_CONTEXT(2) 
PARAMETRIC_REPRESENTATION_CONTEXT() REPRESENTATION_CONTEXT('2D SPACE',''
  ) );
#3011 = PCURVE('',#1638,#3012);
#3012 = DEFINITIONAL_REPRESENTATION('',(#3013),#3017);
#3013 = LINE('',#3014,#3015);
#3014 = CARTESIAN_POINT('',(-0.,0.));
#3015 = VECTOR('',#3016,1.);
#3016 = DIRECTION('',(-0.,-1.));
#3017 = ( GEOMETRIC_REPRESENTATION_CONTEXT(2) 
PARAMETRIC_REPRESENTATION_CONTEXT() REPRESENTATION_CONTEXT('2D SPACE',''
  ) );
#3018 = ADVANCED_FACE('',(#3019),#1638,.T.);
#3019 = FACE_BOUND('',#3020,.F.);
#3020 = EDGE_LOOP('',(#3021,#3022,#3023,#3024));
#3021 = ORIENTED_EDGE('',*,*,#2570,.F.);
#3022 = ORIENTED_EDGE('',*,*,#2998,.T.);
#3023 = ORIENTED_EDGE('',*,*,#1559,.T.);
#3024 = ORIENTED_EDGE('',*,*,#3025,.F.);
#3025 = EDGE_CURVE('',#2571,#1462,#3026,.T.);
#3026 = SURFACE_CURVE('',#3027,(#3031,#3038),.PCURVE_S1.);
#3027 = LINE('',#3028,#3029);
#3028 = CARTESIAN_POINT('',(9.,0.,46.));
#3029 = VECTOR('',#3030,1.);
#3030 = DIRECTION('',(0.,0.,1.));
#3031 = PCURVE('',#1638,#3032);
#3032 = DEFINITIONAL_REPRESENTATION('',(#3033),#3037);
#3033 = LINE('',#3034,#3035);
#3034 = CARTESIAN_POINT('',(-6.28318530718,0.));
#3035 = VECTOR('',#3036,1.);
#3036 = DIRECTION('',(-0.,-1.));
#3037 = ( GEOMETRIC_REPRESENTATION_CONTEXT(2) 
PARAMETRIC_REPRESENTATION_CONTEXT() REPRESENTATION_CONTEXT('2D SPACE',''
  ) );
#3038 = PCURVE('',#1540,#3039);
#3039 = DEFINITIONAL_REPRESENTATION('',(#3040),#3044);
#3040 = LINE('',#3041,#3042);
#3041 = CARTESIAN_POINT('',(-0.,0.));
#3042 = VECTOR('',#3043,1.);
#3043 = DIRECTION('',(-0.,-1.));
#3044 = ( GEOMETRIC_REPRESENTATION_CONTEXT(2) 
PARAMETRIC_REPRESENTATION_CONTEXT() REPRESENTATION_CONTEXT('2D SPACE',''
  ) );
#3045 = ADVANCED_FACE('',(#3046),#1540,.T.);
#3046 = FACE_BOUND('',#3047,.F.);
#3047 = EDGE_LOOP('',(#3048,#3073,#3100,#3101,#3127,#3128,#3129,#3130));
#3048 = ORIENTED_EDGE('',*,*,#3049,.T.);
#3049 = EDGE_CURVE('',#3050,#3052,#3054,.T.);
#3050 = VERTEX_POINT('',#3051);
#3051 = CARTESIAN_POINT('',(9.,0.,56.9));
#3052 = VERTEX_POINT('',#3053);
#3053 = CARTESIAN_POINT('',(9.,0.,57.5));
#3054 = SEAM_CURVE('',#3055,(#3059,#3066),.PCURVE_S1.);
#3055 = LINE('',#3056,#3057);
#3056 = CARTESIAN_POINT('',(9.,0.,46.));
#3057 = VECTOR('',#3058,1.);
#3058 = DIRECTION('',(0.,0.,1.));
#3059 = PCURVE('',#1540,#3060);
#3060 = DEFINITIONAL_REPRESENTATION('',(#3061),#3065);
#3061 = LINE('',#3062,#3063);
#3062 = CARTESIAN_POINT('',(-0.,0.));
#3063 = VECTOR('',#3064,1.);
#3064 = DIRECTION('',(-0.,-1.));
#3065 = ( GEOMETRIC_REPRESENTATION_CONTEXT(2) 
PARAMETRIC_REPRESENTATION_CONTEXT() REPRESENTATION_CONTEXT('2D SPACE',''
  ) );
#3066 = PCURVE('',#1540,#3067);
#3067 = DEFINITIONAL_REPRESENTATION('',(#3068),#3072);
#3068 = LINE('',#3069,#3070);
#3069 = CARTESIAN_POINT('',(-6.28318530718,0.));
#3070 = VECTOR('',#3071,1.);
#3071 = DIRECTION('',(-0.,-1.));
#3072 = ( GEOMETRIC_REPRESENTATION_CONTEXT(2) 
PARAMETRIC_REPRESENTATION_CONTEXT() REPRESENTATION_CONTEXT('2D SPACE',''
  ) );
#3073 = ORIENTED_EDGE('',*,*,#3074,.T.);
#3074 = EDGE_CURVE('',#3052,#3052,#3075,.T.);
#3075 = SURFACE_CURVE('',#3076,(#3081,#3088),.PCURVE_S1.);
#3076 = CIRCLE('',#3077,9.);
#3077 = AXIS2_PLACEMENT_3D('',#3078,#3079,#3080);
#3078 = CARTESIAN_POINT('',(0.,0.,57.5));
#3079 = DIRECTION('',(0.,0.,1.));
#3080 = DIRECTION('',(1.,0.,-0.));
#3081 = PCURVE('',#1540,#3082);
#3082 = DEFINITIONAL_REPRESENTATION('',(#3083),#3087);
#3083 = LINE('',#3084,#3085);
#3084 = CARTESIAN_POINT('',(-0.,-11.5));
#3085 = VECTOR('',#3086,1.);
#3086 = DIRECTION('',(-1.,0.));
#3087 = ( GEOMETRIC_REPRESENTATION_CONTEXT(2) 
PARAMETRIC_REPRESENTATION_CONTEXT() REPRESENTATION_CONTEXT('2D SPACE',''
  ) );
#3088 = PCURVE('',#3089,#3094);
#3089 = CONICAL_SURFACE('',#3090,9.,0.785398163397);
#3090 = AXIS2_PLACEMENT_3D('',#3091,#3092,#3093);
#3091 = CARTESIAN_POINT('',(0.,0.,57.5));
#3092 = DIRECTION('',(-0.,-0.,-1.));
#3093 = DIRECTION('',(1.,0.,0.));
#3094 = DEFINITIONAL_REPRESENTATION('',(#3095),#3099);
#3095 = LINE('',#3096,#3097);
#3096 = CARTESIAN_POINT('',(-0.,-0.));
#3097 = VECTOR('',#3098,1.);
#3098 = DIRECTION('',(-1.,-0.));
#3099 = ( GEOMETRIC_REPRESENTATION_CONTEXT(2) 
PARAMETRIC_REPRESENTATION_CONTEXT() REPRESENTATION_CONTEXT('2D SPACE',''
  ) );
#3100 = ORIENTED_EDGE('',*,*,#3049,.F.);
#3101 = ORIENTED_EDGE('',*,*,#3102,.T.);
#3102 = EDGE_CURVE('',#3050,#2672,#3103,.T.);
#3103 = SURFACE_CURVE('',#3104,(#3109,#3116),.PCURVE_S1.);
#3104 = CIRCLE('',#3105,9.);
#3105 = AXIS2_PLACEMENT_3D('',#3106,#3107,#3108);
#3106 = CARTESIAN_POINT('',(0.,0.,56.9));
#3107 = DIRECTION('',(0.,0.,-1.));
#3108 = DIRECTION('',(1.,0.,0.));
#3109 = PCURVE('',#1540,#3110);
#3110 = DEFINITIONAL_REPRESENTATION('',(#3111),#3115);
#3111 = LINE('',#3112,#3113);
#3112 = CARTESIAN_POINT('',(-6.28318530718,-10.9));
#3113 = VECTOR('',#3114,1.);
#3114 = DIRECTION('',(1.,-0.));
#3115 = ( GEOMETRIC_REPRESENTATION_CONTEXT(2) 
PARAMETRIC_REPRESENTATION_CONTEXT() REPRESENTATION_CONTEXT('2D SPACE',''
  ) );
#3116 = PCURVE('',#1432,#3117);
#3117 = DEFINITIONAL_REPRESENTATION('',(#3118),#3126);
#3118 = ( BOUNDED_CURVE() B_SPLINE_CURVE(2,(#3119,#3120,#3121,#3122,
#3123,#3124,#3125),.UNSPECIFIED.,.T.,.F.) B_SPLINE_CURVE_WITH_KNOTS((1,2
    ,2,2,2,1),(-2.094395102393,0.,2.094395102393,4.188790204786,
6.28318530718,8.377580409573),.UNSPECIFIED.) CURVE() 
GEOMETRIC_REPRESENTATION_ITEM() RATIONAL_B_SPLINE_CURVE((1.,0.5,1.,0.5,
1.,0.5,1.)) REPRESENTATION_ITEM('') );
#3119 = CARTESIAN_POINT('',(9.,-6.857365063158E-16));
#3120 = CARTESIAN_POINT('',(9.,-15.58845726812));
#3121 = CARTESIAN_POINT('',(-4.5,-7.79422863406));
#3122 = CARTESIAN_POINT('',(-18.,-2.890100744781E-15));
#3123 = CARTESIAN_POINT('',(-4.5,7.79422863406));
#3124 = CARTESIAN_POINT('',(9.,15.58845726812));
#3125 = CARTESIAN_POINT('',(9.,-6.857365063158E-16));
#3126 = ( GEOMETRIC_REPRESENTATION_CONTEXT(2) 
PARAMETRIC_REPRESENTATION_CONTEXT() REPRESENTATION_CONTEXT('2D SPACE',''
  ) );
#3127 = ORIENTED_EDGE('',*,*,#2671,.F.);
#3128 = ORIENTED_EDGE('',*,*,#3025,.T.);
#3129 = ORIENTED_EDGE('',*,*,#1461,.T.);
#3130 = ORIENTED_EDGE('',*,*,#3131,.T.);
#3131 = EDGE_CURVE('',#1383,#3050,#3132,.T.);
#3132 = SURFACE_CURVE('',#3133,(#3138,#3145),.PCURVE_S1.);
#3133 = CIRCLE('',#3134,9.);
#3134 = AXIS2_PLACEMENT_3D('',#3135,#3136,#3137);
#3135 = CARTESIAN_POINT('',(0.,0.,56.9));
#3136 = DIRECTION('',(0.,0.,-1.));
#3137 = DIRECTION('',(1.,0.,0.));
#3138 = PCURVE('',#1540,#3139);
#3139 = DEFINITIONAL_REPRESENTATION('',(#3140),#3144);
#3140 = LINE('',#3141,#3142);
#3141 = CARTESIAN_POINT('',(-6.28318530718,-10.9));
#3142 = VECTOR('',#3143,1.);
#3143 = DIRECTION('',(1.,-0.));
#3144 = ( GEOMETRIC_REPRESENTATION_CONTEXT(2) 
PARAMETRIC_REPRESENTATION_CONTEXT() REPRESENTATION_CONTEXT('2D SPACE',''
  ) );
#3145 = PCURVE('',#1432,#3146);
#3146 = DEFINITIONAL_REPRESENTATION('',(#3147),#3155);
#3147 = ( BOUNDED_CURVE() B_SPLINE_CURVE(2,(#3148,#3149,#3150,#3151,
#3152,#3153,#3154),.UNSPECIFIED.,.T.,.F.) B_SPLINE_CURVE_WITH_KNOTS((1,2
    ,2,2,2,1),(-2.094395102393,0.,2.094395102393,4.188790204786,
6.28318530718,8.377580409573),.UNSPECIFIED.) CURVE() 
GEOMETRIC_REPRESENTATION_ITEM() RATIONAL_B_SPLINE_CURVE((1.,0.5,1.,0.5,
1.,0.5,1.)) REPRESENTATION_ITEM('') );
#3148 = CARTESIAN_POINT('',(9.,-6.857365063158E-16));
#3149 = CARTESIAN_POINT('',(9.,-15.58845726812));
#3150 = CARTESIAN_POINT('',(-4.5,-7.79422863406));
#3151 = CARTESIAN_POINT('',(-18.,-2.890100744781E-15));
#3152 = CARTESIAN_POINT('',(-4.5,7.79422863406));
#3153 = CARTESIAN_POINT('',(9.,15.58845726812));
#3154 = CARTESIAN_POINT('',(9.,-6.857365063158E-16));
#3155 = ( GEOMETRIC_REPRESENTATION_CONTEXT(2) 
PARAMETRIC_REPRESENTATION_CONTEXT() REPRESENTATION_CONTEXT('2D SPACE',''
  ) );
#3156 = ADVANCED_FACE('',(#3157),#886,.T.);
#3157 = FACE_BOUND('',#3158,.F.);
#3158 = EDGE_LOOP('',(#3159,#3160,#3161,#3183));
#3159 = ORIENTED_EDGE('',*,*,#2964,.T.);
#3160 = ORIENTED_EDGE('',*,*,#2068,.T.);
#3161 = ORIENTED_EDGE('',*,*,#3162,.T.);
#3162 = EDGE_CURVE('',#1997,#841,#3163,.T.);
#3163 = SURFACE_CURVE('',#3164,(#3169,#3176),.PCURVE_S1.);
#3164 = CIRCLE('',#3165,10.);
#3165 = AXIS2_PLACEMENT_3D('',#3166,#3167,#3168);
#3166 = CARTESIAN_POINT('',(0.,0.,47.05));
#3167 = DIRECTION('',(0.,0.,1.));
#3168 = DIRECTION('',(1.,0.,-0.));
#3169 = PCURVE('',#886,#3170);
#3170 = DEFINITIONAL_REPRESENTATION('',(#3171),#3175);
#3171 = LINE('',#3172,#3173);
#3172 = CARTESIAN_POINT('',(6.28318530718,-0.));
#3173 = VECTOR('',#3174,1.);
#3174 = DIRECTION('',(1.,-0.));
#3175 = ( GEOMETRIC_REPRESENTATION_CONTEXT(2) 
PARAMETRIC_REPRESENTATION_CONTEXT() REPRESENTATION_CONTEXT('2D SPACE',''
  ) );
#3176 = PCURVE('',#976,#3177);
#3177 = DEFINITIONAL_REPRESENTATION('',(#3178),#3182);
#3178 = B_SPLINE_CURVE_WITH_KNOTS('',2,(#3179,#3180,#3181),
  .UNSPECIFIED.,.F.,.F.,(3,3),(0.628317188864,2.136285784216),
  .PIECEWISE_BEZIER_KNOTS.);
#3179 = CARTESIAN_POINT('',(0.6,7.438505739381));
#3180 = CARTESIAN_POINT('',(0.299997180097,8.249986691683));
#3181 = CARTESIAN_POINT('',(8.617117504068E-11,9.061452639996));
#3182 = ( GEOMETRIC_REPRESENTATION_CONTEXT(2) 
PARAMETRIC_REPRESENTATION_CONTEXT() REPRESENTATION_CONTEXT('2D SPACE',''
  ) );
#3183 = ORIENTED_EDGE('',*,*,#840,.T.);
#3184 = ADVANCED_FACE('',(#3185),#976,.F.);
#3185 = FACE_BOUND('',#3186,.F.);
#3186 = EDGE_LOOP('',(#3187,#3188,#3189,#3190));
#3187 = ORIENTED_EDGE('',*,*,#913,.T.);
#3188 = ORIENTED_EDGE('',*,*,#3162,.F.);
#3189 = ORIENTED_EDGE('',*,*,#1996,.T.);
#3190 = ORIENTED_EDGE('',*,*,#3191,.T.);
#3191 = EDGE_CURVE('',#1999,#914,#3192,.T.);
#3192 = SURFACE_CURVE('',#3193,(#3198,#3205),.PCURVE_S1.);
#3193 = CIRCLE('',#3194,10.);
#3194 = AXIS2_PLACEMENT_3D('',#3195,#3196,#3197);
#3195 = CARTESIAN_POINT('',(0.,0.,55.95));
#3196 = DIRECTION('',(0.,0.,1.));
#3197 = DIRECTION('',(1.,0.,-0.));
#3198 = PCURVE('',#976,#3199);
#3199 = DEFINITIONAL_REPRESENTATION('',(#3200),#3204);
#3200 = B_SPLINE_CURVE_WITH_KNOTS('',2,(#3201,#3202,#3203),
  .UNSPECIFIED.,.F.,.F.,(3,3),(4.146897159885,5.654865754818),
  .PIECEWISE_BEZIER_KNOTS.);
#3201 = CARTESIAN_POINT('',(0.599999999867,31.51221896786));
#3202 = CARTESIAN_POINT('',(0.300002820097,32.323684915918));
#3203 = CARTESIAN_POINT('',(0.,33.135165868001));
#3204 = ( GEOMETRIC_REPRESENTATION_CONTEXT(2) 
PARAMETRIC_REPRESENTATION_CONTEXT() REPRESENTATION_CONTEXT('2D SPACE',''
  ) );
#3205 = PCURVE('',#1282,#3206);
#3206 = DEFINITIONAL_REPRESENTATION('',(#3207),#3211);
#3207 = LINE('',#3208,#3209);
#3208 = CARTESIAN_POINT('',(-0.,-0.));
#3209 = VECTOR('',#3210,1.);
#3210 = DIRECTION('',(-1.,-0.));
#3211 = ( GEOMETRIC_REPRESENTATION_CONTEXT(2) 
PARAMETRIC_REPRESENTATION_CONTEXT() REPRESENTATION_CONTEXT('2D SPACE',''
  ) );
#3212 = ADVANCED_FACE('',(#3213),#1282,.T.);
#3213 = FACE_BOUND('',#3214,.T.);
#3214 = EDGE_LOOP('',(#3215,#3216,#3238,#3239));
#3215 = ORIENTED_EDGE('',*,*,#1116,.F.);
#3216 = ORIENTED_EDGE('',*,*,#3217,.F.);
#3217 = EDGE_CURVE('',#2769,#1117,#3218,.T.);
#3218 = SURFACE_CURVE('',#3219,(#3224,#3231),.PCURVE_S1.);
#3219 = CIRCLE('',#3220,9.05);
#3220 = AXIS2_PLACEMENT_3D('',#3221,#3222,#3223);
#3221 = CARTESIAN_POINT('',(0.,0.,56.9));
#3222 = DIRECTION('',(0.,0.,1.));
#3223 = DIRECTION('',(0.487268864308,-0.873251999068,0.));
#3224 = PCURVE('',#1282,#3225);
#3225 = DEFINITIONAL_REPRESENTATION('',(#3226),#3230);
#3226 = LINE('',#3227,#3228);
#3227 = CARTESIAN_POINT('',(-5.221348448529,-0.95));
#3228 = VECTOR('',#3229,1.);
#3229 = DIRECTION('',(-1.,-0.));
#3230 = ( GEOMETRIC_REPRESENTATION_CONTEXT(2) 
PARAMETRIC_REPRESENTATION_CONTEXT() REPRESENTATION_CONTEXT('2D SPACE',''
  ) );
#3231 = PCURVE('',#1432,#3232);
#3232 = DEFINITIONAL_REPRESENTATION('',(#3233),#3237);
#3233 = CIRCLE('',#3234,9.05);
#3234 = AXIS2_PLACEMENT_2D('',#3235,#3236);
#3235 = CARTESIAN_POINT('',(5.469760530158E-16,-6.857365063158E-16));
#3236 = DIRECTION('',(0.487268864308,-0.873251999068));
#3237 = ( GEOMETRIC_REPRESENTATION_CONTEXT(2) 
PARAMETRIC_REPRESENTATION_CONTEXT() REPRESENTATION_CONTEXT('2D SPACE',''
  ) );
#3238 = ORIENTED_EDGE('',*,*,#2893,.T.);
#3239 = ORIENTED_EDGE('',*,*,#3191,.T.);
#3240 = ADVANCED_FACE('',(#3241),#1432,.T.);
#3241 = FACE_BOUND('',#3242,.T.);
#3242 = EDGE_LOOP('',(#3243,#3244,#3245,#3246,#3247));
#3243 = ORIENTED_EDGE('',*,*,#2768,.T.);
#3244 = ORIENTED_EDGE('',*,*,#3217,.T.);
#3245 = ORIENTED_EDGE('',*,*,#1382,.T.);
#3246 = ORIENTED_EDGE('',*,*,#3131,.T.);
#3247 = ORIENTED_EDGE('',*,*,#3102,.T.);
#3248 = ADVANCED_FACE('',(#3249),#3089,.T.);
#3249 = FACE_BOUND('',#3250,.T.);
#3250 = EDGE_LOOP('',(#3251,#3274,#3275,#3276));
#3251 = ORIENTED_EDGE('',*,*,#3252,.F.);
#3252 = EDGE_CURVE('',#3052,#3253,#3255,.T.);
#3253 = VERTEX_POINT('',#3254);
#3254 = CARTESIAN_POINT('',(8.5,0.,58.));
#3255 = SEAM_CURVE('',#3256,(#3260,#3267),.PCURVE_S1.);
#3256 = LINE('',#3257,#3258);
#3257 = CARTESIAN_POINT('',(9.,0.,57.5));
#3258 = VECTOR('',#3259,1.);
#3259 = DIRECTION('',(-0.707106781187,0.,0.707106781187));
#3260 = PCURVE('',#3089,#3261);
#3261 = DEFINITIONAL_REPRESENTATION('',(#3262),#3266);
#3262 = LINE('',#3263,#3264);
#3263 = CARTESIAN_POINT('',(-0.,-0.));
#3264 = VECTOR('',#3265,1.);
#3265 = DIRECTION('',(-0.,-1.));
#3266 = ( GEOMETRIC_REPRESENTATION_CONTEXT(2) 
PARAMETRIC_REPRESENTATION_CONTEXT() REPRESENTATION_CONTEXT('2D SPACE',''
  ) );
#3267 = PCURVE('',#3089,#3268);
#3268 = DEFINITIONAL_REPRESENTATION('',(#3269),#3273);
#3269 = LINE('',#3270,#3271);
#3270 = CARTESIAN_POINT('',(-6.28318530718,-0.));
#3271 = VECTOR('',#3272,1.);
#3272 = DIRECTION('',(-0.,-1.));
#3273 = ( GEOMETRIC_REPRESENTATION_CONTEXT(2) 
PARAMETRIC_REPRESENTATION_CONTEXT() REPRESENTATION_CONTEXT('2D SPACE',''
  ) );
#3274 = ORIENTED_EDGE('',*,*,#3074,.T.);
#3275 = ORIENTED_EDGE('',*,*,#3252,.T.);
#3276 = ORIENTED_EDGE('',*,*,#3277,.F.);
#3277 = EDGE_CURVE('',#3253,#3253,#3278,.T.);
#3278 = SURFACE_CURVE('',#3279,(#3284,#3291),.PCURVE_S1.);
#3279 = CIRCLE('',#3280,8.5);
#3280 = AXIS2_PLACEMENT_3D('',#3281,#3282,#3283);
#3281 = CARTESIAN_POINT('',(0.,0.,58.));
#3282 = DIRECTION('',(0.,0.,1.));
#3283 = DIRECTION('',(1.,0.,-0.));
#3284 = PCURVE('',#3089,#3285);
#3285 = DEFINITIONAL_REPRESENTATION('',(#3286),#3290);
#3286 = LINE('',#3287,#3288);
#3287 = CARTESIAN_POINT('',(-0.,-0.5));
#3288 = VECTOR('',#3289,1.);
#3289 = DIRECTION('',(-1.,-0.));
#3290 = ( GEOMETRIC_REPRESENTATION_CONTEXT(2) 
PARAMETRIC_REPRESENTATION_CONTEXT() REPRESENTATION_CONTEXT('2D SPACE',''
  ) );
#3291 = PCURVE('',#3292,#3297);
#3292 = PLANE('',#3293);
#3293 = AXIS2_PLACEMENT_3D('',#3294,#3295,#3296);
#3294 = CARTESIAN_POINT('',(-3.038755850088E-16,2.403571302733E-16,58.)
  );
#3295 = DIRECTION('',(0.,0.,1.));
#3296 = DIRECTION('',(1.,0.,-0.));
#3297 = DEFINITIONAL_REPRESENTATION('',(#3298),#3302);
#3298 = CIRCLE('',#3299,8.5);
#3299 = AXIS2_PLACEMENT_2D('',#3300,#3301);
#3300 = CARTESIAN_POINT('',(3.038755850088E-16,-2.403571302733E-16));
#3301 = DIRECTION('',(1.,0.));
#3302 = ( GEOMETRIC_REPRESENTATION_CONTEXT(2) 
PARAMETRIC_REPRESENTATION_CONTEXT() REPRESENTATION_CONTEXT('2D SPACE',''
  ) );
#3303 = ADVANCED_FACE('',(#3304,#3307),#3292,.T.);
#3304 = FACE_BOUND('',#3305,.T.);
#3305 = EDGE_LOOP('',(#3306));
#3306 = ORIENTED_EDGE('',*,*,#3277,.T.);
#3307 = FACE_BOUND('',#3308,.T.);
#3308 = EDGE_LOOP('',(#3309));
#3309 = ORIENTED_EDGE('',*,*,#3310,.F.);
#3310 = EDGE_CURVE('',#3311,#3311,#3313,.T.);
#3311 = VERTEX_POINT('',#3312);
#3312 = CARTESIAN_POINT('',(8.25,0.,58.));
#3313 = SURFACE_CURVE('',#3314,(#3319,#3326),.PCURVE_S1.);
#3314 = CIRCLE('',#3315,8.25);
#3315 = AXIS2_PLACEMENT_3D('',#3316,#3317,#3318);
#3316 = CARTESIAN_POINT('',(0.,0.,58.));
#3317 = DIRECTION('',(0.,0.,1.));
#3318 = DIRECTION('',(1.,0.,-0.));
#3319 = PCURVE('',#3292,#3320);
#3320 = DEFINITIONAL_REPRESENTATION('',(#3321),#3325);
#3321 = CIRCLE('',#3322,8.25);
#3322 = AXIS2_PLACEMENT_2D('',#3323,#3324);
#3323 = CARTESIAN_POINT('',(3.038755850088E-16,-2.403571302733E-16));
#3324 = DIRECTION('',(1.,0.));
#3325 = ( GEOMETRIC_REPRESENTATION_CONTEXT(2) 
PARAMETRIC_REPRESENTATION_CONTEXT() REPRESENTATION_CONTEXT('2D SPACE',''
  ) );
#3326 = PCURVE('',#3327,#3332);
#3327 = CONICAL_SURFACE('',#3328,7.75,0.785398163397);
#3328 = AXIS2_PLACEMENT_3D('',#3329,#3330,#3331);
#3329 = CARTESIAN_POINT('',(0.,0.,57.5));
#3330 = DIRECTION('',(0.,0.,1.));
#3331 = DIRECTION('',(1.,0.,-0.));
#3332 = DEFINITIONAL_REPRESENTATION('',(#3333),#3337);
#3333 = LINE('',#3334,#3335);
#3334 = CARTESIAN_POINT('',(-0.,0.5));
#3335 = VECTOR('',#3336,1.);
#3336 = DIRECTION('',(1.,-0.));
#3337 = ( GEOMETRIC_REPRESENTATION_CONTEXT(2) 
PARAMETRIC_REPRESENTATION_CONTEXT() REPRESENTATION_CONTEXT('2D SPACE',''
  ) );
#3338 = ADVANCED_FACE('',(#3339),#3327,.F.);
#3339 = FACE_BOUND('',#3340,.T.);
#3340 = EDGE_LOOP('',(#3341,#3364,#3365,#3366));
#3341 = ORIENTED_EDGE('',*,*,#3342,.F.);
#3342 = EDGE_CURVE('',#3311,#3343,#3345,.T.);
#3343 = VERTEX_POINT('',#3344);
#3344 = CARTESIAN_POINT('',(7.75,0.,57.5));
#3345 = SEAM_CURVE('',#3346,(#3350,#3357),.PCURVE_S1.);
#3346 = LINE('',#3347,#3348);
#3347 = CARTESIAN_POINT('',(7.75,0.,57.5));
#3348 = VECTOR('',#3349,1.);
#3349 = DIRECTION('',(-0.707106781187,-0.,-0.707106781187));
#3350 = PCURVE('',#3327,#3351);
#3351 = DEFINITIONAL_REPRESENTATION('',(#3352),#3356);
#3352 = LINE('',#3353,#3354);
#3353 = CARTESIAN_POINT('',(0.,-0.));
#3354 = VECTOR('',#3355,1.);
#3355 = DIRECTION('',(0.,-1.));
#3356 = ( GEOMETRIC_REPRESENTATION_CONTEXT(2) 
PARAMETRIC_REPRESENTATION_CONTEXT() REPRESENTATION_CONTEXT('2D SPACE',''
  ) );
#3357 = PCURVE('',#3327,#3358);
#3358 = DEFINITIONAL_REPRESENTATION('',(#3359),#3363);
#3359 = LINE('',#3360,#3361);
#3360 = CARTESIAN_POINT('',(6.28318530718,-0.));
#3361 = VECTOR('',#3362,1.);
#3362 = DIRECTION('',(0.,-1.));
#3363 = ( GEOMETRIC_REPRESENTATION_CONTEXT(2) 
PARAMETRIC_REPRESENTATION_CONTEXT() REPRESENTATION_CONTEXT('2D SPACE',''
  ) );
#3364 = ORIENTED_EDGE('',*,*,#3310,.T.);
#3365 = ORIENTED_EDGE('',*,*,#3342,.T.);
#3366 = ORIENTED_EDGE('',*,*,#3367,.F.);
#3367 = EDGE_CURVE('',#3343,#3343,#3368,.T.);
#3368 = SURFACE_CURVE('',#3369,(#3374,#3381),.PCURVE_S1.);
#3369 = CIRCLE('',#3370,7.75);
#3370 = AXIS2_PLACEMENT_3D('',#3371,#3372,#3373);
#3371 = CARTESIAN_POINT('',(0.,0.,57.5));
#3372 = DIRECTION('',(0.,0.,1.));
#3373 = DIRECTION('',(1.,0.,-0.));
#3374 = PCURVE('',#3327,#3375);
#3375 = DEFINITIONAL_REPRESENTATION('',(#3376),#3380);
#3376 = LINE('',#3377,#3378);
#3377 = CARTESIAN_POINT('',(0.,-0.));
#3378 = VECTOR('',#3379,1.);
#3379 = DIRECTION('',(1.,-0.));
#3380 = ( GEOMETRIC_REPRESENTATION_CONTEXT(2) 
PARAMETRIC_REPRESENTATION_CONTEXT() REPRESENTATION_CONTEXT('2D SPACE',''
  ) );
#3381 = PCURVE('',#3382,#3387);
#3382 = CYLINDRICAL_SURFACE('',#3383,7.75);
#3383 = AXIS2_PLACEMENT_3D('',#3384,#3385,#3386);
#3384 = CARTESIAN_POINT('',(0.,0.,58.));
#3385 = DIRECTION('',(0.,0.,1.));
#3386 = DIRECTION('',(1.,0.,0.));
#3387 = DEFINITIONAL_REPRESENTATION('',(#3388),#3392);
#3388 = LINE('',#3389,#3390);
#3389 = CARTESIAN_POINT('',(0.,-0.5));
#3390 = VECTOR('',#3391,1.);
#3391 = DIRECTION('',(1.,0.));
#3392 = ( GEOMETRIC_REPRESENTATION_CONTEXT(2) 
PARAMETRIC_REPRESENTATION_CONTEXT() REPRESENTATION_CONTEXT('2D SPACE',''
  ) );
#3393 = ADVANCED_FACE('',(#3394),#3382,.F.);
#3394 = FACE_BOUND('',#3395,.F.);
#3395 = EDGE_LOOP('',(#3396,#3419,#3446,#3447));
#3396 = ORIENTED_EDGE('',*,*,#3397,.T.);
#3397 = EDGE_CURVE('',#3343,#3398,#3400,.T.);
#3398 = VERTEX_POINT('',#3399);
#3399 = CARTESIAN_POINT('',(7.75,0.,1.8));
#3400 = SEAM_CURVE('',#3401,(#3405,#3412),.PCURVE_S1.);
#3401 = LINE('',#3402,#3403);
#3402 = CARTESIAN_POINT('',(7.75,0.,58.));
#3403 = VECTOR('',#3404,1.);
#3404 = DIRECTION('',(-0.,-0.,-1.));
#3405 = PCURVE('',#3382,#3406);
#3406 = DEFINITIONAL_REPRESENTATION('',(#3407),#3411);
#3407 = LINE('',#3408,#3409);
#3408 = CARTESIAN_POINT('',(0.,0.));
#3409 = VECTOR('',#3410,1.);
#3410 = DIRECTION('',(0.,-1.));
#3411 = ( GEOMETRIC_REPRESENTATION_CONTEXT(2) 
PARAMETRIC_REPRESENTATION_CONTEXT() REPRESENTATION_CONTEXT('2D SPACE',''
  ) );
#3412 = PCURVE('',#3382,#3413);
#3413 = DEFINITIONAL_REPRESENTATION('',(#3414),#3418);
#3414 = LINE('',#3415,#3416);
#3415 = CARTESIAN_POINT('',(6.28318530718,0.));
#3416 = VECTOR('',#3417,1.);
#3417 = DIRECTION('',(0.,-1.));
#3418 = ( GEOMETRIC_REPRESENTATION_CONTEXT(2) 
PARAMETRIC_REPRESENTATION_CONTEXT() REPRESENTATION_CONTEXT('2D SPACE',''
  ) );
#3419 = ORIENTED_EDGE('',*,*,#3420,.T.);
#3420 = EDGE_CURVE('',#3398,#3398,#3421,.T.);
#3421 = SURFACE_CURVE('',#3422,(#3427,#3434),.PCURVE_S1.);
#3422 = CIRCLE('',#3423,7.75);
#3423 = AXIS2_PLACEMENT_3D('',#3424,#3425,#3426);
#3424 = CARTESIAN_POINT('',(0.,0.,1.8));
#3425 = DIRECTION('',(0.,0.,1.));
#3426 = DIRECTION('',(1.,0.,0.));
#3427 = PCURVE('',#3382,#3428);
#3428 = DEFINITIONAL_REPRESENTATION('',(#3429),#3433);
#3429 = LINE('',#3430,#3431);
#3430 = CARTESIAN_POINT('',(0.,-56.2));
#3431 = VECTOR('',#3432,1.);
#3432 = DIRECTION('',(1.,0.));
#3433 = ( GEOMETRIC_REPRESENTATION_CONTEXT(2) 
PARAMETRIC_REPRESENTATION_CONTEXT() REPRESENTATION_CONTEXT('2D SPACE',''
  ) );
#3434 = PCURVE('',#3435,#3440);
#3435 = PLANE('',#3436);
#3436 = AXIS2_PLACEMENT_3D('',#3437,#3438,#3439);
#3437 = CARTESIAN_POINT('',(-3.528877761392E-16,3.894084624987E-16,1.8)
  );
#3438 = DIRECTION('',(0.,0.,1.));
#3439 = DIRECTION('',(1.,0.,-0.));
#3440 = DEFINITIONAL_REPRESENTATION('',(#3441),#3445);
#3441 = CIRCLE('',#3442,7.75);
#3442 = AXIS2_PLACEMENT_2D('',#3443,#3444);
#3443 = CARTESIAN_POINT('',(3.528877761392E-16,-3.894084624987E-16));
#3444 = DIRECTION('',(1.,0.));
#3445 = ( GEOMETRIC_REPRESENTATION_CONTEXT(2) 
PARAMETRIC_REPRESENTATION_CONTEXT() REPRESENTATION_CONTEXT('2D SPACE',''
  ) );
#3446 = ORIENTED_EDGE('',*,*,#3397,.F.);
#3447 = ORIENTED_EDGE('',*,*,#3367,.F.);
#3448 = ADVANCED_FACE('',(#3449),#3435,.T.);
#3449 = FACE_BOUND('',#3450,.T.);
#3450 = EDGE_LOOP('',(#3451));
#3451 = ORIENTED_EDGE('',*,*,#3420,.T.);
#3452 = ( GEOMETRIC_REPRESENTATION_CONTEXT(3) 
GLOBAL_UNCERTAINTY_ASSIGNED_CONTEXT((#3456)) 
GLOBAL_UNIT_ASSIGNED_CONTEXT((#3453,#3454,#3455)) REPRESENTATION_CONTEXT
('Context #1','3D Context with UNIT and UNCERTAINTY') );
#3453 = ( LENGTH_UNIT() NAMED_UNIT(*) SI_UNIT(.MILLI.,.METRE.) );
#3454 = ( NAMED_UNIT(*) PLANE_ANGLE_UNIT() SI_UNIT($,.RADIAN.) );
#3455 = ( NAMED_UNIT(*) SI_UNIT($,.STERADIAN.) SOLID_ANGLE_UNIT() );
#3456 = UNCERTAINTY_MEASURE_WITH_UNIT(LENGTH_MEASURE(5.E-05),#3453,
  'distance_accuracy_value','confusion accuracy');
#3457 = PRODUCT_RELATED_PRODUCT_CATEGORY('part',$,(#7));
ENDSEC;
END-ISO-10303-21;
